Starting >>> minidog_cmd_mux
Starting >>> minidog_explore
Starting >>> rf2o_laser_odometry
Starting >>> minidog_scan_odom
Finished <<< minidog_explore [2.17s]
Finished <<< minidog_scan_odom [2.17s]
Finished <<< minidog_cmd_mux [2.21s]
[Processing: rf2o_laser_odometry]
Finished <<< rf2o_laser_odometry [32.3s]
Starting >>> minidog_sim
Finished <<< minidog_sim [2.70s]

Summary: 5 packages finished [35.3s]
[INFO] [launch]: All log files can be found below /home/jjon/.ros/log/2026-02-14-20-16-30-588664-DESKTOP-B3FAJ1N-38744
[INFO] [launch]: Default logging verbosity is set to INFO
[INFO] [bash-1]: process started with pid [38745]
[ERROR] [bash-1]: process has died [pid 38745, exit code -9, cmd 'bash -lc for i in 1 2; do   pkill -9 -f '[p]arameter_bridge' || true;   pkill -9 -f '[i]gn gazebo' || true;   pkill -9 -f 'g[z] sim' || true;   pkill -9 -f '[r]viz2' || true;   pkill -9 -f '[r]obot_state_publisher' || true;   pkill -9 -f '[a]sync_slam_toolbox_node' || true;   pkill -9 -f '[s]lam_toolbox' || true;   pkill -9 -f '[c]ontroller_server' || true;   pkill -9 -f '[p]lanner_server' || true;   pkill -9 -f '[b]t_navigator' || true;   pkill -9 -f '[b]ehavior_server' || true;   pkill -9 -f '[w]aypoint_follower' || true;   pkill -9 -f '[l]ifecycle_manager' || true;   pkill -9 -f '[s]tatic_transform_publisher' || true;   pkill -9 -f '[r]f2o_laser_odometry' || true;   pkill -9 -f '[l]aser_scan_matcher' || true;   pkill -9 -f '[s]can_odom' || true;   pkill -9 -f '[c]md_vel_mux' || true;   pkill -9 -f '[f]rontier_explore' || true;   pkill -9 -f '[s]treamlit' || true;   pkill -9 -f '[r]qt' || true;   [ $i -eq 1 ] && sleep 1; done; rm -f /dev/shm/fastrtps_* /dev/shm/sem.fastrtps_* 2>/dev/null || true'].
[INFO] [ign-2]: process started with pid [38759]
[INFO] [parameter_bridge-3]: process started with pid [38761]
[ign-2] QStandardPaths: wrong permissions on runtime directory /run/user/1000/, 0755 instead of 0700
[INFO] [scan_filter.py-4]: process started with pid [38817]
[INFO] [rf2o_laser_odometry_node-5]: process started with pid [38819]
[rf2o_laser_odometry_node-5] [WARN] [1771096591.249776861] [rcl.logging_rosout]: Publisher already registered for provided node name. If this is due to multiple nodes with the same name then all logs for that logger name will go out over the existing publisher. As soon as any node with that name is destructed it will unregister the publisher, preventing any further logs for that name from being published on the rosout topic.
[rf2o_laser_odometry_node-5] [INFO] [1771096591.257983691] [rf2o_laser_odometry]: Initializing RF2O node...
[rf2o_laser_odometry_node-5] [WARN] [1771096591.267143081] [rf2o_laser_odometry]: Waiting for laser_scans....
[ign-2] [1;33m[GUI] [Wrn] [Application.cc:797] [0m[1;33m[QT] qrc:/qml/StyleDialog.qml:112:3: QML Connections: Implicitly defined onFoo properties in Connections are deprecated. Use this syntax instead: function onFoo(<arguments>) { ... }[0m[1;33m[0m
[ign-2] [1;33m[GUI] [Wrn] [Application.cc:797] [0m[1;33m[QT] qrc:/qml/StyleDialog.qml:105:3: QML Connections: Implicitly defined onFoo properties in Connections are deprecated. Use this syntax instead: function onFoo(<arguments>) { ... }[0m[1;33m[0m
[ign-2] [1;33m[GUI] [Wrn] [Application.cc:797] [0m[1;33m[QT] qrc:/qml/StyleDialog.qml:98:3: QML Connections: Implicitly defined onFoo properties in Connections are deprecated. Use this syntax instead: function onFoo(<arguments>) { ... }[0m[1;33m[0m
[ign-2] [1;33m[GUI] [Wrn] [Application.cc:797] [0m[1;33m[QT] qrc:qml/Main.qml:102:3: QML Connections: Implicitly defined onFoo properties in Connections are deprecated. Use this syntax instead: function onFoo(<arguments>) { ... }[0m[1;33m[0m
[ign-2] [1;33m[GUI] [Wrn] [Application.cc:797] [0m[1;33m[QT] qrc:/qml/PluginMenu.qml:27:3: QML Connections: Implicitly defined onFoo properties in Connections are deprecated. Use this syntax instead: function onFoo(<arguments>) { ... }[0m[1;33m[0m
[ign-2] [1;33m[GUI] [Wrn] [Application.cc:797] [0m[1;33m[QT] file::/Gazebo/GazeboDrawer.qml:242:3: QML Connections: Implicitly defined onFoo properties in Connections are deprecated. Use this syntax instead: function onFoo(<arguments>) { ... }[0m[1;33m[0m
[rf2o_laser_odometry_node-5] [WARN] [1771096591.317248871] [rf2o_laser_odometry]: Waiting for laser_scans....
[rf2o_laser_odometry_node-5] [WARN] [1771096591.367260881] [rf2o_laser_odometry]: Waiting for laser_scans....
[rf2o_laser_odometry_node-5] [WARN] [1771096591.417189551] [rf2o_laser_odometry]: Waiting for laser_scans....
[rf2o_laser_odometry_node-5] [WARN] [1771096591.467142881] [rf2o_laser_odometry]: Waiting for laser_scans....
[rf2o_laser_odometry_node-5] [WARN] [1771096591.517195031] [rf2o_laser_odometry]: Waiting for laser_scans....
[rf2o_laser_odometry_node-5] [WARN] [1771096591.567190841] [rf2o_laser_odometry]: Waiting for laser_scans....
[ign-2] [1;33m[GUI] [Wrn] [Application.cc:797] [0m[1;33m[QT] file::/EntityContextMenuPlugin/EntityContextMenuPlugin.qml:57:5: QML Connections: Implicitly defined onFoo properties in Connections are deprecated. Use this syntax instead: function onFoo(<arguments>) { ... }[0m[1;33m[0m
[ign-2] [1;33m[GUI] [Wrn] [Application.cc:797] [0m[1;33m[QT] file::/EntityContextMenuPlugin/EntityContextMenuPlugin.qml:52:3: QML RenderWindowOverlay: Detected anchors on an item that is managed by a layout. This is undefined behavior; use Layout.alignment instead.[0m[1;33m[0m
[ign-2] [1;33m[GUI] [Wrn] [Application.cc:797] [0m[1;33m[QT] file::/EntityContextMenuPlugin/EntityContextMenuPlugin.qml:67:3: QML EntityContextMenu: Detected anchors on an item that is managed by a layout. This is undefined behavior; use Layout.alignment instead.[0m[1;33m[0m
[rf2o_laser_odometry_node-5] [WARN] [1771096591.617109791] [rf2o_laser_odometry]: Waiting for laser_scans....
[ign-2] [1;33m[GUI] [Wrn] [Application.cc:797] [0m[1;33m[QT] file::/EntityContextMenuPlugin/EntityContextMenuPlugin.qml:52:3: QML RenderWindowOverlay: Detected anchors on an item that is managed by a layout. This is undefined behavior; use Layout.alignment instead.[0m[1;33m[0m
[ign-2] [1;33m[GUI] [Wrn] [Application.cc:797] [0m[1;33m[QT] file::/EntityContextMenuPlugin/EntityContextMenuPlugin.qml:67:3: QML EntityContextMenu: Detected anchors on an item that is managed by a layout. This is undefined behavior; use Layout.alignment instead.[0m[1;33m[0m
[ign-2] [1;33m[GUI] [Wrn] [Application.cc:797] [0m[1;33m[QT] file::/EntityContextMenuPlugin/EntityContextMenuPlugin.qml:52:3: QML RenderWindowOverlay: Detected anchors on an item that is managed by a layout. This is undefined behavior; use Layout.alignment instead.[0m[1;33m[0m
[ign-2] [1;33m[GUI] [Wrn] [Application.cc:797] [0m[1;33m[QT] file::/EntityContextMenuPlugin/EntityContextMenuPlugin.qml:67:3: QML EntityContextMenu: Detected anchors on an item that is managed by a layout. This is undefined behavior; use Layout.alignment instead.[0m[1;33m[0m
[ign-2] [1;33m[GUI] [Wrn] [Application.cc:797] [0m[1;33m[QT] file::/EntityContextMenuPlugin/EntityContextMenuPlugin.qml:52:3: QML RenderWindowOverlay: Detected anchors on an item that is managed by a layout. This is undefined behavior; use Layout.alignment instead.[0m[1;33m[0m
[ign-2] [1;33m[GUI] [Wrn] [Application.cc:797] [0m[1;33m[QT] file::/EntityContextMenuPlugin/EntityContextMenuPlugin.qml:67:3: QML EntityContextMenu: Detected anchors on an item that is managed by a layout. This is undefined behavior; use Layout.alignment instead.[0m[1;33m[0m
[ign-2] [1;33m[GUI] [Wrn] [Application.cc:797] [0m[1;33m[QT] file::/EntityContextMenuPlugin/EntityContextMenuPlugin.qml:52:3: QML RenderWindowOverlay: Detected anchors on an item that is managed by a layout. This is undefined behavior; use Layout.alignment instead.[0m[1;33m[0m
[ign-2] [1;33m[GUI] [Wrn] [Application.cc:797] [0m[1;33m[QT] file::/EntityContextMenuPlugin/EntityContextMenuPlugin.qml:67:3: QML EntityContextMenu: Detected anchors on an item that is managed by a layout. This is undefined behavior; use Layout.alignment instead.[0m[1;33m[0m
[ign-2] [1;33m[GUI] [Wrn] [Application.cc:797] [0m[1;33m[QT] file::/EntityContextMenuPlugin/EntityContextMenuPlugin.qml:52:3: QML RenderWindowOverlay: Detected anchors on an item that is managed by a layout. This is undefined behavior; use Layout.alignment instead.[0m[1;33m[0m
[ign-2] [1;33m[GUI] [Wrn] [Application.cc:797] [0m[1;33m[QT] file::/EntityContextMenuPlugin/EntityContextMenuPlugin.qml:67:3: QML EntityContextMenu: Detected anchors on an item that is managed by a layout. This is undefined behavior; use Layout.alignment instead.[0m[1;33m[0m
[rf2o_laser_odometry_node-5] [WARN] [1771096591.667191101] [rf2o_laser_odometry]: Waiting for laser_scans....
[INFO] [odom_stabilizer.py-6]: process started with pid [38855]
[rf2o_laser_odometry_node-5] [WARN] [1771096591.717173681] [rf2o_laser_odometry]: Waiting for laser_scans....
[ign-2] [1;33m[GUI] [Wrn] [Application.cc:797] [0m[1;33m[QT] file::/Spawn/Spawn.qml:32:3: QML Connections: Implicitly defined onFoo properties in Connections are deprecated. Use this syntax instead: function onFoo(<arguments>) { ... }[0m[1;33m[0m
[rf2o_laser_odometry_node-5] [WARN] [1771096591.767184521] [rf2o_laser_odometry]: Waiting for laser_scans....
[ign-2] [1;33m[GUI] [Wrn] [Application.cc:797] [0m[1;33m[QT] file::/WorldControl/WorldControl.qml:30:3: QML Connections: Implicitly defined onFoo properties in Connections are deprecated. Use this syntax instead: function onFoo(<arguments>) { ... }[0m[1;33m[0m
[rf2o_laser_odometry_node-5] [WARN] [1771096591.817260071] [rf2o_laser_odometry]: Waiting for laser_scans....
[rf2o_laser_odometry_node-5] [WARN] [1771096591.867198101] [rf2o_laser_odometry]: Waiting for laser_scans....
[ign-2] [1;33m[GUI] [Wrn] [Application.cc:797] [0m[1;33m[QT] file::/TransformControl/TransformControl.qml:104:3: QML Connections: Implicitly defined onFoo properties in Connections are deprecated. Use this syntax instead: function onFoo(<arguments>) { ... }[0m[1;33m[0m
[ign-2] [1;33m[GUI] [Wrn] [Application.cc:797] [0m[1;33m[QT] file::/TransformControl/TransformControl.qml:99:3: QML Connections: Implicitly defined onFoo properties in Connections are deprecated. Use this syntax instead: function onFoo(<arguments>) { ... }[0m[1;33m[0m
[ign-2] [1;33m[GUI] [Wrn] [Application.cc:797] [0m[1;33m[QT] file::/TransformControl/TransformControl.qml:94:3: QML Connections: Implicitly defined onFoo properties in Connections are deprecated. Use this syntax instead: function onFoo(<arguments>) { ... }[0m[1;33m[0m
[ign-2] [1;33m[GUI] [Wrn] [Application.cc:797] [0m[1;33m[QT] file::/TransformControl/TransformControl.qml:89:3: QML Connections: Implicitly defined onFoo properties in Connections are deprecated. Use this syntax instead: function onFoo(<arguments>) { ... }[0m[1;33m[0m
[rf2o_laser_odometry_node-5] [WARN] [1771096591.917170331] [rf2o_laser_odometry]: Waiting for laser_scans....
[rf2o_laser_odometry_node-5] [WARN] [1771096591.967257761] [rf2o_laser_odometry]: Waiting for laser_scans....
[rf2o_laser_odometry_node-5] [WARN] [1771096592.017187601] [rf2o_laser_odometry]: Waiting for laser_scans....
[rf2o_laser_odometry_node-5] [WARN] [1771096592.067288801] [rf2o_laser_odometry]: Waiting for laser_scans....
[ign-2] [1;33m[GUI] [Wrn] [Application.cc:797] [0m[1;33m[QT] file::/EntityTree/EntityTree.qml:148:7: QML ToolButton: Detected anchors on an item that is managed by a layout. This is undefined behavior; use Layout.alignment instead.[0m[1;33m[0m
[rf2o_laser_odometry_node-5] [WARN] [1771096592.117175531] [rf2o_laser_odometry]: Waiting for laser_scans....
[ign-2] [1;33m[GUI] [Wrn] [Application.cc:797] [0m[1;33m[QT] file::/WorldStats/WorldStats.qml:53:3: QML RowLayout: Binding loop detected for property "x"[0m[1;33m[0m
[ign-2] [1;33m[GUI] [Wrn] [Application.cc:797] [0m[1;33m[QT] file::/EntityContextMenuPlugin/EntityContextMenuPlugin.qml:52:3: QML RenderWindowOverlay: Detected anchors on an item that is managed by a layout. This is undefined behavior; use Layout.alignment instead.[0m[1;33m[0m
[ign-2] [1;33m[GUI] [Wrn] [Application.cc:797] [0m[1;33m[QT] file::/EntityContextMenuPlugin/EntityContextMenuPlugin.qml:67:3: QML EntityContextMenu: Detected anchors on an item that is managed by a layout. This is undefined behavior; use Layout.alignment instead.[0m[1;33m[0m
[rf2o_laser_odometry_node-5] [WARN] [1771096592.167212831] [rf2o_laser_odometry]: Waiting for laser_scans....
[rf2o_laser_odometry_node-5] [WARN] [1771096592.217220881] [rf2o_laser_odometry]: Waiting for laser_scans....
[rf2o_laser_odometry_node-5] [WARN] [1771096592.267216421] [rf2o_laser_odometry]: Waiting for laser_scans....
[rf2o_laser_odometry_node-5] [WARN] [1771096592.317204581] [rf2o_laser_odometry]: Waiting for laser_scans....
[INFO] [cmd_vel_mux-7]: process started with pid [38883]
[INFO] [robot_state_publisher-8]: process started with pid [38885]
[INFO] [static_transform_publisher-9]: process started with pid [38887]
[INFO] [rviz2-10]: process started with pid [38889]
[static_transform_publisher-9] [INFO] [1771096592.352468111] [minidog_ouster_static_tf]: Spinning until stopped - publishing transform
[static_transform_publisher-9] translation: ('0.100000', '0.000000', '0.160000')
[static_transform_publisher-9] rotation: ('0.000000', '0.000000', '0.000000', '1.000000')
[static_transform_publisher-9] from 'minidog/base_footprint' to 'minidog/base_footprint/ouster'
[rviz2-10] QStandardPaths: wrong permissions on runtime directory /run/user/1000/, 0755 instead of 0700
[rf2o_laser_odometry_node-5] [WARN] [1771096592.367089241] [rf2o_laser_odometry]: Waiting for laser_scans....
[robot_state_publisher-8] [INFO] [1771096592.379351111] [robot_state_publisher]: got segment base_footprint
[robot_state_publisher-8] [INFO] [1771096592.379523551] [robot_state_publisher]: got segment base_link
[robot_state_publisher-8] [INFO] [1771096592.379539661] [robot_state_publisher]: got segment front_left_steer_link
[robot_state_publisher-8] [INFO] [1771096592.379548391] [robot_state_publisher]: got segment front_left_wheel_link
[robot_state_publisher-8] [INFO] [1771096592.379555771] [robot_state_publisher]: got segment front_right_steer_link
[robot_state_publisher-8] [INFO] [1771096592.379562701] [robot_state_publisher]: got segment front_right_wheel_link
[robot_state_publisher-8] [INFO] [1771096592.379570261] [robot_state_publisher]: got segment lidar_link
[robot_state_publisher-8] [INFO] [1771096592.379579531] [robot_state_publisher]: got segment rear_left_wheel_link
[robot_state_publisher-8] [INFO] [1771096592.379587271] [robot_state_publisher]: got segment rear_right_wheel_link
[rf2o_laser_odometry_node-5] [WARN] [1771096592.417141481] [rf2o_laser_odometry]: Waiting for laser_scans....
[rf2o_laser_odometry_node-5] [WARN] [1771096592.467194891] [rf2o_laser_odometry]: Waiting for laser_scans....
[rf2o_laser_odometry_node-5] [WARN] [1771096592.517355401] [rf2o_laser_odometry]: Waiting for laser_scans....
[rf2o_laser_odometry_node-5] [WARN] [1771096592.567203431] [rf2o_laser_odometry]: Waiting for laser_scans....
[rf2o_laser_odometry_node-5] [WARN] [1771096592.617183851] [rf2o_laser_odometry]: Waiting for laser_scans....
[rf2o_laser_odometry_node-5] [WARN] [1771096592.667298011] [rf2o_laser_odometry]: Waiting for laser_scans....
[rf2o_laser_odometry_node-5] [WARN] [1771096592.717254401] [rf2o_laser_odometry]: Waiting for laser_scans....
[rf2o_laser_odometry_node-5] [WARN] [1771096592.767277301] [rf2o_laser_odometry]: Waiting for laser_scans....
[cmd_vel_mux-7] [INFO] [1771096592.798270871] [cmd_vel_mux]: cmd_vel_mux: manual=/cmd_vel_manual auto=/cmd_vel_nav out=/cmd_vel enable=/autonomy_enabled
[rf2o_laser_odometry_node-5] [WARN] [1771096592.817209301] [rf2o_laser_odometry]: Waiting for laser_scans....
[rf2o_laser_odometry_node-5] [WARN] [1771096592.867259381] [rf2o_laser_odometry]: Waiting for laser_scans....
[ign-2] [1;33m[Wrn] [Model.hh:69] [0m[1;33mSkipping serialization / deserialization for models [0m[1;33mwith //pose/@relative_to attribute.[0m[1;33m[0m
[ign-2] [1;33m[Wrn] [Model.hh:69] [0m[1;33mSkipping serialization / deserialization for models [0m[1;33mwith //pose/@relative_to attribute.[0m[1;33m[0m
[ign-2] [1;33m[Wrn] [Model.hh:69] [0m[1;33mSkipping serialization / deserialization for models [0m[1;33mwith //pose/@relative_to attribute.[0m[1;33m[0m
[ign-2] [1;33m[Wrn] [Component.hh:144] [0m[1;33mTrying to serialize component with data type [[0m[1;33mN3sdf3v125WorldE[0m[1;33m], which doesn't have [0m[1;33m`operator<<`. Component will not be serialized.[0m[1;33m[0m
[rf2o_laser_odometry_node-5] [WARN] [1771096592.917182021] [rf2o_laser_odometry]: Waiting for laser_scans....
[rf2o_laser_odometry_node-5] [WARN] [1771096592.967271971] [rf2o_laser_odometry]: Waiting for laser_scans....
[rf2o_laser_odometry_node-5] [WARN] [1771096593.017222871] [rf2o_laser_odometry]: Waiting for laser_scans....
[rf2o_laser_odometry_node-5] [WARN] [1771096593.067184211] [rf2o_laser_odometry]: Waiting for laser_scans....
[rf2o_laser_odometry_node-5] [WARN] [1771096593.117197751] [rf2o_laser_odometry]: Waiting for laser_scans....
[rf2o_laser_odometry_node-5] [WARN] [1771096593.167171691] [rf2o_laser_odometry]: Waiting for laser_scans....
[rf2o_laser_odometry_node-5] [WARN] [1771096593.217251921] [rf2o_laser_odometry]: Waiting for laser_scans....
[rf2o_laser_odometry_node-5] [WARN] [1771096593.267254121] [rf2o_laser_odometry]: Waiting for laser_scans....
[rf2o_laser_odometry_node-5] [WARN] [1771096593.317210151] [rf2o_laser_odometry]: Waiting for laser_scans....
[rf2o_laser_odometry_node-5] [WARN] [1771096593.367183911] [rf2o_laser_odometry]: Waiting for laser_scans....
[rf2o_laser_odometry_node-5] [WARN] [1771096593.417223821] [rf2o_laser_odometry]: Waiting for laser_scans....
[rf2o_laser_odometry_node-5] [WARN] [1771096593.467194341] [rf2o_laser_odometry]: Waiting for laser_scans....
[rf2o_laser_odometry_node-5] [WARN] [1771096593.517300941] [rf2o_laser_odometry]: Waiting for laser_scans....
[ign-2] [1;33m[GUI] [Wrn] [Component.hh:189] [0m[1;33mTrying to deserialize component with data type [[0m[1;33mN3sdf3v125WorldE[0m[1;33m], which doesn't have [0m[1;33m`operator>>`. Component will not be deserialized.[0m[1;33m[0m
[rf2o_laser_odometry_node-5] [WARN] [1771096593.567222951] [rf2o_laser_odometry]: Waiting for laser_scans....
[rf2o_laser_odometry_node-5] [WARN] [1771096593.617196081] [rf2o_laser_odometry]: Waiting for laser_scans....
[ign-2] [1;33m[GUI] [Wrn] [Model.hh:98] [0m[1;33mUnable to deserialize sdf::Model[0m[1;33m[0m
[rf2o_laser_odometry_node-5] [WARN] [1771096593.667295481] [rf2o_laser_odometry]: Waiting for laser_scans....
[ign-2] [1;33m[GUI] [Wrn] [Model.hh:98] [0m[1;33mUnable to deserialize sdf::Model[0m[1;33m[0m
[INFO] [create-11]: process started with pid [38997]
[rf2o_laser_odometry_node-5] [WARN] [1771096593.717230271] [rf2o_laser_odometry]: Waiting for laser_scans....
[ign-2] [1;33m[GUI] [Wrn] [Model.hh:98] [0m[1;33mUnable to deserialize sdf::Model[0m[1;33m[0m
[rviz2-10] [INFO] [1771096593.727636611] [rviz2]: Stereo is NOT SUPPORTED
[rviz2-10] [INFO] [1771096593.727762161] [rviz2]: OpenGl version: 4.2 (GLSL 4.2)
[rf2o_laser_odometry_node-5] [WARN] [1771096593.767178291] [rf2o_laser_odometry]: Waiting for laser_scans....
[ign-2] [1;33m[GUI] [Wrn] [Model.hh:98] [0m[1;33mUnable to deserialize sdf::Model[0m[1;33m[0m
[rviz2-10] [INFO] [1771096593.778133091] [rviz2]: Stereo is NOT SUPPORTED
[rf2o_laser_odometry_node-5] [WARN] [1771096593.817129101] [rf2o_laser_odometry]: Waiting for laser_scans....
[ign-2] [1;33m[GUI] [Wrn] [Model.hh:98] [0m[1;33mUnable to deserialize sdf::Model[0m[1;33m[0m
[ign-2] [1;33m[GUI] [Wrn] [Model.hh:98] [0m[1;33mUnable to deserialize sdf::Model[0m[1;33m[0m
[rf2o_laser_odometry_node-5] [WARN] [1771096593.867290691] [rf2o_laser_odometry]: Waiting for laser_scans....
[ign-2] [1;33m[GUI] [Wrn] [Model.hh:98] [0m[1;33mUnable to deserialize sdf::Model[0m[1;33m[0m
[rf2o_laser_odometry_node-5] [WARN] [1771096593.917206311] [rf2o_laser_odometry]: Waiting for laser_scans....
[ign-2] [1;33m[GUI] [Wrn] [Model.hh:98] [0m[1;33mUnable to deserialize sdf::Model[0m[1;33m[0m
[rf2o_laser_odometry_node-5] [WARN] [1771096593.967148661] [rf2o_laser_odometry]: Waiting for laser_scans....
[create-11] [INFO] [1771096593.970843791] [ros_gz_sim]: Requested creation of entity.
[create-11] [INFO] [1771096593.971012991] [ros_gz_sim]: OK creation of entity.
[ign-2] [1;33m[GUI] [Wrn] [Model.hh:98] [0m[1;33mUnable to deserialize sdf::Model[0m[1;33m[0m
[rf2o_laser_odometry_node-5] [WARN] [1771096594.017217281] [rf2o_laser_odometry]: Waiting for laser_scans....
[ign-2] [1;33m[GUI] [Wrn] [Model.hh:98] [0m[1;33mUnable to deserialize sdf::Model[0m[1;33m[0m
[rf2o_laser_odometry_node-5] [WARN] [1771096594.067200401] [rf2o_laser_odometry]: Waiting for laser_scans....
[INFO] [create-11]: process has finished cleanly [pid 38997]
[rf2o_laser_odometry_node-5] [WARN] [1771096594.117253361] [rf2o_laser_odometry]: Waiting for laser_scans....
[ign-2] [1;33m[GUI] [Wrn] [Model.hh:98] [0m[1;33mUnable to deserialize sdf::Model[0m[1;33m[0m
[rf2o_laser_odometry_node-5] [WARN] [1771096594.167194181] [rf2o_laser_odometry]: Waiting for laser_scans....
[ign-2] [1;33m[GUI] [Wrn] [Model.hh:98] [0m[1;33mUnable to deserialize sdf::Model[0m[1;33m[0m
[rf2o_laser_odometry_node-5] [WARN] [1771096594.217188281] [rf2o_laser_odometry]: Waiting for laser_scans....
[ign-2] [1;33m[GUI] [Wrn] [Model.hh:98] [0m[1;33mUnable to deserialize sdf::Model[0m[1;33m[0m
[rf2o_laser_odometry_node-5] [WARN] [1771096594.267184541] [rf2o_laser_odometry]: Waiting for laser_scans....
[ign-2] [1;33m[GUI] [Wrn] [Model.hh:98] [0m[1;33mUnable to deserialize sdf::Model[0m[1;33m[0m
[rf2o_laser_odometry_node-5] [WARN] [1771096594.317260181] [rf2o_laser_odometry]: Waiting for laser_scans....
[ign-2] [1;33m[GUI] [Wrn] [Model.hh:98] [0m[1;33mUnable to deserialize sdf::Model[0m[1;33m[0m
[rf2o_laser_odometry_node-5] [WARN] [1771096594.367174631] [rf2o_laser_odometry]: Waiting for laser_scans....
[ign-2] [1;33m[GUI] [Wrn] [Model.hh:98] [0m[1;33mUnable to deserialize sdf::Model[0m[1;33m[0m
[rf2o_laser_odometry_node-5] [WARN] [1771096594.417224891] [rf2o_laser_odometry]: Waiting for laser_scans....
[ign-2] [1;33m[GUI] [Wrn] [Model.hh:98] [0m[1;33mUnable to deserialize sdf::Model[0m[1;33m[0m
[ign-2] [1;33m[GUI] [Wrn] [Model.hh:98] [0m[1;33mUnable to deserialize sdf::Model[0m[1;33m[0m
[rf2o_laser_odometry_node-5] [WARN] [1771096594.467190641] [rf2o_laser_odometry]: Waiting for laser_scans....
[ign-2] [1;33m[GUI] [Wrn] [Model.hh:98] [0m[1;33mUnable to deserialize sdf::Model[0m[1;33m[0m
[rf2o_laser_odometry_node-5] [WARN] [1771096594.517190861] [rf2o_laser_odometry]: Waiting for laser_scans....
[ign-2] [1;33m[GUI] [Wrn] [Model.hh:98] [0m[1;33mUnable to deserialize sdf::Model[0m[1;33m[0m
[rf2o_laser_odometry_node-5] [WARN] [1771096594.567196391] [rf2o_laser_odometry]: Waiting for laser_scans....
[ign-2] [1;33m[GUI] [Wrn] [Model.hh:98] [0m[1;33mUnable to deserialize sdf::Model[0m[1;33m[0m
[rf2o_laser_odometry_node-5] [WARN] [1771096594.617178071] [rf2o_laser_odometry]: Waiting for laser_scans....
[ign-2] [1;33m[GUI] [Wrn] [Model.hh:98] [0m[1;33mUnable to deserialize sdf::Model[0m[1;33m[0m
[rf2o_laser_odometry_node-5] [WARN] [1771096594.667203671] [rf2o_laser_odometry]: Waiting for laser_scans....
[ign-2] [1;33m[GUI] [Wrn] [Model.hh:98] [0m[1;33mUnable to deserialize sdf::Model[0m[1;33m[0m
[rf2o_laser_odometry_node-5] [WARN] [1771096594.717270851] [rf2o_laser_odometry]: Waiting for laser_scans....
[ign-2] [1;33m[GUI] [Wrn] [Model.hh:98] [0m[1;33mUnable to deserialize sdf::Model[0m[1;33m[0m
[rf2o_laser_odometry_node-5] [WARN] [1771096594.767208701] [rf2o_laser_odometry]: Waiting for laser_scans....
[ign-2] [1;33m[GUI] [Wrn] [Model.hh:98] [0m[1;33mUnable to deserialize sdf::Model[0m[1;33m[0m
[rf2o_laser_odometry_node-5] [WARN] [1771096594.817199471] [rf2o_laser_odometry]: Waiting for laser_scans....
[ign-2] [1;33m[GUI] [Wrn] [Model.hh:98] [0m[1;33mUnable to deserialize sdf::Model[0m[1;33m[0m
[rf2o_laser_odometry_node-5] [WARN] [1771096594.867200771] [rf2o_laser_odometry]: Waiting for laser_scans....
[rf2o_laser_odometry_node-5] [WARN] [1771096594.917251571] [rf2o_laser_odometry]: Waiting for laser_scans....
[ign-2] [1;33m[GUI] [Wrn] [Model.hh:98] [0m[1;33mUnable to deserialize sdf::Model[0m[1;33m[0m
[rf2o_laser_odometry_node-5] [WARN] [1771096594.967193201] [rf2o_laser_odometry]: Waiting for laser_scans....
[ign-2] [1;33m[GUI] [Wrn] [Model.hh:98] [0m[1;33mUnable to deserialize sdf::Model[0m[1;33m[0m
[rf2o_laser_odometry_node-5] [WARN] [1771096595.017250751] [rf2o_laser_odometry]: Waiting for laser_scans....
[rf2o_laser_odometry_node-5] [WARN] [1771096595.067301461] [rf2o_laser_odometry]: Waiting for laser_scans....
[rf2o_laser_odometry_node-5] [WARN] [1771096595.117253981] [rf2o_laser_odometry]: Waiting for laser_scans....
[rf2o_laser_odometry_node-5] [WARN] [1771096595.167243491] [rf2o_laser_odometry]: Waiting for laser_scans....
[rf2o_laser_odometry_node-5] [WARN] [1771096595.217185661] [rf2o_laser_odometry]: Waiting for laser_scans....
[rf2o_laser_odometry_node-5] [WARN] [1771096595.267286411] [rf2o_laser_odometry]: Waiting for laser_scans....
[rf2o_laser_odometry_node-5] [WARN] [1771096595.317300491] [rf2o_laser_odometry]: Waiting for laser_scans....
[rf2o_laser_odometry_node-5] [WARN] [1771096595.367208551] [rf2o_laser_odometry]: Waiting for laser_scans....
[rf2o_laser_odometry_node-5] [WARN] [1771096595.417165751] [rf2o_laser_odometry]: Waiting for laser_scans....
[rf2o_laser_odometry_node-5] [INFO] [1771096595.467261461] [rf2o_laser_odometry]: Got first Laser Scan .... Configuring node
[rf2o_laser_odometry_node-5] [WARN] [1771096595.467472061] [rf2o_laser_odometry]: Waiting for laser_scans....
[rf2o_laser_odometry_node-5] [INFO] [1771096595.519810121] [rf2o_laser_odometry]: execution time (ms): 0.000000
[rf2o_laser_odometry_node-5] [INFO] [1771096595.519947281] [rf2o_laser_odometry]: Laser odom [x,y,yaw]=[0.100000 0.000000 0.000000]
[rf2o_laser_odometry_node-5] [INFO] [1771096595.519972751] [rf2o_laser_odometry]: Robot-base odom [x,y,yaw]=[0.000000 0.000000 0.000000]
[rf2o_laser_odometry_node-5] [WARN] [1771096595.567132031] [rf2o_laser_odometry]: Waiting for laser_scans....
[rf2o_laser_odometry_node-5] [INFO] [1771096595.627371551] [rf2o_laser_odometry]: execution time (ms): 12.000000
[rf2o_laser_odometry_node-5] [INFO] [1771096595.627515461] [rf2o_laser_odometry]: Laser odom [x,y,yaw]=[0.100000 -0.000000 0.000000]
[rf2o_laser_odometry_node-5] [INFO] [1771096595.627570991] [rf2o_laser_odometry]: Robot-base odom [x,y,yaw]=[0.000000 -0.000000 0.000000]
[rf2o_laser_odometry_node-5] [WARN] [1771096595.667270351] [rf2o_laser_odometry]: Waiting for laser_scans....
[INFO] [async_slam_toolbox_node-12]: process started with pid [39045]
[rf2o_laser_odometry_node-5] [INFO] [1771096595.729143371] [rf2o_laser_odometry]: execution time (ms): 4.000000
[rf2o_laser_odometry_node-5] [INFO] [1771096595.729282061] [rf2o_laser_odometry]: Laser odom [x,y,yaw]=[0.100000 -0.000001 0.000000]
[rf2o_laser_odometry_node-5] [INFO] [1771096595.729323821] [rf2o_laser_odometry]: Robot-base odom [x,y,yaw]=[0.000000 -0.000001 0.000000]
[rf2o_laser_odometry_node-5] [WARN] [1771096595.767564911] [rf2o_laser_odometry]: Waiting for laser_scans....
[async_slam_toolbox_node-12] [INFO] [1771096595.795543481] [slam_toolbox]: Using solver plugin solver_plugins::CeresSolver
[rf2o_laser_odometry_node-5] [INFO] [1771096595.827748361] [rf2o_laser_odometry]: execution time (ms): 12.000000
[rf2o_laser_odometry_node-5] [INFO] [1771096595.828725941] [rf2o_laser_odometry]: Laser odom [x,y,yaw]=[0.100000 -0.000000 0.000000]
[rf2o_laser_odometry_node-5] [INFO] [1771096595.829581481] [rf2o_laser_odometry]: Robot-base odom [x,y,yaw]=[0.000000 -0.000000 0.000000]
[rf2o_laser_odometry_node-5] [WARN] [1771096595.867142441] [rf2o_laser_odometry]: Waiting for laser_scans....
[async_slam_toolbox_node-12] [WARN] [1771096595.925251661] [slam_toolbox]: minimum laser range setting (0.1 m) exceeds the capabilities of the used Lidar (0.1 m)
[async_slam_toolbox_node-12] Registering sensor: [Custom Described Lidar]
[rf2o_laser_odometry_node-5] [INFO] [1771096595.931002391] [rf2o_laser_odometry]: execution time (ms): 12.000000
[rf2o_laser_odometry_node-5] [INFO] [1771096595.931238281] [rf2o_laser_odometry]: Laser odom [x,y,yaw]=[0.100000 -0.000001 0.000000]
[rf2o_laser_odometry_node-5] [INFO] [1771096595.931332331] [rf2o_laser_odometry]: Robot-base odom [x,y,yaw]=[0.000000 -0.000001 0.000000]
[rf2o_laser_odometry_node-5] [WARN] [1771096595.967155121] [rf2o_laser_odometry]: Waiting for laser_scans....
[rviz2-10] [INFO] [1771096596.019711341] [rviz]: Message Filter dropping message: frame 'minidog/base_footprint/ouster' at time 0.860 for reason 'discarding message because the queue is full'
[rf2o_laser_odometry_node-5] [INFO] [1771096596.028012941] [rf2o_laser_odometry]: execution time (ms): 8.000000
[rf2o_laser_odometry_node-5] [INFO] [1771096596.028152801] [rf2o_laser_odometry]: Laser odom [x,y,yaw]=[0.100001 -0.000001 0.000000]
[rf2o_laser_odometry_node-5] [INFO] [1771096596.028180971] [rf2o_laser_odometry]: Robot-base odom [x,y,yaw]=[0.000001 -0.000001 0.000000]
[rf2o_laser_odometry_node-5] [WARN] [1771096596.067175991] [rf2o_laser_odometry]: Waiting for laser_scans....
[rviz2-10] [INFO] [1771096596.115503021] [rviz]: Message Filter dropping message: frame 'minidog/base_footprint/ouster' at time 0.880 for reason 'discarding message because the queue is full'
[rf2o_laser_odometry_node-5] [INFO] [1771096596.127178091] [rf2o_laser_odometry]: execution time (ms): 12.000000
[rf2o_laser_odometry_node-5] [INFO] [1771096596.127335321] [rf2o_laser_odometry]: Laser odom [x,y,yaw]=[0.100000 -0.000001 0.000000]
[rf2o_laser_odometry_node-5] [INFO] [1771096596.127363221] [rf2o_laser_odometry]: Robot-base odom [x,y,yaw]=[0.000000 -0.000001 0.000000]
[rf2o_laser_odometry_node-5] [WARN] [1771096596.167158251] [rf2o_laser_odometry]: Waiting for laser_scans....
[rviz2-10] [INFO] [1771096596.211432401] [rviz]: Message Filter dropping message: frame 'minidog/base_footprint/ouster' at time 0.884 for reason 'discarding message because the queue is full'
[rf2o_laser_odometry_node-5] [INFO] [1771096596.228855771] [rf2o_laser_odometry]: execution time (ms): 12.000000
[rf2o_laser_odometry_node-5] [INFO] [1771096596.228979161] [rf2o_laser_odometry]: Laser odom [x,y,yaw]=[0.100000 -0.000001 0.000000]
[rf2o_laser_odometry_node-5] [INFO] [1771096596.229004271] [rf2o_laser_odometry]: Robot-base odom [x,y,yaw]=[0.000000 -0.000001 0.000000]
[rf2o_laser_odometry_node-5] [WARN] [1771096596.267191631] [rf2o_laser_odometry]: Waiting for laser_scans....
[rviz2-10] [INFO] [1771096596.307299861] [rviz]: Message Filter dropping message: frame 'minidog/base_footprint/ouster' at time 0.888 for reason 'discarding message because the queue is full'
[rf2o_laser_odometry_node-5] [INFO] [1771096596.329153661] [rf2o_laser_odometry]: execution time (ms): 12.000000
[rf2o_laser_odometry_node-5] [INFO] [1771096596.329966541] [rf2o_laser_odometry]: Laser odom [x,y,yaw]=[0.100001 -0.000000 0.000000]
[rf2o_laser_odometry_node-5] [INFO] [1771096596.330039261] [rf2o_laser_odometry]: Robot-base odom [x,y,yaw]=[0.000001 -0.000000 0.000000]
[rf2o_laser_odometry_node-5] [WARN] [1771096596.367199631] [rf2o_laser_odometry]: Waiting for laser_scans....
[rviz2-10] [INFO] [1771096596.403152201] [rviz]: Message Filter dropping message: frame 'minidog/base_footprint/ouster' at time 0.892 for reason 'discarding message because the queue is full'
[rf2o_laser_odometry_node-5] [INFO] [1771096596.428352471] [rf2o_laser_odometry]: execution time (ms): 12.000000
[rf2o_laser_odometry_node-5] [INFO] [1771096596.428497551] [rf2o_laser_odometry]: Laser odom [x,y,yaw]=[0.100001 -0.000000 0.000000]
[rf2o_laser_odometry_node-5] [INFO] [1771096596.428524461] [rf2o_laser_odometry]: Robot-base odom [x,y,yaw]=[0.000001 -0.000000 0.000000]
[rf2o_laser_odometry_node-5] [WARN] [1771096596.467542431] [rf2o_laser_odometry]: Waiting for laser_scans....
[rf2o_laser_odometry_node-5] [INFO] [1771096596.528072561] [rf2o_laser_odometry]: execution time (ms): 12.000000
[rf2o_laser_odometry_node-5] [INFO] [1771096596.528212781] [rf2o_laser_odometry]: Laser odom [x,y,yaw]=[0.100001 -0.000001 0.000000]
[rf2o_laser_odometry_node-5] [INFO] [1771096596.528240231] [rf2o_laser_odometry]: Robot-base odom [x,y,yaw]=[0.000001 -0.000001 0.000000]
[rf2o_laser_odometry_node-5] [WARN] [1771096596.567137691] [rf2o_laser_odometry]: Waiting for laser_scans....
[rf2o_laser_odometry_node-5] [INFO] [1771096596.627595011] [rf2o_laser_odometry]: execution time (ms): 8.000000
[rf2o_laser_odometry_node-5] [INFO] [1771096596.627732891] [rf2o_laser_odometry]: Laser odom [x,y,yaw]=[0.100000 -0.000000 0.000000]
[rf2o_laser_odometry_node-5] [INFO] [1771096596.627758541] [rf2o_laser_odometry]: Robot-base odom [x,y,yaw]=[0.000000 -0.000000 0.000000]
[rf2o_laser_odometry_node-5] [WARN] [1771096596.667205181] [rf2o_laser_odometry]: Waiting for laser_scans....
[rf2o_laser_odometry_node-5] [INFO] [1771096596.728324901] [rf2o_laser_odometry]: execution time (ms): 12.000000
[rf2o_laser_odometry_node-5] [INFO] [1771096596.728492931] [rf2o_laser_odometry]: Laser odom [x,y,yaw]=[0.100001 -0.000001 0.000000]
[rf2o_laser_odometry_node-5] [INFO] [1771096596.728530461] [rf2o_laser_odometry]: Robot-base odom [x,y,yaw]=[0.000001 -0.000001 0.000000]
[rf2o_laser_odometry_node-5] [WARN] [1771096596.767198961] [rf2o_laser_odometry]: Waiting for laser_scans....
[rf2o_laser_odometry_node-5] [INFO] [1771096596.826613721] [rf2o_laser_odometry]: execution time (ms): 8.000000
[rf2o_laser_odometry_node-5] [INFO] [1771096596.826793901] [rf2o_laser_odometry]: Laser odom [x,y,yaw]=[0.100001 -0.000001 0.000000]
[rf2o_laser_odometry_node-5] [INFO] [1771096596.826835931] [rf2o_laser_odometry]: Robot-base odom [x,y,yaw]=[0.000001 -0.000001 0.000000]
[rf2o_laser_odometry_node-5] [WARN] [1771096596.867167541] [rf2o_laser_odometry]: Waiting for laser_scans....
[rf2o_laser_odometry_node-5] [INFO] [1771096596.927596331] [rf2o_laser_odometry]: execution time (ms): 8.000000
[rf2o_laser_odometry_node-5] [INFO] [1771096596.927720171] [rf2o_laser_odometry]: Laser odom [x,y,yaw]=[0.100001 -0.000000 0.000000]
[rf2o_laser_odometry_node-5] [INFO] [1771096596.927745641] [rf2o_laser_odometry]: Robot-base odom [x,y,yaw]=[0.000001 -0.000000 0.000000]
[rf2o_laser_odometry_node-5] [WARN] [1771096596.967367241] [rf2o_laser_odometry]: Waiting for laser_scans....
[rf2o_laser_odometry_node-5] [INFO] [1771096597.029823461] [rf2o_laser_odometry]: execution time (ms): 12.000000
[rf2o_laser_odometry_node-5] [INFO] [1771096597.030104081] [rf2o_laser_odometry]: Laser odom [x,y,yaw]=[0.100001 -0.000001 0.000000]
[rf2o_laser_odometry_node-5] [INFO] [1771096597.030160511] [rf2o_laser_odometry]: Robot-base odom [x,y,yaw]=[0.000001 -0.000001 0.000000]
[rf2o_laser_odometry_node-5] [WARN] [1771096597.067266611] [rf2o_laser_odometry]: Waiting for laser_scans....
[rf2o_laser_odometry_node-5] [WARN] [1771096597.117229211] [rf2o_laser_odometry]: Waiting for laser_scans....
[rf2o_laser_odometry_node-5] [INFO] [1771096597.178381871] [rf2o_laser_odometry]: execution time (ms): 12.000000
[rf2o_laser_odometry_node-5] [INFO] [1771096597.178552871] [rf2o_laser_odometry]: Laser odom [x,y,yaw]=[0.100000 -0.000001 0.000000]
[rf2o_laser_odometry_node-5] [INFO] [1771096597.178586261] [rf2o_laser_odometry]: Robot-base odom [x,y,yaw]=[0.000000 -0.000001 0.000000]
[rf2o_laser_odometry_node-5] [WARN] [1771096597.217248551] [rf2o_laser_odometry]: Waiting for laser_scans....
[rf2o_laser_odometry_node-5] [INFO] [1771096597.277075691] [rf2o_laser_odometry]: execution time (ms): 8.000000
[rf2o_laser_odometry_node-5] [INFO] [1771096597.277228961] [rf2o_laser_odometry]: Laser odom [x,y,yaw]=[0.100001 -0.000000 0.000000]
[rf2o_laser_odometry_node-5] [INFO] [1771096597.277260191] [rf2o_laser_odometry]: Robot-base odom [x,y,yaw]=[0.000001 -0.000000 0.000000]
[rf2o_laser_odometry_node-5] [INFO] [1771096597.327648041] [rf2o_laser_odometry]: execution time (ms): 8.000000
[rf2o_laser_odometry_node-5] [INFO] [1771096597.327898961] [rf2o_laser_odometry]: Laser odom [x,y,yaw]=[0.100001 -0.000000 0.000000]
[rf2o_laser_odometry_node-5] [INFO] [1771096597.327960431] [rf2o_laser_odometry]: Robot-base odom [x,y,yaw]=[0.000001 -0.000000 0.000000]
[rf2o_laser_odometry_node-5] [WARN] [1771096597.367161551] [rf2o_laser_odometry]: Waiting for laser_scans....
[rf2o_laser_odometry_node-5] [WARN] [1771096597.417256811] [rf2o_laser_odometry]: Waiting for laser_scans....
[rf2o_laser_odometry_node-5] [INFO] [1771096597.479608991] [rf2o_laser_odometry]: execution time (ms): 12.000000
[rf2o_laser_odometry_node-5] [INFO] [1771096597.479771441] [rf2o_laser_odometry]: Laser odom [x,y,yaw]=[0.100000 -0.000001 0.000000]
[rf2o_laser_odometry_node-5] [INFO] [1771096597.479814461] [rf2o_laser_odometry]: Robot-base odom [x,y,yaw]=[0.000000 -0.000001 0.000000]
[rf2o_laser_odometry_node-5] [WARN] [1771096597.517207841] [rf2o_laser_odometry]: Waiting for laser_scans....
[rf2o_laser_odometry_node-5] [INFO] [1771096597.577207151] [rf2o_laser_odometry]: execution time (ms): 8.000000
[rf2o_laser_odometry_node-5] [INFO] [1771096597.577362941] [rf2o_laser_odometry]: Laser odom [x,y,yaw]=[0.100001 -0.000000 0.000000]
[rf2o_laser_odometry_node-5] [INFO] [1771096597.577387961] [rf2o_laser_odometry]: Robot-base odom [x,y,yaw]=[0.000001 -0.000000 0.000000]
[rf2o_laser_odometry_node-5] [WARN] [1771096597.617170481] [rf2o_laser_odometry]: Waiting for laser_scans....
[rf2o_laser_odometry_node-5] [INFO] [1771096597.677669651] [rf2o_laser_odometry]: execution time (ms): 8.000000
[rf2o_laser_odometry_node-5] [INFO] [1771096597.677791511] [rf2o_laser_odometry]: Laser odom [x,y,yaw]=[0.100001 -0.000000 0.000000]
[rf2o_laser_odometry_node-5] [INFO] [1771096597.677830391] [rf2o_laser_odometry]: Robot-base odom [x,y,yaw]=[0.000001 -0.000000 0.000000]
[rf2o_laser_odometry_node-5] [WARN] [1771096597.717217451] [rf2o_laser_odometry]: Waiting for laser_scans....
[rf2o_laser_odometry_node-5] [INFO] [1771096597.778130621] [rf2o_laser_odometry]: execution time (ms): 12.000000
[rf2o_laser_odometry_node-5] [INFO] [1771096597.778263551] [rf2o_laser_odometry]: Laser odom [x,y,yaw]=[0.100001 -0.000001 0.000000]
[rf2o_laser_odometry_node-5] [INFO] [1771096597.778291451] [rf2o_laser_odometry]: Robot-base odom [x,y,yaw]=[0.000001 -0.000001 0.000000]
[rf2o_laser_odometry_node-5] [WARN] [1771096597.817270451] [rf2o_laser_odometry]: Waiting for laser_scans....
[rviz2-10] [INFO] [1771096597.836811881] [rviz2]: Trying to create a map of size 120 x 120 using 1 swatches
[rviz2-10] [ERROR] [1771096597.855526661] [rviz2]: Vertex Program:rviz/glsl120/indexed_8bit_image.vert Fragment Program:rviz/glsl120/indexed_8bit_image.frag GLSL link result : 
[rviz2-10] active samplers with a different type refer to the same texture image unit
[rf2o_laser_odometry_node-5] [INFO] [1771096597.880079561] [rf2o_laser_odometry]: execution time (ms): 12.000000
[rf2o_laser_odometry_node-5] [INFO] [1771096597.880238861] [rf2o_laser_odometry]: Laser odom [x,y,yaw]=[0.100000 -0.000000 0.000000]
[rf2o_laser_odometry_node-5] [INFO] [1771096597.880300151] [rf2o_laser_odometry]: Robot-base odom [x,y,yaw]=[0.000000 -0.000000 0.000000]
[rf2o_laser_odometry_node-5] [WARN] [1771096597.917141651] [rf2o_laser_odometry]: Waiting for laser_scans....
[rf2o_laser_odometry_node-5] [INFO] [1771096597.978860321] [rf2o_laser_odometry]: execution time (ms): 12.000000
[rf2o_laser_odometry_node-5] [INFO] [1771096597.979008641] [rf2o_laser_odometry]: Laser odom [x,y,yaw]=[0.100000 -0.000001 0.000000]
[rf2o_laser_odometry_node-5] [INFO] [1771096597.979035101] [rf2o_laser_odometry]: Robot-base odom [x,y,yaw]=[0.000000 -0.000001 0.000000]
[rf2o_laser_odometry_node-5] [WARN] [1771096598.017237311] [rf2o_laser_odometry]: Waiting for laser_scans....
[rf2o_laser_odometry_node-5] [INFO] [1771096598.078292051] [rf2o_laser_odometry]: execution time (ms): 12.000000
[rf2o_laser_odometry_node-5] [INFO] [1771096598.078441451] [rf2o_laser_odometry]: Laser odom [x,y,yaw]=[0.100001 -0.000000 0.000000]
[rf2o_laser_odometry_node-5] [INFO] [1771096598.078467461] [rf2o_laser_odometry]: Robot-base odom [x,y,yaw]=[0.000001 -0.000000 0.000000]
[rf2o_laser_odometry_node-5] [WARN] [1771096598.117174841] [rf2o_laser_odometry]: Waiting for laser_scans....
[rf2o_laser_odometry_node-5] [INFO] [1771096598.178695151] [rf2o_laser_odometry]: execution time (ms): 8.000000
[rf2o_laser_odometry_node-5] [INFO] [1771096598.178868401] [rf2o_laser_odometry]: Laser odom [x,y,yaw]=[0.100001 -0.000000 0.000000]
[rf2o_laser_odometry_node-5] [INFO] [1771096598.178918171] [rf2o_laser_odometry]: Robot-base odom [x,y,yaw]=[0.000001 -0.000000 0.000000]
[rf2o_laser_odometry_node-5] [WARN] [1771096598.217156741] [rf2o_laser_odometry]: Waiting for laser_scans....
[rf2o_laser_odometry_node-5] [INFO] [1771096598.278307331] [rf2o_laser_odometry]: execution time (ms): 12.000000
[rf2o_laser_odometry_node-5] [INFO] [1771096598.278465551] [rf2o_laser_odometry]: Laser odom [x,y,yaw]=[0.100001 -0.000000 0.000000]
[rf2o_laser_odometry_node-5] [INFO] [1771096598.278518201] [rf2o_laser_odometry]: Robot-base odom [x,y,yaw]=[0.000001 -0.000000 0.000000]
[rf2o_laser_odometry_node-5] [WARN] [1771096598.317220631] [rf2o_laser_odometry]: Waiting for laser_scans....
[rf2o_laser_odometry_node-5] [INFO] [1771096598.376105021] [rf2o_laser_odometry]: execution time (ms): 8.000000
[rf2o_laser_odometry_node-5] [INFO] [1771096598.376231291] [rf2o_laser_odometry]: Laser odom [x,y,yaw]=[0.100001 -0.000000 0.000000]
[rf2o_laser_odometry_node-5] [INFO] [1771096598.376256041] [rf2o_laser_odometry]: Robot-base odom [x,y,yaw]=[0.000001 -0.000000 0.000000]
[rf2o_laser_odometry_node-5] [WARN] [1771096598.417156091] [rf2o_laser_odometry]: Waiting for laser_scans....
[rf2o_laser_odometry_node-5] [INFO] [1771096598.478188691] [rf2o_laser_odometry]: execution time (ms): 8.000000
[rf2o_laser_odometry_node-5] [INFO] [1771096598.478338541] [rf2o_laser_odometry]: Laser odom [x,y,yaw]=[0.100001 -0.000000 0.000000]
[rf2o_laser_odometry_node-5] [INFO] [1771096598.478363471] [rf2o_laser_odometry]: Robot-base odom [x,y,yaw]=[0.000001 -0.000000 0.000000]
[rf2o_laser_odometry_node-5] [WARN] [1771096598.517224211] [rf2o_laser_odometry]: Waiting for laser_scans....
[rf2o_laser_odometry_node-5] [INFO] [1771096598.577080961] [rf2o_laser_odometry]: execution time (ms): 8.000000
[rf2o_laser_odometry_node-5] [INFO] [1771096598.577282561] [rf2o_laser_odometry]: Laser odom [x,y,yaw]=[0.100001 -0.000001 0.000000]
[rf2o_laser_odometry_node-5] [INFO] [1771096598.577327111] [rf2o_laser_odometry]: Robot-base odom [x,y,yaw]=[0.000001 -0.000001 0.000000]
[rf2o_laser_odometry_node-5] [WARN] [1771096598.617224921] [rf2o_laser_odometry]: Waiting for laser_scans....
[rf2o_laser_odometry_node-5] [INFO] [1771096598.677654251] [rf2o_laser_odometry]: execution time (ms): 8.000000
[rf2o_laser_odometry_node-5] [INFO] [1771096598.677815171] [rf2o_laser_odometry]: Laser odom [x,y,yaw]=[0.100001 -0.000000 0.000000]
[rf2o_laser_odometry_node-5] [INFO] [1771096598.677845141] [rf2o_laser_odometry]: Robot-base odom [x,y,yaw]=[0.000001 -0.000000 0.000000]
[rf2o_laser_odometry_node-5] [WARN] [1771096598.717212041] [rf2o_laser_odometry]: Waiting for laser_scans....
[rf2o_laser_odometry_node-5] [INFO] [1771096598.778383151] [rf2o_laser_odometry]: execution time (ms): 12.000000
[rf2o_laser_odometry_node-5] [INFO] [1771096598.778533901] [rf2o_laser_odometry]: Laser odom [x,y,yaw]=[0.100001 -0.000001 0.000000]
[rf2o_laser_odometry_node-5] [INFO] [1771096598.778562521] [rf2o_laser_odometry]: Robot-base odom [x,y,yaw]=[0.000001 -0.000001 0.000000]
[rf2o_laser_odometry_node-5] [WARN] [1771096598.817203751] [rf2o_laser_odometry]: Waiting for laser_scans....
[rf2o_laser_odometry_node-5] [INFO] [1771096598.876925861] [rf2o_laser_odometry]: execution time (ms): 8.000000
[rf2o_laser_odometry_node-5] [INFO] [1771096598.877062391] [rf2o_laser_odometry]: Laser odom [x,y,yaw]=[0.100001 -0.000001 0.000000]
[rf2o_laser_odometry_node-5] [INFO] [1771096598.877088221] [rf2o_laser_odometry]: Robot-base odom [x,y,yaw]=[0.000001 -0.000001 0.000000]
[rf2o_laser_odometry_node-5] [WARN] [1771096598.917163151] [rf2o_laser_odometry]: Waiting for laser_scans....
[rf2o_laser_odometry_node-5] [INFO] [1771096598.978640081] [rf2o_laser_odometry]: execution time (ms): 12.000000
[rf2o_laser_odometry_node-5] [INFO] [1771096598.978818641] [rf2o_laser_odometry]: Laser odom [x,y,yaw]=[0.100001 -0.000000 0.000000]
[rf2o_laser_odometry_node-5] [INFO] [1771096598.978898831] [rf2o_laser_odometry]: Robot-base odom [x,y,yaw]=[0.000001 -0.000000 0.000000]
[rf2o_laser_odometry_node-5] [WARN] [1771096599.017224701] [rf2o_laser_odometry]: Waiting for laser_scans....
[rf2o_laser_odometry_node-5] [INFO] [1771096599.078355311] [rf2o_laser_odometry]: execution time (ms): 12.000000
[rf2o_laser_odometry_node-5] [INFO] [1771096599.078493731] [rf2o_laser_odometry]: Laser odom [x,y,yaw]=[0.100001 -0.000001 0.000000]
[rf2o_laser_odometry_node-5] [INFO] [1771096599.078519471] [rf2o_laser_odometry]: Robot-base odom [x,y,yaw]=[0.000001 -0.000001 0.000000]
[rf2o_laser_odometry_node-5] [WARN] [1771096599.117229461] [rf2o_laser_odometry]: Waiting for laser_scans....
[rf2o_laser_odometry_node-5] [INFO] [1771096599.176779581] [rf2o_laser_odometry]: execution time (ms): 8.000000
[rf2o_laser_odometry_node-5] [INFO] [1771096599.176903871] [rf2o_laser_odometry]: Laser odom [x,y,yaw]=[0.100001 -0.000001 0.000000]
[rf2o_laser_odometry_node-5] [INFO] [1771096599.176928171] [rf2o_laser_odometry]: Robot-base odom [x,y,yaw]=[0.000001 -0.000001 0.000000]
[rf2o_laser_odometry_node-5] [WARN] [1771096599.217213431] [rf2o_laser_odometry]: Waiting for laser_scans....
[rf2o_laser_odometry_node-5] [INFO] [1771096599.278709711] [rf2o_laser_odometry]: execution time (ms): 12.000000
[rf2o_laser_odometry_node-5] [INFO] [1771096599.278879721] [rf2o_laser_odometry]: Laser odom [x,y,yaw]=[0.100001 -0.000000 0.000000]
[rf2o_laser_odometry_node-5] [INFO] [1771096599.278909421] [rf2o_laser_odometry]: Robot-base odom [x,y,yaw]=[0.000001 -0.000000 0.000000]
[rf2o_laser_odometry_node-5] [WARN] [1771096599.317190651] [rf2o_laser_odometry]: Waiting for laser_scans....
[rf2o_laser_odometry_node-5] [WARN] [1771096599.367145781] [rf2o_laser_odometry]: Waiting for laser_scans....
[rf2o_laser_odometry_node-5] [INFO] [1771096599.429088461] [rf2o_laser_odometry]: execution time (ms): 12.000000
[rf2o_laser_odometry_node-5] [INFO] [1771096599.429280071] [rf2o_laser_odometry]: Laser odom [x,y,yaw]=[0.100001 -0.000001 0.000000]
[rf2o_laser_odometry_node-5] [INFO] [1771096599.429341451] [rf2o_laser_odometry]: Robot-base odom [x,y,yaw]=[0.000001 -0.000001 0.000000]
[rf2o_laser_odometry_node-5] [INFO] [1771096599.481934751] [rf2o_laser_odometry]: execution time (ms): 12.000000
[rf2o_laser_odometry_node-5] [INFO] [1771096599.482164431] [rf2o_laser_odometry]: Laser odom [x,y,yaw]=[0.100001 -0.000001 0.000000]
[rf2o_laser_odometry_node-5] [INFO] [1771096599.482212761] [rf2o_laser_odometry]: Robot-base odom [x,y,yaw]=[0.000001 -0.000001 0.000000]
[rf2o_laser_odometry_node-5] [WARN] [1771096599.517251021] [rf2o_laser_odometry]: Waiting for laser_scans....
[rf2o_laser_odometry_node-5] [INFO] [1771096599.579378561] [rf2o_laser_odometry]: execution time (ms): 12.000000
[rf2o_laser_odometry_node-5] [INFO] [1771096599.579504471] [rf2o_laser_odometry]: Laser odom [x,y,yaw]=[0.100001 -0.000000 0.000000]
[rf2o_laser_odometry_node-5] [INFO] [1771096599.579530211] [rf2o_laser_odometry]: Robot-base odom [x,y,yaw]=[0.000001 -0.000000 0.000000]
[rf2o_laser_odometry_node-5] [WARN] [1771096599.617227341] [rf2o_laser_odometry]: Waiting for laser_scans....
[rf2o_laser_odometry_node-5] [INFO] [1771096599.677831361] [rf2o_laser_odometry]: execution time (ms): 8.000000
[rf2o_laser_odometry_node-5] [INFO] [1771096599.677966811] [rf2o_laser_odometry]: Laser odom [x,y,yaw]=[0.100001 -0.000001 0.000000]
[rf2o_laser_odometry_node-5] [INFO] [1771096599.677992011] [rf2o_laser_odometry]: Robot-base odom [x,y,yaw]=[0.000001 -0.000001 0.000000]
[rf2o_laser_odometry_node-5] [WARN] [1771096599.717144531] [rf2o_laser_odometry]: Waiting for laser_scans....
[rf2o_laser_odometry_node-5] [INFO] [1771096599.779028351] [rf2o_laser_odometry]: execution time (ms): 12.000000
[rf2o_laser_odometry_node-5] [INFO] [1771096599.779167851] [rf2o_laser_odometry]: Laser odom [x,y,yaw]=[0.100001 -0.000001 0.000000]
[rf2o_laser_odometry_node-5] [INFO] [1771096599.779194131] [rf2o_laser_odometry]: Robot-base odom [x,y,yaw]=[0.000001 -0.000001 0.000000]
[rf2o_laser_odometry_node-5] [WARN] [1771096599.817181061] [rf2o_laser_odometry]: Waiting for laser_scans....
[rf2o_laser_odometry_node-5] [WARN] [1771096599.867143751] [rf2o_laser_odometry]: Waiting for laser_scans....
[rf2o_laser_odometry_node-5] [INFO] [1771096599.929663331] [rf2o_laser_odometry]: execution time (ms): 12.000000
[rf2o_laser_odometry_node-5] [INFO] [1771096599.929828211] [rf2o_laser_odometry]: Laser odom [x,y,yaw]=[0.100001 -0.000001 0.000000]
[rf2o_laser_odometry_node-5] [INFO] [1771096599.929882121] [rf2o_laser_odometry]: Robot-base odom [x,y,yaw]=[0.000001 -0.000001 0.000000]
[rf2o_laser_odometry_node-5] [INFO] [1771096599.979076121] [rf2o_laser_odometry]: execution time (ms): 8.000000
[rf2o_laser_odometry_node-5] [INFO] [1771096599.979237221] [rf2o_laser_odometry]: Laser odom [x,y,yaw]=[0.100001 -0.000001 0.000000]
[rf2o_laser_odometry_node-5] [INFO] [1771096599.979268811] [rf2o_laser_odometry]: Robot-base odom [x,y,yaw]=[0.000001 -0.000001 0.000000]
[rf2o_laser_odometry_node-5] [WARN] [1771096600.017175371] [rf2o_laser_odometry]: Waiting for laser_scans....
[rf2o_laser_odometry_node-5] [INFO] [1771096600.078261431] [rf2o_laser_odometry]: execution time (ms): 12.000000
[rf2o_laser_odometry_node-5] [INFO] [1771096600.078421271] [rf2o_laser_odometry]: Laser odom [x,y,yaw]=[0.100001 -0.000000 0.000000]
[rf2o_laser_odometry_node-5] [INFO] [1771096600.078449351] [rf2o_laser_odometry]: Robot-base odom [x,y,yaw]=[0.000001 -0.000000 0.000000]
[rf2o_laser_odometry_node-5] [WARN] [1771096600.117220991] [rf2o_laser_odometry]: Waiting for laser_scans....
[rf2o_laser_odometry_node-5] [INFO] [1771096600.177308141] [rf2o_laser_odometry]: execution time (ms): 8.000000
[rf2o_laser_odometry_node-5] [INFO] [1771096600.177443681] [rf2o_laser_odometry]: Laser odom [x,y,yaw]=[0.100001 -0.000000 0.000000]
[rf2o_laser_odometry_node-5] [INFO] [1771096600.177469061] [rf2o_laser_odometry]: Robot-base odom [x,y,yaw]=[0.000001 -0.000000 0.000000]
[rf2o_laser_odometry_node-5] [WARN] [1771096600.217184441] [rf2o_laser_odometry]: Waiting for laser_scans....
[rf2o_laser_odometry_node-5] [INFO] [1771096600.276583181] [rf2o_laser_odometry]: execution time (ms): 12.000000
[rf2o_laser_odometry_node-5] [INFO] [1771096600.276707111] [rf2o_laser_odometry]: Laser odom [x,y,yaw]=[0.100001 -0.000001 0.000000]
[rf2o_laser_odometry_node-5] [INFO] [1771096600.276732941] [rf2o_laser_odometry]: Robot-base odom [x,y,yaw]=[0.000001 -0.000001 0.000000]
[rf2o_laser_odometry_node-5] [WARN] [1771096600.317145641] [rf2o_laser_odometry]: Waiting for laser_scans....
[rf2o_laser_odometry_node-5] [INFO] [1771096600.378835781] [rf2o_laser_odometry]: execution time (ms): 12.000000
[rf2o_laser_odometry_node-5] [INFO] [1771096600.378982661] [rf2o_laser_odometry]: Laser odom [x,y,yaw]=[0.100000 -0.000000 0.000000]
[rf2o_laser_odometry_node-5] [INFO] [1771096600.379010021] [rf2o_laser_odometry]: Robot-base odom [x,y,yaw]=[0.000000 -0.000000 0.000000]
[rf2o_laser_odometry_node-5] [WARN] [1771096600.417276041] [rf2o_laser_odometry]: Waiting for laser_scans....
[rf2o_laser_odometry_node-5] [WARN] [1771096600.467229911] [rf2o_laser_odometry]: Waiting for laser_scans....
[rf2o_laser_odometry_node-5] [INFO] [1771096600.528522521] [rf2o_laser_odometry]: execution time (ms): 12.000000
[rf2o_laser_odometry_node-5] [INFO] [1771096600.528674621] [rf2o_laser_odometry]: Laser odom [x,y,yaw]=[0.100001 -0.000001 0.000000]
[rf2o_laser_odometry_node-5] [INFO] [1771096600.528701621] [rf2o_laser_odometry]: Robot-base odom [x,y,yaw]=[0.000001 -0.000001 0.000000]
[rf2o_laser_odometry_node-5] [WARN] [1771096600.567170501] [rf2o_laser_odometry]: Waiting for laser_scans....
[rf2o_laser_odometry_node-5] [INFO] [1771096600.626843561] [rf2o_laser_odometry]: execution time (ms): 8.000000
[rf2o_laser_odometry_node-5] [INFO] [1771096600.626992691] [rf2o_laser_odometry]: Laser odom [x,y,yaw]=[0.100001 -0.000001 0.000000]
[rf2o_laser_odometry_node-5] [INFO] [1771096600.627018881] [rf2o_laser_odometry]: Robot-base odom [x,y,yaw]=[0.000001 -0.000001 0.000000]
[rf2o_laser_odometry_node-5] [WARN] [1771096600.667202801] [rf2o_laser_odometry]: Waiting for laser_scans....
[rf2o_laser_odometry_node-5] [INFO] [1771096600.728916251] [rf2o_laser_odometry]: execution time (ms): 12.000000
[rf2o_laser_odometry_node-5] [INFO] [1771096600.729078611] [rf2o_laser_odometry]: Laser odom [x,y,yaw]=[0.100001 -0.000001 0.000000]
[rf2o_laser_odometry_node-5] [INFO] [1771096600.729125231] [rf2o_laser_odometry]: Robot-base odom [x,y,yaw]=[0.000001 -0.000001 0.000000]
[INFO] [controller_server-13]: process started with pid [39078]
[INFO] [planner_server-14]: process started with pid [39080]
[INFO] [bt_navigator-15]: process started with pid [39082]
[INFO] [behavior_server-16]: process started with pid [39084]
[INFO] [waypoint_follower-17]: process started with pid [39089]
[rf2o_laser_odometry_node-5] [WARN] [1771096600.768816041] [rf2o_laser_odometry]: Waiting for laser_scans....
[rf2o_laser_odometry_node-5] [INFO] [1771096600.858734321] [rf2o_laser_odometry]: execution time (ms): 40.000000
[rf2o_laser_odometry_node-5] [INFO] [1771096600.860024021] [rf2o_laser_odometry]: Laser odom [x,y,yaw]=[0.100001 -0.000001 0.000000]
[rf2o_laser_odometry_node-5] [INFO] [1771096600.862971251] [rf2o_laser_odometry]: Robot-base odom [x,y,yaw]=[0.000001 -0.000001 0.000000]
[rf2o_laser_odometry_node-5] [WARN] [1771096600.875836031] [rf2o_laser_odometry]: Waiting for laser_scans....
[rf2o_laser_odometry_node-5] [WARN] [1771096600.917147021] [rf2o_laser_odometry]: Waiting for laser_scans....
[rf2o_laser_odometry_node-5] [INFO] [1771096600.986462591] [rf2o_laser_odometry]: execution time (ms): 20.000000
[rf2o_laser_odometry_node-5] [INFO] [1771096600.986652941] [rf2o_laser_odometry]: Laser odom [x,y,yaw]=[0.100001 -0.000000 0.000000]
[rf2o_laser_odometry_node-5] [INFO] [1771096600.986693171] [rf2o_laser_odometry]: Robot-base odom [x,y,yaw]=[0.000001 -0.000000 0.000000]
[rf2o_laser_odometry_node-5] [INFO] [1771096601.027457771] [rf2o_laser_odometry]: execution time (ms): 12.000000
[rf2o_laser_odometry_node-5] [INFO] [1771096601.027612301] [rf2o_laser_odometry]: Laser odom [x,y,yaw]=[0.100001 -0.000001 0.000000]
[rf2o_laser_odometry_node-5] [INFO] [1771096601.027652891] [rf2o_laser_odometry]: Robot-base odom [x,y,yaw]=[0.000001 -0.000001 0.000000]
[rf2o_laser_odometry_node-5] [WARN] [1771096601.067255591] [rf2o_laser_odometry]: Waiting for laser_scans....
[rf2o_laser_odometry_node-5] [INFO] [1771096601.128009821] [rf2o_laser_odometry]: execution time (ms): 12.000000
[rf2o_laser_odometry_node-5] [INFO] [1771096601.128163271] [rf2o_laser_odometry]: Laser odom [x,y,yaw]=[0.100001 -0.000001 0.000000]
[rf2o_laser_odometry_node-5] [INFO] [1771096601.128190271] [rf2o_laser_odometry]: Robot-base odom [x,y,yaw]=[0.000001 -0.000001 0.000000]
[rf2o_laser_odometry_node-5] [WARN] [1771096601.167202481] [rf2o_laser_odometry]: Waiting for laser_scans....
[rf2o_laser_odometry_node-5] [INFO] [1771096601.228176941] [rf2o_laser_odometry]: execution time (ms): 12.000000
[rf2o_laser_odometry_node-5] [INFO] [1771096601.228303391] [rf2o_laser_odometry]: Laser odom [x,y,yaw]=[0.100001 -0.000001 0.000000]
[rf2o_laser_odometry_node-5] [INFO] [1771096601.228329401] [rf2o_laser_odometry]: Robot-base odom [x,y,yaw]=[0.000001 -0.000001 0.000000]
[rf2o_laser_odometry_node-5] [WARN] [1771096601.267208321] [rf2o_laser_odometry]: Waiting for laser_scans....
[rf2o_laser_odometry_node-5] [INFO] [1771096601.328142731] [rf2o_laser_odometry]: execution time (ms): 12.000000
[rf2o_laser_odometry_node-5] [INFO] [1771096601.328264591] [rf2o_laser_odometry]: Laser odom [x,y,yaw]=[0.100001 -0.000000 0.000000]
[rf2o_laser_odometry_node-5] [INFO] [1771096601.328290601] [rf2o_laser_odometry]: Robot-base odom [x,y,yaw]=[0.000001 -0.000000 0.000000]
[rf2o_laser_odometry_node-5] [WARN] [1771096601.367144501] [rf2o_laser_odometry]: Waiting for laser_scans....
[rf2o_laser_odometry_node-5] [WARN] [1771096601.417165331] [rf2o_laser_odometry]: Waiting for laser_scans....
[rf2o_laser_odometry_node-5] [INFO] [1771096601.482675521] [rf2o_laser_odometry]: execution time (ms): 12.000000
[rf2o_laser_odometry_node-5] [INFO] [1771096601.482878201] [rf2o_laser_odometry]: Laser odom [x,y,yaw]=[0.100001 -0.000001 0.000000]
[rf2o_laser_odometry_node-5] [INFO] [1771096601.482912131] [rf2o_laser_odometry]: Robot-base odom [x,y,yaw]=[0.000001 -0.000001 0.000000]
[rf2o_laser_odometry_node-5] [INFO] [1771096601.531283171] [rf2o_laser_odometry]: execution time (ms): 12.000000
[rf2o_laser_odometry_node-5] [INFO] [1771096601.531445981] [rf2o_laser_odometry]: Laser odom [x,y,yaw]=[0.100001 -0.000001 0.000000]
[rf2o_laser_odometry_node-5] [INFO] [1771096601.531479911] [rf2o_laser_odometry]: Robot-base odom [x,y,yaw]=[0.000001 -0.000001 0.000000]
[rf2o_laser_odometry_node-5] [WARN] [1771096601.567204871] [rf2o_laser_odometry]: Waiting for laser_scans....
[rf2o_laser_odometry_node-5] [INFO] [1771096601.631121971] [rf2o_laser_odometry]: execution time (ms): 16.000000
[rf2o_laser_odometry_node-5] [INFO] [1771096601.631281091] [rf2o_laser_odometry]: Laser odom [x,y,yaw]=[0.100001 -0.000001 0.000000]
[rf2o_laser_odometry_node-5] [INFO] [1771096601.631327801] [rf2o_laser_odometry]: Robot-base odom [x,y,yaw]=[0.000001 -0.000001 0.000000]
[rf2o_laser_odometry_node-5] [WARN] [1771096601.667198201] [rf2o_laser_odometry]: Waiting for laser_scans....
[rf2o_laser_odometry_node-5] [INFO] [1771096601.729106411] [rf2o_laser_odometry]: execution time (ms): 12.000000
[rf2o_laser_odometry_node-5] [INFO] [1771096601.729230701] [rf2o_laser_odometry]: Laser odom [x,y,yaw]=[0.100001 -0.000001 0.000000]
[rf2o_laser_odometry_node-5] [INFO] [1771096601.729256711] [rf2o_laser_odometry]: Robot-base odom [x,y,yaw]=[0.000001 -0.000001 0.000000]
[rf2o_laser_odometry_node-5] [WARN] [1771096601.767321221] [rf2o_laser_odometry]: Waiting for laser_scans....
[rf2o_laser_odometry_node-5] [INFO] [1771096601.827350861] [rf2o_laser_odometry]: execution time (ms): 8.000000
[rf2o_laser_odometry_node-5] [INFO] [1771096601.827491981] [rf2o_laser_odometry]: Laser odom [x,y,yaw]=[0.100001 -0.000001 0.000000]
[rf2o_laser_odometry_node-5] [INFO] [1771096601.827518441] [rf2o_laser_odometry]: Robot-base odom [x,y,yaw]=[0.000001 -0.000001 0.000000]
[rf2o_laser_odometry_node-5] [WARN] [1771096601.867161821] [rf2o_laser_odometry]: Waiting for laser_scans....
[rf2o_laser_odometry_node-5] [WARN] [1771096601.917161321] [rf2o_laser_odometry]: Waiting for laser_scans....
[rf2o_laser_odometry_node-5] [INFO] [1771096601.979287421] [rf2o_laser_odometry]: execution time (ms): 12.000000
[rf2o_laser_odometry_node-5] [INFO] [1771096601.979519711] [rf2o_laser_odometry]: Laser odom [x,y,yaw]=[0.100001 -0.000001 0.000000]
[rf2o_laser_odometry_node-5] [INFO] [1771096601.979559131] [rf2o_laser_odometry]: Robot-base odom [x,y,yaw]=[0.000001 -0.000001 0.000000]
[rf2o_laser_odometry_node-5] [INFO] [1771096602.030070911] [rf2o_laser_odometry]: execution time (ms): 12.000000
[rf2o_laser_odometry_node-5] [INFO] [1771096602.030256311] [rf2o_laser_odometry]: Laser odom [x,y,yaw]=[0.100001 -0.000001 0.000000]
[rf2o_laser_odometry_node-5] [INFO] [1771096602.030350451] [rf2o_laser_odometry]: Robot-base odom [x,y,yaw]=[0.000001 -0.000001 0.000000]
[rf2o_laser_odometry_node-5] [WARN] [1771096602.068137401] [rf2o_laser_odometry]: Waiting for laser_scans....
[rf2o_laser_odometry_node-5] [INFO] [1771096602.129564111] [rf2o_laser_odometry]: execution time (ms): 12.000000
[rf2o_laser_odometry_node-5] [INFO] [1771096602.129787761] [rf2o_laser_odometry]: Laser odom [x,y,yaw]=[0.100001 -0.000001 0.000000]
[rf2o_laser_odometry_node-5] [INFO] [1771096602.129843381] [rf2o_laser_odometry]: Robot-base odom [x,y,yaw]=[0.000001 -0.000001 0.000000]
[rf2o_laser_odometry_node-5] [WARN] [1771096602.167232081] [rf2o_laser_odometry]: Waiting for laser_scans....
[rf2o_laser_odometry_node-5] [INFO] [1771096602.227731161] [rf2o_laser_odometry]: execution time (ms): 12.000000
[rf2o_laser_odometry_node-5] [INFO] [1771096602.227883621] [rf2o_laser_odometry]: Laser odom [x,y,yaw]=[0.100001 -0.000001 0.000000]
[rf2o_laser_odometry_node-5] [INFO] [1771096602.227913501] [rf2o_laser_odometry]: Robot-base odom [x,y,yaw]=[0.000001 -0.000001 0.000000]
[rf2o_laser_odometry_node-5] [WARN] [1771096602.267221541] [rf2o_laser_odometry]: Waiting for laser_scans....
[rf2o_laser_odometry_node-5] [INFO] [1771096602.328607121] [rf2o_laser_odometry]: execution time (ms): 12.000000
[rf2o_laser_odometry_node-5] [INFO] [1771096602.329270151] [rf2o_laser_odometry]: Laser odom [x,y,yaw]=[0.100001 -0.000001 0.000000]
[rf2o_laser_odometry_node-5] [INFO] [1771096602.329311191] [rf2o_laser_odometry]: Robot-base odom [x,y,yaw]=[0.000001 -0.000001 0.000000]
[rf2o_laser_odometry_node-5] [WARN] [1771096602.367174911] [rf2o_laser_odometry]: Waiting for laser_scans....
[rf2o_laser_odometry_node-5] [INFO] [1771096602.431531841] [rf2o_laser_odometry]: execution time (ms): 16.000000
[rf2o_laser_odometry_node-5] [INFO] [1771096602.431684031] [rf2o_laser_odometry]: Laser odom [x,y,yaw]=[0.100001 -0.000001 0.000000]
[rf2o_laser_odometry_node-5] [INFO] [1771096602.431713371] [rf2o_laser_odometry]: Robot-base odom [x,y,yaw]=[0.000001 -0.000001 0.000000]
[rf2o_laser_odometry_node-5] [WARN] [1771096602.467235651] [rf2o_laser_odometry]: Waiting for laser_scans....
[rf2o_laser_odometry_node-5] [INFO] [1771096602.528607191] [rf2o_laser_odometry]: execution time (ms): 12.000000
[rf2o_laser_odometry_node-5] [INFO] [1771096602.528790161] [rf2o_laser_odometry]: Laser odom [x,y,yaw]=[0.100001 -0.000001 0.000000]
[rf2o_laser_odometry_node-5] [INFO] [1771096602.528848391] [rf2o_laser_odometry]: Robot-base odom [x,y,yaw]=[0.000001 -0.000001 0.000000]
[rf2o_laser_odometry_node-5] [WARN] [1771096602.567246081] [rf2o_laser_odometry]: Waiting for laser_scans....
[rf2o_laser_odometry_node-5] [WARN] [1771096602.618692691] [rf2o_laser_odometry]: WARNING: Eigensolver couldn't find a solution. Pose is not updated
[rf2o_laser_odometry_node-5] [WARN] [1771096602.667181541] [rf2o_laser_odometry]: Waiting for laser_scans....
[rf2o_laser_odometry_node-5] [INFO] [1771096602.728066541] [rf2o_laser_odometry]: execution time (ms): 12.000000
[rf2o_laser_odometry_node-5] [INFO] [1771096602.728197581] [rf2o_laser_odometry]: Laser odom [x,y,yaw]=[0.100001 -0.000001 0.000000]
[rf2o_laser_odometry_node-5] [INFO] [1771096602.728222511] [rf2o_laser_odometry]: Robot-base odom [x,y,yaw]=[0.000001 -0.000001 0.000000]
[rf2o_laser_odometry_node-5] [WARN] [1771096602.767217981] [rf2o_laser_odometry]: Waiting for laser_scans....
[rf2o_laser_odometry_node-5] [WARN] [1771096602.817195701] [rf2o_laser_odometry]: Waiting for laser_scans....
[rf2o_laser_odometry_node-5] [WARN] [1771096602.867200871] [rf2o_laser_odometry]: Waiting for laser_scans....
[rf2o_laser_odometry_node-5] [WARN] [1771096602.921555921] [rf2o_laser_odometry]: WARNING: Eigensolver couldn't find a solution. Pose is not updated
[rf2o_laser_odometry_node-5] [WARN] [1771096602.967346931] [rf2o_laser_odometry]: Waiting for laser_scans....
[rf2o_laser_odometry_node-5] [INFO] [1771096603.027641351] [rf2o_laser_odometry]: execution time (ms): 8.000000
[rf2o_laser_odometry_node-5] [INFO] [1771096603.027873371] [rf2o_laser_odometry]: Laser odom [x,y,yaw]=[0.100001 -0.000001 0.000000]
[rf2o_laser_odometry_node-5] [INFO] [1771096603.027913871] [rf2o_laser_odometry]: Robot-base odom [x,y,yaw]=[0.000001 -0.000001 0.000000]
[rf2o_laser_odometry_node-5] [WARN] [1771096603.067209581] [rf2o_laser_odometry]: Waiting for laser_scans....
[rf2o_laser_odometry_node-5] [WARN] [1771096603.118775621] [rf2o_laser_odometry]: WARNING: Eigensolver couldn't find a solution. Pose is not updated
[rf2o_laser_odometry_node-5] [WARN] [1771096603.167184371] [rf2o_laser_odometry]: Waiting for laser_scans....
[rf2o_laser_odometry_node-5] [WARN] [1771096603.218464301] [rf2o_laser_odometry]: WARNING: Eigensolver couldn't find a solution. Pose is not updated
[rf2o_laser_odometry_node-5] [WARN] [1771096603.267386141] [rf2o_laser_odometry]: Waiting for laser_scans....
[rf2o_laser_odometry_node-5] [WARN] [1771096603.317205731] [rf2o_laser_odometry]: Waiting for laser_scans....
[rf2o_laser_odometry_node-5] [WARN] [1771096603.370070381] [rf2o_laser_odometry]: WARNING: Eigensolver couldn't find a solution. Pose is not updated
[rf2o_laser_odometry_node-5] [WARN] [1771096603.418873421] [rf2o_laser_odometry]: WARNING: Eigensolver couldn't find a solution. Pose is not updated
[rf2o_laser_odometry_node-5] [WARN] [1771096603.467267411] [rf2o_laser_odometry]: Waiting for laser_scans....
[rf2o_laser_odometry_node-5] [WARN] [1771096603.517230461] [rf2o_laser_odometry]: Waiting for laser_scans....
[rf2o_laser_odometry_node-5] [WARN] [1771096603.568703081] [rf2o_laser_odometry]: WARNING: Eigensolver couldn't find a solution. Pose is not updated
[rf2o_laser_odometry_node-5] [WARN] [1771096603.617232341] [rf2o_laser_odometry]: Waiting for laser_scans....
[rf2o_laser_odometry_node-5] [WARN] [1771096603.668680571] [rf2o_laser_odometry]: WARNING: Eigensolver couldn't find a solution. Pose is not updated
[rf2o_laser_odometry_node-5] [WARN] [1771096603.717182921] [rf2o_laser_odometry]: Waiting for laser_scans....
[rf2o_laser_odometry_node-5] [WARN] [1771096603.768374021] [rf2o_laser_odometry]: WARNING: Eigensolver couldn't find a solution. Pose is not updated
[rf2o_laser_odometry_node-5] [WARN] [1771096603.817154381] [rf2o_laser_odometry]: Waiting for laser_scans....
[rf2o_laser_odometry_node-5] [WARN] [1771096603.868928861] [rf2o_laser_odometry]: WARNING: Eigensolver couldn't find a solution. Pose is not updated
[rf2o_laser_odometry_node-5] [WARN] [1771096603.917169851] [rf2o_laser_odometry]: Waiting for laser_scans....
[rf2o_laser_odometry_node-5] [INFO] [1771096603.978451031] [rf2o_laser_odometry]: execution time (ms): 12.000000
[rf2o_laser_odometry_node-5] [INFO] [1771096603.978608261] [rf2o_laser_odometry]: Laser odom [x,y,yaw]=[0.100001 -0.000001 0.000000]
[rf2o_laser_odometry_node-5] [INFO] [1771096603.978651461] [rf2o_laser_odometry]: Robot-base odom [x,y,yaw]=[0.000001 -0.000001 0.000000]
[rf2o_laser_odometry_node-5] [WARN] [1771096604.017185501] [rf2o_laser_odometry]: Waiting for laser_scans....
[rf2o_laser_odometry_node-5] [WARN] [1771096604.068573971] [rf2o_laser_odometry]: WARNING: Eigensolver couldn't find a solution. Pose is not updated
[rf2o_laser_odometry_node-5] [WARN] [1771096604.117230041] [rf2o_laser_odometry]: Waiting for laser_scans....
[rf2o_laser_odometry_node-5] [WARN] [1771096604.168474871] [rf2o_laser_odometry]: WARNING: Eigensolver couldn't find a solution. Pose is not updated
[rf2o_laser_odometry_node-5] [WARN] [1771096604.217198801] [rf2o_laser_odometry]: Waiting for laser_scans....
[rf2o_laser_odometry_node-5] [WARN] [1771096604.268347511] [rf2o_laser_odometry]: WARNING: Eigensolver couldn't find a solution. Pose is not updated
[rf2o_laser_odometry_node-5] [WARN] [1771096604.317203471] [rf2o_laser_odometry]: Waiting for laser_scans....
[rf2o_laser_odometry_node-5] [WARN] [1771096604.368989561] [rf2o_laser_odometry]: WARNING: Eigensolver couldn't find a solution. Pose is not updated
[rf2o_laser_odometry_node-5] [WARN] [1771096604.417166381] [rf2o_laser_odometry]: Waiting for laser_scans....
[rf2o_laser_odometry_node-5] [WARN] [1771096604.469037161] [rf2o_laser_odometry]: WARNING: Eigensolver couldn't find a solution. Pose is not updated
[rf2o_laser_odometry_node-5] [WARN] [1771096604.517157371] [rf2o_laser_odometry]: Waiting for laser_scans....
[rf2o_laser_odometry_node-5] [WARN] [1771096604.569049121] [rf2o_laser_odometry]: WARNING: Eigensolver couldn't find a solution. Pose is not updated
[rf2o_laser_odometry_node-5] [WARN] [1771096604.617137921] [rf2o_laser_odometry]: Waiting for laser_scans....
[rf2o_laser_odometry_node-5] [WARN] [1771096604.668656801] [rf2o_laser_odometry]: WARNING: Eigensolver couldn't find a solution. Pose is not updated
[rf2o_laser_odometry_node-5] [WARN] [1771096604.717264001] [rf2o_laser_odometry]: Waiting for laser_scans....
[rf2o_laser_odometry_node-5] [WARN] [1771096604.767151181] [rf2o_laser_odometry]: Waiting for laser_scans....
[rf2o_laser_odometry_node-5] [WARN] [1771096604.818778061] [rf2o_laser_odometry]: WARNING: Eigensolver couldn't find a solution. Pose is not updated
[rf2o_laser_odometry_node-5] [WARN] [1771096604.868998331] [rf2o_laser_odometry]: WARNING: Eigensolver couldn't find a solution. Pose is not updated
[rf2o_laser_odometry_node-5] [WARN] [1771096604.917166061] [rf2o_laser_odometry]: Waiting for laser_scans....
[rf2o_laser_odometry_node-5] [WARN] [1771096604.968834071] [rf2o_laser_odometry]: WARNING: Eigensolver couldn't find a solution. Pose is not updated
[rf2o_laser_odometry_node-5] [WARN] [1771096605.017232381] [rf2o_laser_odometry]: Waiting for laser_scans....
[rf2o_laser_odometry_node-5] [WARN] [1771096605.068833341] [rf2o_laser_odometry]: WARNING: Eigensolver couldn't find a solution. Pose is not updated
[rf2o_laser_odometry_node-5] [WARN] [1771096605.117159111] [rf2o_laser_odometry]: Waiting for laser_scans....
[rf2o_laser_odometry_node-5] [WARN] [1771096605.169039971] [rf2o_laser_odometry]: WARNING: Eigensolver couldn't find a solution. Pose is not updated
[rf2o_laser_odometry_node-5] [WARN] [1771096605.217186821] [rf2o_laser_odometry]: Waiting for laser_scans....
[rf2o_laser_odometry_node-5] [WARN] [1771096605.267154191] [rf2o_laser_odometry]: Waiting for laser_scans....
[rf2o_laser_odometry_node-5] [WARN] [1771096605.318931101] [rf2o_laser_odometry]: WARNING: Eigensolver couldn't find a solution. Pose is not updated
[rf2o_laser_odometry_node-5] [WARN] [1771096605.368752131] [rf2o_laser_odometry]: WARNING: Eigensolver couldn't find a solution. Pose is not updated
[rf2o_laser_odometry_node-5] [WARN] [1771096605.417161421] [rf2o_laser_odometry]: Waiting for laser_scans....
[rf2o_laser_odometry_node-5] [WARN] [1771096605.468856521] [rf2o_laser_odometry]: WARNING: Eigensolver couldn't find a solution. Pose is not updated
[rf2o_laser_odometry_node-5] [WARN] [1771096605.517209741] [rf2o_laser_odometry]: Waiting for laser_scans....
[rf2o_laser_odometry_node-5] [WARN] [1771096605.568366101] [rf2o_laser_odometry]: WARNING: Eigensolver couldn't find a solution. Pose is not updated
[rf2o_laser_odometry_node-5] [WARN] [1771096605.617193891] [rf2o_laser_odometry]: Waiting for laser_scans....
[rf2o_laser_odometry_node-5] [WARN] [1771096605.668586321] [rf2o_laser_odometry]: WARNING: Eigensolver couldn't find a solution. Pose is not updated
[rviz2-10] [INFO] [1771096605.693360081] [rviz]: Message Filter dropping message: frame 'minidog/base_footprint/ouster' at time 0.900 for reason 'the timestamp on the message is earlier than all the data in the transform cache'
[rf2o_laser_odometry_node-5] [WARN] [1771096605.717213501] [rf2o_laser_odometry]: Waiting for laser_scans....
[INFO] [lifecycle_manager-18]: process started with pid [39143]
[rf2o_laser_odometry_node-5] [WARN] [1771096605.767239641] [rf2o_laser_odometry]: Waiting for laser_scans....
[rviz2-10] [INFO] [1771096605.816042501] [rviz]: Message Filter dropping message: frame 'minidog/base_footprint/ouster' at time 1.000 for reason 'the timestamp on the message is earlier than all the data in the transform cache'
[rf2o_laser_odometry_node-5] [WARN] [1771096605.818978931] [rf2o_laser_odometry]: WARNING: Eigensolver couldn't find a solution. Pose is not updated
[rf2o_laser_odometry_node-5] [WARN] [1771096605.869126841] [rf2o_laser_odometry]: WARNING: Eigensolver couldn't find a solution. Pose is not updated
[rviz2-10] [INFO] [1771096605.910408671] [rviz]: Message Filter dropping message: frame 'minidog/base_footprint/ouster' at time 1.100 for reason 'the timestamp on the message is earlier than all the data in the transform cache'
[rf2o_laser_odometry_node-5] [WARN] [1771096605.917182791] [rf2o_laser_odometry]: Waiting for laser_scans....
[rf2o_laser_odometry_node-5] [WARN] [1771096605.967263561] [rf2o_laser_odometry]: Waiting for laser_scans....
[rf2o_laser_odometry_node-5] [WARN] [1771096606.018576161] [rf2o_laser_odometry]: WARNING: Eigensolver couldn't find a solution. Pose is not updated
[rviz2-10] [INFO] [1771096606.032206841] [rviz]: Message Filter dropping message: frame 'minidog/base_footprint/ouster' at time 1.200 for reason 'the timestamp on the message is earlier than all the data in the transform cache'
[rf2o_laser_odometry_node-5] [WARN] [1771096606.067125401] [rf2o_laser_odometry]: Waiting for laser_scans....
[rf2o_laser_odometry_node-5] [WARN] [1771096606.118388231] [rf2o_laser_odometry]: WARNING: Eigensolver couldn't find a solution. Pose is not updated
[rviz2-10] [INFO] [1771096606.134121491] [rviz]: Message Filter dropping message: frame 'minidog/base_footprint/ouster' at time 1.300 for reason 'the timestamp on the message is earlier than all the data in the transform cache'
[rf2o_laser_odometry_node-5] [WARN] [1771096606.167171921] [rf2o_laser_odometry]: Waiting for laser_scans....
[rf2o_laser_odometry_node-5] [WARN] [1771096606.219163481] [rf2o_laser_odometry]: WARNING: Eigensolver couldn't find a solution. Pose is not updated
[rviz2-10] [INFO] [1771096606.242913851] [rviz]: Message Filter dropping message: frame 'minidog/base_footprint/ouster' at time 1.400 for reason 'the timestamp on the message is earlier than all the data in the transform cache'
[rf2o_laser_odometry_node-5] [WARN] [1771096606.267149411] [rf2o_laser_odometry]: Waiting for laser_scans....
[rf2o_laser_odometry_node-5] [WARN] [1771096606.318958541] [rf2o_laser_odometry]: WARNING: Eigensolver couldn't find a solution. Pose is not updated
[rviz2-10] [INFO] [1771096606.346944491] [rviz]: Message Filter dropping message: frame 'minidog/base_footprint/ouster' at time 1.500 for reason 'the timestamp on the message is earlier than all the data in the transform cache'
[rf2o_laser_odometry_node-5] [WARN] [1771096606.367119251] [rf2o_laser_odometry]: Waiting for laser_scans....
[rf2o_laser_odometry_node-5] [WARN] [1771096606.417106421] [rf2o_laser_odometry]: Waiting for laser_scans....
[rviz2-10] [INFO] [1771096606.444572171] [rviz]: Message Filter dropping message: frame 'minidog/base_footprint/ouster' at time 1.600 for reason 'the timestamp on the message is earlier than all the data in the transform cache'
[rf2o_laser_odometry_node-5] [WARN] [1771096606.468831401] [rf2o_laser_odometry]: WARNING: Eigensolver couldn't find a solution. Pose is not updated
[rf2o_laser_odometry_node-5] [WARN] [1771096606.518912891] [rf2o_laser_odometry]: WARNING: Eigensolver couldn't find a solution. Pose is not updated
[rviz2-10] [INFO] [1771096606.543204251] [rviz]: Message Filter dropping message: frame 'minidog/base_footprint/ouster' at time 1.700 for reason 'the timestamp on the message is earlier than all the data in the transform cache'
[rf2o_laser_odometry_node-5] [WARN] [1771096606.567225251] [rf2o_laser_odometry]: Waiting for laser_scans....
[rf2o_laser_odometry_node-5] [WARN] [1771096606.618540371] [rf2o_laser_odometry]: WARNING: Eigensolver couldn't find a solution. Pose is not updated
[rf2o_laser_odometry_node-5] [WARN] [1771096606.667226051] [rf2o_laser_odometry]: Waiting for laser_scans....
[rf2o_laser_odometry_node-5] [WARN] [1771096606.718799291] [rf2o_laser_odometry]: WARNING: Eigensolver couldn't find a solution. Pose is not updated
[rf2o_laser_odometry_node-5] [WARN] [1771096606.767163581] [rf2o_laser_odometry]: Waiting for laser_scans....
[rf2o_laser_odometry_node-5] [WARN] [1771096606.819188441] [rf2o_laser_odometry]: WARNING: Eigensolver couldn't find a solution. Pose is not updated
[rf2o_laser_odometry_node-5] [WARN] [1771096606.867168791] [rf2o_laser_odometry]: Waiting for laser_scans....
[rf2o_laser_odometry_node-5] [WARN] [1771096606.917177111] [rf2o_laser_odometry]: Waiting for laser_scans....
[rf2o_laser_odometry_node-5] [WARN] [1771096606.968999561] [rf2o_laser_odometry]: WARNING: Eigensolver couldn't find a solution. Pose is not updated
[rf2o_laser_odometry_node-5] [WARN] [1771096607.019054951] [rf2o_laser_odometry]: WARNING: Eigensolver couldn't find a solution. Pose is not updated
[rf2o_laser_odometry_node-5] [WARN] [1771096607.067230781] [rf2o_laser_odometry]: Waiting for laser_scans....
[rf2o_laser_odometry_node-5] [WARN] [1771096607.118654441] [rf2o_laser_odometry]: WARNING: Eigensolver couldn't find a solution. Pose is not updated
[rf2o_laser_odometry_node-5] [WARN] [1771096607.167240491] [rf2o_laser_odometry]: Waiting for laser_scans....
[rf2o_laser_odometry_node-5] [WARN] [1771096607.218374531] [rf2o_laser_odometry]: WARNING: Eigensolver couldn't find a solution. Pose is not updated
[rf2o_laser_odometry_node-5] [WARN] [1771096607.267192961] [rf2o_laser_odometry]: Waiting for laser_scans....
[rf2o_laser_odometry_node-5] [WARN] [1771096607.318653971] [rf2o_laser_odometry]: WARNING: Eigensolver couldn't find a solution. Pose is not updated
[rf2o_laser_odometry_node-5] [WARN] [1771096607.367165141] [rf2o_laser_odometry]: Waiting for laser_scans....
[rf2o_laser_odometry_node-5] [WARN] [1771096607.418843501] [rf2o_laser_odometry]: WARNING: Eigensolver couldn't find a solution. Pose is not updated
[rf2o_laser_odometry_node-5] [WARN] [1771096607.467318221] [rf2o_laser_odometry]: Waiting for laser_scans....
[rf2o_laser_odometry_node-5] [WARN] [1771096607.519397891] [rf2o_laser_odometry]: WARNING: Eigensolver couldn't find a solution. Pose is not updated
[rf2o_laser_odometry_node-5] [WARN] [1771096607.567219931] [rf2o_laser_odometry]: Waiting for laser_scans....
[rf2o_laser_odometry_node-5] [WARN] [1771096607.619002961] [rf2o_laser_odometry]: WARNING: Eigensolver couldn't find a solution. Pose is not updated
[rf2o_laser_odometry_node-5] [WARN] [1771096607.667164391] [rf2o_laser_odometry]: Waiting for laser_scans....
[rf2o_laser_odometry_node-5] [WARN] [1771096607.718679041] [rf2o_laser_odometry]: WARNING: Eigensolver couldn't find a solution. Pose is not updated
[rf2o_laser_odometry_node-5] [WARN] [1771096607.767204341] [rf2o_laser_odometry]: Waiting for laser_scans....
[rf2o_laser_odometry_node-5] [WARN] [1771096607.817159021] [rf2o_laser_odometry]: Waiting for laser_scans....
[rf2o_laser_odometry_node-5] [WARN] [1771096607.868889941] [rf2o_laser_odometry]: WARNING: Eigensolver couldn't find a solution. Pose is not updated
[rf2o_laser_odometry_node-5] [WARN] [1771096607.919453291] [rf2o_laser_odometry]: WARNING: Eigensolver couldn't find a solution. Pose is not updated
[rf2o_laser_odometry_node-5] [WARN] [1771096607.967232671] [rf2o_laser_odometry]: Waiting for laser_scans....
[rf2o_laser_odometry_node-5] [WARN] [1771096608.017214441] [rf2o_laser_odometry]: Waiting for laser_scans....
[rf2o_laser_odometry_node-5] [WARN] [1771096608.068541621] [rf2o_laser_odometry]: WARNING: Eigensolver couldn't find a solution. Pose is not updated
[rf2o_laser_odometry_node-5] [WARN] [1771096608.117158901] [rf2o_laser_odometry]: Waiting for laser_scans....
[rf2o_laser_odometry_node-5] [WARN] [1771096608.168748161] [rf2o_laser_odometry]: WARNING: Eigensolver couldn't find a solution. Pose is not updated
[rf2o_laser_odometry_node-5] [WARN] [1771096608.217228731] [rf2o_laser_odometry]: Waiting for laser_scans....
[rf2o_laser_odometry_node-5] [WARN] [1771096608.268803141] [rf2o_laser_odometry]: WARNING: Eigensolver couldn't find a solution. Pose is not updated
[rf2o_laser_odometry_node-5] [WARN] [1771096608.317203431] [rf2o_laser_odometry]: Waiting for laser_scans....
[rf2o_laser_odometry_node-5] [WARN] [1771096608.368383911] [rf2o_laser_odometry]: WARNING: Eigensolver couldn't find a solution. Pose is not updated
[rf2o_laser_odometry_node-5] [WARN] [1771096608.417214311] [rf2o_laser_odometry]: Waiting for laser_scans....
[rf2o_laser_odometry_node-5] [WARN] [1771096608.468905451] [rf2o_laser_odometry]: WARNING: Eigensolver couldn't find a solution. Pose is not updated
[rf2o_laser_odometry_node-5] [WARN] [1771096608.517238871] [rf2o_laser_odometry]: Waiting for laser_scans....
[rf2o_laser_odometry_node-5] [WARN] [1771096608.568866651] [rf2o_laser_odometry]: WARNING: Eigensolver couldn't find a solution. Pose is not updated
[rf2o_laser_odometry_node-5] [WARN] [1771096608.617225181] [rf2o_laser_odometry]: Waiting for laser_scans....
[rf2o_laser_odometry_node-5] [WARN] [1771096608.668366061] [rf2o_laser_odometry]: WARNING: Eigensolver couldn't find a solution. Pose is not updated
[rf2o_laser_odometry_node-5] [WARN] [1771096608.717229041] [rf2o_laser_odometry]: Waiting for laser_scans....
[rf2o_laser_odometry_node-5] [WARN] [1771096608.768842511] [rf2o_laser_odometry]: WARNING: Eigensolver couldn't find a solution. Pose is not updated
[rf2o_laser_odometry_node-5] [WARN] [1771096608.817182231] [rf2o_laser_odometry]: Waiting for laser_scans....
[rf2o_laser_odometry_node-5] [WARN] [1771096608.868574571] [rf2o_laser_odometry]: WARNING: Eigensolver couldn't find a solution. Pose is not updated
[rf2o_laser_odometry_node-5] [WARN] [1771096608.917186721] [rf2o_laser_odometry]: Waiting for laser_scans....
[rf2o_laser_odometry_node-5] [WARN] [1771096608.968484471] [rf2o_laser_odometry]: WARNING: Eigensolver couldn't find a solution. Pose is not updated
[rf2o_laser_odometry_node-5] [WARN] [1771096609.017190401] [rf2o_laser_odometry]: Waiting for laser_scans....
[rf2o_laser_odometry_node-5] [WARN] [1771096609.068791361] [rf2o_laser_odometry]: WARNING: Eigensolver couldn't find a solution. Pose is not updated
[rf2o_laser_odometry_node-5] [WARN] [1771096609.117184091] [rf2o_laser_odometry]: Waiting for laser_scans....
[rf2o_laser_odometry_node-5] [WARN] [1771096609.168470321] [rf2o_laser_odometry]: WARNING: Eigensolver couldn't find a solution. Pose is not updated
[rf2o_laser_odometry_node-5] [WARN] [1771096609.217191911] [rf2o_laser_odometry]: Waiting for laser_scans....
[rf2o_laser_odometry_node-5] [WARN] [1771096609.267165941] [rf2o_laser_odometry]: Waiting for laser_scans....
[rf2o_laser_odometry_node-5] [WARN] [1771096609.318845831] [rf2o_laser_odometry]: WARNING: Eigensolver couldn't find a solution. Pose is not updated
[rf2o_laser_odometry_node-5] [WARN] [1771096609.369284261] [rf2o_laser_odometry]: WARNING: Eigensolver couldn't find a solution. Pose is not updated
[rf2o_laser_odometry_node-5] [WARN] [1771096609.417188741] [rf2o_laser_odometry]: Waiting for laser_scans....
[rf2o_laser_odometry_node-5] [WARN] [1771096609.469069601] [rf2o_laser_odometry]: WARNING: Eigensolver couldn't find a solution. Pose is not updated
[rf2o_laser_odometry_node-5] [WARN] [1771096609.517289981] [rf2o_laser_odometry]: Waiting for laser_scans....
[rf2o_laser_odometry_node-5] [WARN] [1771096609.568508621] [rf2o_laser_odometry]: WARNING: Eigensolver couldn't find a solution. Pose is not updated
[rf2o_laser_odometry_node-5] [WARN] [1771096609.617188181] [rf2o_laser_odometry]: Waiting for laser_scans....
[rf2o_laser_odometry_node-5] [WARN] [1771096609.668766821] [rf2o_laser_odometry]: WARNING: Eigensolver couldn't find a solution. Pose is not updated
[rf2o_laser_odometry_node-5] [WARN] [1771096609.717246671] [rf2o_laser_odometry]: Waiting for laser_scans....
[rf2o_laser_odometry_node-5] [WARN] [1771096609.767208101] [rf2o_laser_odometry]: Waiting for laser_scans....
[rf2o_laser_odometry_node-5] [WARN] [1771096613.402662431] [rf2o_laser_odometry]: WARNING: Eigensolver couldn't find a solution. Pose is not updated
[rf2o_laser_odometry_node-5] [WARN] [1771096613.403049341] [rf2o_laser_odometry]: Waiting for laser_scans....
[rf2o_laser_odometry_node-5] [WARN] [1771096613.454553641] [rf2o_laser_odometry]: WARNING: Eigensolver couldn't find a solution. Pose is not updated
[rf2o_laser_odometry_node-5] [WARN] [1771096613.504865261] [rf2o_laser_odometry]: Waiting for laser_scans....
[rf2o_laser_odometry_node-5] [WARN] [1771096613.556442281] [rf2o_laser_odometry]: WARNING: Eigensolver couldn't find a solution. Pose is not updated
[rf2o_laser_odometry_node-5] [WARN] [1771096613.607462291] [rf2o_laser_odometry]: Waiting for laser_scans....
[rf2o_laser_odometry_node-5] [WARN] [1771096613.659115001] [rf2o_laser_odometry]: WARNING: Eigensolver couldn't find a solution. Pose is not updated
[rf2o_laser_odometry_node-5] [WARN] [1771096613.709732351] [rf2o_laser_odometry]: Waiting for laser_scans....
[rf2o_laser_odometry_node-5] [WARN] [1771096613.761864311] [rf2o_laser_odometry]: WARNING: Eigensolver couldn't find a solution. Pose is not updated
[rf2o_laser_odometry_node-5] [WARN] [1771096613.812138851] [rf2o_laser_odometry]: Waiting for laser_scans....
[rf2o_laser_odometry_node-5] [WARN] [1771096613.863963191] [rf2o_laser_odometry]: WARNING: Eigensolver couldn't find a solution. Pose is not updated
[rf2o_laser_odometry_node-5] [WARN] [1771096613.914381911] [rf2o_laser_odometry]: Waiting for laser_scans....
[rf2o_laser_odometry_node-5] [WARN] [1771096613.965988631] [rf2o_laser_odometry]: WARNING: Eigensolver couldn't find a solution. Pose is not updated
[rf2o_laser_odometry_node-5] [WARN] [1771096614.016325361] [rf2o_laser_odometry]: Waiting for laser_scans....
[rf2o_laser_odometry_node-5] [WARN] [1771096614.068590341] [rf2o_laser_odometry]: WARNING: Eigensolver couldn't find a solution. Pose is not updated
[rf2o_laser_odometry_node-5] [WARN] [1771096614.118952361] [rf2o_laser_odometry]: Waiting for laser_scans....
[rf2o_laser_odometry_node-5] [WARN] [1771096614.170407341] [rf2o_laser_odometry]: WARNING: Eigensolver couldn't find a solution. Pose is not updated
[rf2o_laser_odometry_node-5] [WARN] [1771096614.220781871] [rf2o_laser_odometry]: Waiting for laser_scans....
[rf2o_laser_odometry_node-5] [WARN] [1771096614.272692791] [rf2o_laser_odometry]: WARNING: Eigensolver couldn't find a solution. Pose is not updated
[INFO] [frontier_explore-19]: process started with pid [39189]
[INFO] [python3-20]: process started with pid [39191]
[rf2o_laser_odometry_node-5] [WARN] [1771096614.323029521] [rf2o_laser_odometry]: Waiting for laser_scans....
[rf2o_laser_odometry_node-5] [WARN] [1771096614.374819661] [rf2o_laser_odometry]: WARNING: Eigensolver couldn't find a solution. Pose is not updated
[rf2o_laser_odometry_node-5] [WARN] [1771096614.425456721] [rf2o_laser_odometry]: Waiting for laser_scans....
[rf2o_laser_odometry_node-5] [WARN] [1771096614.477257481] [rf2o_laser_odometry]: WARNING: Eigensolver couldn't find a solution. Pose is not updated
[rf2o_laser_odometry_node-5] [WARN] [1771096614.529738821] [rf2o_laser_odometry]: Waiting for laser_scans....
[rf2o_laser_odometry_node-5] [WARN] [1771096614.582910731] [rf2o_laser_odometry]: WARNING: Eigensolver couldn't find a solution. Pose is not updated
[rf2o_laser_odometry_node-5] [WARN] [1771096614.634034511] [rf2o_laser_odometry]: Waiting for laser_scans....
[rf2o_laser_odometry_node-5] [WARN] [1771096614.685514781] [rf2o_laser_odometry]: WARNING: Eigensolver couldn't find a solution. Pose is not updated
[python3-20] 
[python3-20] Collecting usage statistics. To deactivate, set browser.gatherUsageStats to false.
[python3-20] 
[rf2o_laser_odometry_node-5] [WARN] [1771096614.736014951] [rf2o_laser_odometry]: Waiting for laser_scans....
[python3-20] 
[python3-20]   You can now view your Streamlit app in your browser.
[python3-20] 
[python3-20]   URL: http://0.0.0.0:8501
[python3-20] 
[rf2o_laser_odometry_node-5] [WARN] [1771096614.787954311] [rf2o_laser_odometry]: WARNING: Eigensolver couldn't find a solution. Pose is not updated
[rf2o_laser_odometry_node-5] [WARN] [1771096614.838334331] [rf2o_laser_odometry]: Waiting for laser_scans....
[rf2o_laser_odometry_node-5] [WARN] [1771096614.888653511] [rf2o_laser_odometry]: Waiting for laser_scans....
[rf2o_laser_odometry_node-5] [WARN] [1771096614.940754781] [rf2o_laser_odometry]: WARNING: Eigensolver couldn't find a solution. Pose is not updated
[rf2o_laser_odometry_node-5] [WARN] [1771096614.993025791] [rf2o_laser_odometry]: WARNING: Eigensolver couldn't find a solution. Pose is not updated
[frontier_explore-19] [INFO] [1771096615.016569791] [frontier_explore]: frontier_explorer: map=/map enable=/autonomy_enabled frame=map robot_frame=minidog/base_footprint
[frontier_explore-19] [INFO] [1771096615.017510291] [frontier_explore]: Autonomy AUTO-ENABLED — will explore when Nav2 is ready
[rf2o_laser_odometry_node-5] [WARN] [1771096615.043367471] [rf2o_laser_odometry]: Waiting for laser_scans....
[rf2o_laser_odometry_node-5] [WARN] [1771096615.096441371] [rf2o_laser_odometry]: WARNING: Eigensolver couldn't find a solution. Pose is not updated
[rf2o_laser_odometry_node-5] [WARN] [1771096615.146970251] [rf2o_laser_odometry]: Waiting for laser_scans....
[rf2o_laser_odometry_node-5] [WARN] [1771096615.198893231] [rf2o_laser_odometry]: WARNING: Eigensolver couldn't find a solution. Pose is not updated
[rf2o_laser_odometry_node-5] [WARN] [1771096615.249318251] [rf2o_laser_odometry]: Waiting for laser_scans....
[rf2o_laser_odometry_node-5] [WARN] [1771096615.301063931] [rf2o_laser_odometry]: WARNING: Eigensolver couldn't find a solution. Pose is not updated
[rf2o_laser_odometry_node-5] [WARN] [1771096615.351381491] [rf2o_laser_odometry]: Waiting for laser_scans....
[rf2o_laser_odometry_node-5] [WARN] [1771096615.401590691] [rf2o_laser_odometry]: Waiting for laser_scans....
[rf2o_laser_odometry_node-5] [WARN] [1771096615.453447341] [rf2o_laser_odometry]: WARNING: Eigensolver couldn't find a solution. Pose is not updated
[rf2o_laser_odometry_node-5] [WARN] [1771096615.504827801] [rf2o_laser_odometry]: WARNING: Eigensolver couldn't find a solution. Pose is not updated
[rf2o_laser_odometry_node-5] [WARN] [1771096615.553029731] [rf2o_laser_odometry]: Waiting for laser_scans....
[rf2o_laser_odometry_node-5] [WARN] [1771096615.604513331] [rf2o_laser_odometry]: WARNING: Eigensolver couldn't find a solution. Pose is not updated
[rf2o_laser_odometry_node-5] [WARN] [1771096615.653080751] [rf2o_laser_odometry]: Waiting for laser_scans....
[rf2o_laser_odometry_node-5] [WARN] [1771096615.704535821] [rf2o_laser_odometry]: WARNING: Eigensolver couldn't find a solution. Pose is not updated
[rf2o_laser_odometry_node-5] [WARN] [1771096615.753136631] [rf2o_laser_odometry]: Waiting for laser_scans....
[rf2o_laser_odometry_node-5] [WARN] [1771096615.804761081] [rf2o_laser_odometry]: WARNING: Eigensolver couldn't find a solution. Pose is not updated
[rf2o_laser_odometry_node-5] [WARN] [1771096615.853054541] [rf2o_laser_odometry]: Waiting for laser_scans....
[rf2o_laser_odometry_node-5] [WARN] [1771096615.903008681] [rf2o_laser_odometry]: Waiting for laser_scans....
[rf2o_laser_odometry_node-5] [WARN] [1771096615.954634661] [rf2o_laser_odometry]: WARNING: Eigensolver couldn't find a solution. Pose is not updated
[rf2o_laser_odometry_node-5] [WARN] [1771096616.004424911] [rf2o_laser_odometry]: WARNING: Eigensolver couldn't find a solution. Pose is not updated
[rf2o_laser_odometry_node-5] [WARN] [1771096616.053021221] [rf2o_laser_odometry]: Waiting for laser_scans....
[rf2o_laser_odometry_node-5] [WARN] [1771096616.104820451] [rf2o_laser_odometry]: WARNING: Eigensolver couldn't find a solution. Pose is not updated
[rf2o_laser_odometry_node-5] [WARN] [1771096616.152968921] [rf2o_laser_odometry]: Waiting for laser_scans....
[rf2o_laser_odometry_node-5] [WARN] [1771096616.204572401] [rf2o_laser_odometry]: WARNING: Eigensolver couldn't find a solution. Pose is not updated
[rf2o_laser_odometry_node-5] [WARN] [1771096616.253112281] [rf2o_laser_odometry]: Waiting for laser_scans....
[rf2o_laser_odometry_node-5] [WARN] [1771096616.304641871] [rf2o_laser_odometry]: WARNING: Eigensolver couldn't find a solution. Pose is not updated
[rf2o_laser_odometry_node-5] [WARN] [1771096616.353072851] [rf2o_laser_odometry]: Waiting for laser_scans....
[rf2o_laser_odometry_node-5] [WARN] [1771096616.403048861] [rf2o_laser_odometry]: Waiting for laser_scans....
[rf2o_laser_odometry_node-5] [WARN] [1771096616.454490791] [rf2o_laser_odometry]: WARNING: Eigensolver couldn't find a solution. Pose is not updated
[rf2o_laser_odometry_node-5] [WARN] [1771096616.504167641] [rf2o_laser_odometry]: WARNING: Eigensolver couldn't find a solution. Pose is not updated
[rf2o_laser_odometry_node-5] [WARN] [1771096616.553015141] [rf2o_laser_odometry]: Waiting for laser_scans....
[rf2o_laser_odometry_node-5] [WARN] [1771096616.604486231] [rf2o_laser_odometry]: WARNING: Eigensolver couldn't find a solution. Pose is not updated
[rf2o_laser_odometry_node-5] [WARN] [1771096616.653053381] [rf2o_laser_odometry]: Waiting for laser_scans....
[rf2o_laser_odometry_node-5] [WARN] [1771096616.704590801] [rf2o_laser_odometry]: WARNING: Eigensolver couldn't find a solution. Pose is not updated
[rf2o_laser_odometry_node-5] [WARN] [1771096616.753006031] [rf2o_laser_odometry]: Waiting for laser_scans....
[rf2o_laser_odometry_node-5] [WARN] [1771096616.804406471] [rf2o_laser_odometry]: WARNING: Eigensolver couldn't find a solution. Pose is not updated
[rf2o_laser_odometry_node-5] [WARN] [1771096616.853066411] [rf2o_laser_odometry]: Waiting for laser_scans....
[rf2o_laser_odometry_node-5] [WARN] [1771096616.903075721] [rf2o_laser_odometry]: Waiting for laser_scans....
[rf2o_laser_odometry_node-5] [WARN] [1771096616.954763081] [rf2o_laser_odometry]: WARNING: Eigensolver couldn't find a solution. Pose is not updated
[rf2o_laser_odometry_node-5] [WARN] [1771096617.003026571] [rf2o_laser_odometry]: Waiting for laser_scans....
[rf2o_laser_odometry_node-5] [WARN] [1771096617.055281831] [rf2o_laser_odometry]: WARNING: Eigensolver couldn't find a solution. Pose is not updated
[rf2o_laser_odometry_node-5] [WARN] [1771096617.103029801] [rf2o_laser_odometry]: Waiting for laser_scans....
[rf2o_laser_odometry_node-5] [WARN] [1771096617.154669551] [rf2o_laser_odometry]: WARNING: Eigensolver couldn't find a solution. Pose is not updated
[rf2o_laser_odometry_node-5] [WARN] [1771096617.203043021] [rf2o_laser_odometry]: Waiting for laser_scans....
[rf2o_laser_odometry_node-5] [WARN] [1771096617.254262921] [rf2o_laser_odometry]: WARNING: Eigensolver couldn't find a solution. Pose is not updated
[rf2o_laser_odometry_node-5] [WARN] [1771096617.303003411] [rf2o_laser_odometry]: Waiting for laser_scans....
[rf2o_laser_odometry_node-5] [WARN] [1771096617.354243561] [rf2o_laser_odometry]: WARNING: Eigensolver couldn't find a solution. Pose is not updated
[rf2o_laser_odometry_node-5] [WARN] [1771096617.403032921] [rf2o_laser_odometry]: Waiting for laser_scans....
[rf2o_laser_odometry_node-5] [WARN] [1771096617.469313331] [rf2o_laser_odometry]: Waiting for laser_scans....
[rf2o_laser_odometry_node-5] [WARN] [1771096617.504698991] [rf2o_laser_odometry]: WARNING: Eigensolver couldn't find a solution. Pose is not updated
[rf2o_laser_odometry_node-5] [WARN] [1771096617.553110351] [rf2o_laser_odometry]: Waiting for laser_scans....
[rf2o_laser_odometry_node-5] [WARN] [1771096617.604455621] [rf2o_laser_odometry]: WARNING: Eigensolver couldn't find a solution. Pose is not updated
[rf2o_laser_odometry_node-5] [WARN] [1771096617.653019531] [rf2o_laser_odometry]: Waiting for laser_scans....
[rf2o_laser_odometry_node-5] [WARN] [1771096617.704350401] [rf2o_laser_odometry]: WARNING: Eigensolver couldn't find a solution. Pose is not updated
[rf2o_laser_odometry_node-5] [WARN] [1771096617.753069291] [rf2o_laser_odometry]: Waiting for laser_scans....
[rf2o_laser_odometry_node-5] [WARN] [1771096617.804514551] [rf2o_laser_odometry]: WARNING: Eigensolver couldn't find a solution. Pose is not updated
[rf2o_laser_odometry_node-5] [WARN] [1771096617.853086381] [rf2o_laser_odometry]: Waiting for laser_scans....
[rf2o_laser_odometry_node-5] [WARN] [1771096617.904355421] [rf2o_laser_odometry]: WARNING: Eigensolver couldn't find a solution. Pose is not updated
[rf2o_laser_odometry_node-5] [WARN] [1771096617.953032911] [rf2o_laser_odometry]: Waiting for laser_scans....
[rf2o_laser_odometry_node-5] [WARN] [1771096618.003018011] [rf2o_laser_odometry]: Waiting for laser_scans....
[rf2o_laser_odometry_node-5] [WARN] [1771096618.054541391] [rf2o_laser_odometry]: WARNING: Eigensolver couldn't find a solution. Pose is not updated
[rf2o_laser_odometry_node-5] [WARN] [1771096618.104264951] [rf2o_laser_odometry]: WARNING: Eigensolver couldn't find a solution. Pose is not updated
[rf2o_laser_odometry_node-5] [WARN] [1771096618.153131621] [rf2o_laser_odometry]: Waiting for laser_scans....
[rf2o_laser_odometry_node-5] [WARN] [1771096618.204413261] [rf2o_laser_odometry]: WARNING: Eigensolver couldn't find a solution. Pose is not updated
[rf2o_laser_odometry_node-5] [WARN] [1771096618.253037921] [rf2o_laser_odometry]: Waiting for laser_scans....
[rf2o_laser_odometry_node-5] [WARN] [1771096618.304881431] [rf2o_laser_odometry]: WARNING: Eigensolver couldn't find a solution. Pose is not updated
[rf2o_laser_odometry_node-5] [WARN] [1771096618.353014871] [rf2o_laser_odometry]: Waiting for laser_scans....
[rf2o_laser_odometry_node-5] [WARN] [1771096618.405397481] [rf2o_laser_odometry]: WARNING: Eigensolver couldn't find a solution. Pose is not updated
[rf2o_laser_odometry_node-5] [WARN] [1771096618.452973551] [rf2o_laser_odometry]: Waiting for laser_scans....
[rf2o_laser_odometry_node-5] [WARN] [1771096618.504827861] [rf2o_laser_odometry]: WARNING: Eigensolver couldn't find a solution. Pose is not updated
[rf2o_laser_odometry_node-5] [WARN] [1771096618.553100351] [rf2o_laser_odometry]: Waiting for laser_scans....
[rf2o_laser_odometry_node-5] [WARN] [1771096618.604811651] [rf2o_laser_odometry]: WARNING: Eigensolver couldn't find a solution. Pose is not updated
[rf2o_laser_odometry_node-5] [WARN] [1771096618.653081711] [rf2o_laser_odometry]: Waiting for laser_scans....
[rf2o_laser_odometry_node-5] [WARN] [1771096618.704548211] [rf2o_laser_odometry]: WARNING: Eigensolver couldn't find a solution. Pose is not updated
[rf2o_laser_odometry_node-5] [WARN] [1771096618.752985851] [rf2o_laser_odometry]: Waiting for laser_scans....
[rf2o_laser_odometry_node-5] [WARN] [1771096618.804483941] [rf2o_laser_odometry]: WARNING: Eigensolver couldn't find a solution. Pose is not updated
[rf2o_laser_odometry_node-5] [WARN] [1771096618.853037321] [rf2o_laser_odometry]: Waiting for laser_scans....
[rf2o_laser_odometry_node-5] [WARN] [1771096618.904201871] [rf2o_laser_odometry]: WARNING: Eigensolver couldn't find a solution. Pose is not updated
[rf2o_laser_odometry_node-5] [WARN] [1771096618.952957931] [rf2o_laser_odometry]: Waiting for laser_scans....
[rf2o_laser_odometry_node-5] [WARN] [1771096619.004427131] [rf2o_laser_odometry]: WARNING: Eigensolver couldn't find a solution. Pose is not updated
[rf2o_laser_odometry_node-5] [WARN] [1771096619.053051161] [rf2o_laser_odometry]: Waiting for laser_scans....
[rf2o_laser_odometry_node-5] [WARN] [1771096619.104402551] [rf2o_laser_odometry]: WARNING: Eigensolver couldn't find a solution. Pose is not updated
[rf2o_laser_odometry_node-5] [WARN] [1771096619.152988151] [rf2o_laser_odometry]: Waiting for laser_scans....
[rf2o_laser_odometry_node-5] [WARN] [1771096619.204586141] [rf2o_laser_odometry]: WARNING: Eigensolver couldn't find a solution. Pose is not updated
[rf2o_laser_odometry_node-5] [WARN] [1771096619.252983011] [rf2o_laser_odometry]: Waiting for laser_scans....
[rf2o_laser_odometry_node-5] [WARN] [1771096619.304693951] [rf2o_laser_odometry]: WARNING: Eigensolver couldn't find a solution. Pose is not updated
[rf2o_laser_odometry_node-5] [WARN] [1771096619.353063011] [rf2o_laser_odometry]: Waiting for laser_scans....
[rf2o_laser_odometry_node-5] [WARN] [1771096619.404587381] [rf2o_laser_odometry]: WARNING: Eigensolver couldn't find a solution. Pose is not updated
[rf2o_laser_odometry_node-5] [WARN] [1771096619.452991091] [rf2o_laser_odometry]: Waiting for laser_scans....
[rf2o_laser_odometry_node-5] [WARN] [1771096619.502986181] [rf2o_laser_odometry]: Waiting for laser_scans....
[rf2o_laser_odometry_node-5] [WARN] [1771096619.554754001] [rf2o_laser_odometry]: WARNING: Eigensolver couldn't find a solution. Pose is not updated
[rf2o_laser_odometry_node-5] [WARN] [1771096619.604478191] [rf2o_laser_odometry]: WARNING: Eigensolver couldn't find a solution. Pose is not updated
[rf2o_laser_odometry_node-5] [WARN] [1771096619.653002951] [rf2o_laser_odometry]: Waiting for laser_scans....
[rf2o_laser_odometry_node-5] [WARN] [1771096619.704749801] [rf2o_laser_odometry]: WARNING: Eigensolver couldn't find a solution. Pose is not updated
[rf2o_laser_odometry_node-5] [WARN] [1771096619.753018421] [rf2o_laser_odometry]: Waiting for laser_scans....
[rf2o_laser_odometry_node-5] [WARN] [1771096619.804425881] [rf2o_laser_odometry]: WARNING: Eigensolver couldn't find a solution. Pose is not updated
[rf2o_laser_odometry_node-5] [WARN] [1771096619.853025611] [rf2o_laser_odometry]: Waiting for laser_scans....
[rf2o_laser_odometry_node-5] [WARN] [1771096619.904561591] [rf2o_laser_odometry]: WARNING: Eigensolver couldn't find a solution. Pose is not updated
[rf2o_laser_odometry_node-5] [WARN] [1771096619.953061871] [rf2o_laser_odometry]: Waiting for laser_scans....
[rf2o_laser_odometry_node-5] [WARN] [1771096620.002963541] [rf2o_laser_odometry]: Waiting for laser_scans....
[rf2o_laser_odometry_node-5] [WARN] [1771096620.054763851] [rf2o_laser_odometry]: WARNING: Eigensolver couldn't find a solution. Pose is not updated
[rf2o_laser_odometry_node-5] [WARN] [1771096620.103040391] [rf2o_laser_odometry]: Waiting for laser_scans....
[rf2o_laser_odometry_node-5] [WARN] [1771096620.154380441] [rf2o_laser_odometry]: WARNING: Eigensolver couldn't find a solution. Pose is not updated
[rf2o_laser_odometry_node-5] [WARN] [1771096620.202960911] [rf2o_laser_odometry]: Waiting for laser_scans....
[rf2o_laser_odometry_node-5] [WARN] [1771096620.254954811] [rf2o_laser_odometry]: WARNING: Eigensolver couldn't find a solution. Pose is not updated
[rf2o_laser_odometry_node-5] [WARN] [1771096620.303000501] [rf2o_laser_odometry]: Waiting for laser_scans....
[rf2o_laser_odometry_node-5] [WARN] [1771096620.354219501] [rf2o_laser_odometry]: WARNING: Eigensolver couldn't find a solution. Pose is not updated
[rf2o_laser_odometry_node-5] [WARN] [1771096620.402988971] [rf2o_laser_odometry]: Waiting for laser_scans....
[rf2o_laser_odometry_node-5] [WARN] [1771096620.454323171] [rf2o_laser_odometry]: WARNING: Eigensolver couldn't find a solution. Pose is not updated
[rf2o_laser_odometry_node-5] [WARN] [1771096620.503063121] [rf2o_laser_odometry]: Waiting for laser_scans....
[rf2o_laser_odometry_node-5] [WARN] [1771096620.555180501] [rf2o_laser_odometry]: WARNING: Eigensolver couldn't find a solution. Pose is not updated
[rf2o_laser_odometry_node-5] [WARN] [1771096620.603032241] [rf2o_laser_odometry]: Waiting for laser_scans....
[frontier_explore-19] [INFO] [1771096620.618642291] [frontier_explore]: Goal #1: x=-0.73 y=-0.33 dist=0.8m
[rf2o_laser_odometry_node-5] [WARN] [1771096620.654698811] [rf2o_laser_odometry]: WARNING: Eigensolver couldn't find a solution. Pose is not updated
[rf2o_laser_odometry_node-5] [WARN] [1771096620.702986601] [rf2o_laser_odometry]: Waiting for laser_scans....
[rf2o_laser_odometry_node-5] [WARN] [1771096620.754746231] [rf2o_laser_odometry]: WARNING: Eigensolver couldn't find a solution. Pose is not updated
[rf2o_laser_odometry_node-5] [WARN] [1771096620.802968321] [rf2o_laser_odometry]: Waiting for laser_scans....
[controller_server-13] [WARN] [1771096620.820735761] [controller_server]: No goal checker was specified in parameter 'current_goal_checker'. Server will use only plugin loaded goal_checker . This warning will appear once.
[rf2o_laser_odometry_node-5] [WARN] [1771096620.854689701] [rf2o_laser_odometry]: WARNING: Eigensolver couldn't find a solution. Pose is not updated
[rf2o_laser_odometry_node-5] [WARN] [1771096620.903014571] [rf2o_laser_odometry]: Waiting for laser_scans....
[rf2o_laser_odometry_node-5] [INFO] [1771096620.964499961] [rf2o_laser_odometry]: execution time (ms): 12.000000
[rf2o_laser_odometry_node-5] [INFO] [1771096620.964701201] [rf2o_laser_odometry]: Laser odom [x,y,yaw]=[0.090473 0.000151 0.002441]
[rf2o_laser_odometry_node-5] [INFO] [1771096620.964730721] [rf2o_laser_odometry]: Robot-base odom [x,y,yaw]=[-0.009527 -0.000093 0.002441]
[rf2o_laser_odometry_node-5] [WARN] [1771096621.003025901] [rf2o_laser_odometry]: Waiting for laser_scans....
[rf2o_laser_odometry_node-5] [INFO] [1771096621.070802201] [rf2o_laser_odometry]: execution time (ms): 16.000000
[rf2o_laser_odometry_node-5] [INFO] [1771096621.071012351] [rf2o_laser_odometry]: Laser odom [x,y,yaw]=[0.074773 0.000939 0.006302]
[rf2o_laser_odometry_node-5] [INFO] [1771096621.071055101] [rf2o_laser_odometry]: Robot-base odom [x,y,yaw]=[-0.025225 0.000309 0.006302]
[rf2o_laser_odometry_node-5] [WARN] [1771096621.103018961] [rf2o_laser_odometry]: Waiting for laser_scans....
[rf2o_laser_odometry_node-5] [INFO] [1771096621.163079291] [rf2o_laser_odometry]: execution time (ms): 12.000000
[rf2o_laser_odometry_node-5] [INFO] [1771096621.163239401] [rf2o_laser_odometry]: Laser odom [x,y,yaw]=[0.058745 0.002353 0.011922]
[rf2o_laser_odometry_node-5] [INFO] [1771096621.163267661] [rf2o_laser_odometry]: Robot-base odom [x,y,yaw]=[-0.041248 0.001161 0.011922]
[rf2o_laser_odometry_node-5] [WARN] [1771096621.202990871] [rf2o_laser_odometry]: Waiting for laser_scans....
[rf2o_laser_odometry_node-5] [INFO] [1771096621.263276201] [rf2o_laser_odometry]: execution time (ms): 8.000000
[rf2o_laser_odometry_node-5] [INFO] [1771096621.263440181] [rf2o_laser_odometry]: Laser odom [x,y,yaw]=[0.041510 0.004262 0.021225]
[rf2o_laser_odometry_node-5] [INFO] [1771096621.263478971] [rf2o_laser_odometry]: Robot-base odom [x,y,yaw]=[-0.058467 0.002140 0.021225]
[rf2o_laser_odometry_node-5] [WARN] [1771096621.303082301] [rf2o_laser_odometry]: Waiting for laser_scans....
[rf2o_laser_odometry_node-5] [INFO] [1771096621.363268721] [rf2o_laser_odometry]: execution time (ms): 8.000000
[rf2o_laser_odometry_node-5] [INFO] [1771096621.363402191] [rf2o_laser_odometry]: Laser odom [x,y,yaw]=[0.024732 0.006378 0.031934]
[rf2o_laser_odometry_node-5] [INFO] [1771096621.363427301] [rf2o_laser_odometry]: Robot-base odom [x,y,yaw]=[-0.075217 0.003186 0.031934]
[rf2o_laser_odometry_node-5] [WARN] [1771096621.402998951] [rf2o_laser_odometry]: Waiting for laser_scans....
[rf2o_laser_odometry_node-5] [INFO] [1771096621.466764491] [rf2o_laser_odometry]: execution time (ms): 16.000000
[rf2o_laser_odometry_node-5] [INFO] [1771096621.467677541] [rf2o_laser_odometry]: Laser odom [x,y,yaw]=[0.008429 0.008691 0.043729]
[rf2o_laser_odometry_node-5] [INFO] [1771096621.467760161] [rf2o_laser_odometry]: Robot-base odom [x,y,yaw]=[-0.091476 0.004320 0.043729]
[rf2o_laser_odometry_node-5] [WARN] [1771096621.503029811] [rf2o_laser_odometry]: Waiting for laser_scans....
[rf2o_laser_odometry_node-5] [INFO] [1771096621.563648141] [rf2o_laser_odometry]: execution time (ms): 12.000000
[rf2o_laser_odometry_node-5] [INFO] [1771096621.563834801] [rf2o_laser_odometry]: Laser odom [x,y,yaw]=[-0.007834 0.011196 0.056772]
[rf2o_laser_odometry_node-5] [INFO] [1771096621.563873861] [rf2o_laser_odometry]: Robot-base odom [x,y,yaw]=[-0.107673 0.005522 0.056772]
[rf2o_laser_odometry_node-5] [WARN] [1771096621.603104591] [rf2o_laser_odometry]: Waiting for laser_scans....
[rf2o_laser_odometry_node-5] [INFO] [1771096621.662793581] [rf2o_laser_odometry]: execution time (ms): 8.000000
[rf2o_laser_odometry_node-5] [INFO] [1771096621.662938391] [rf2o_laser_odometry]: Laser odom [x,y,yaw]=[-0.024350 0.013882 0.071497]
[rf2o_laser_odometry_node-5] [INFO] [1771096621.662964221] [rf2o_laser_odometry]: Robot-base odom [x,y,yaw]=[-0.124095 0.006738 0.071497]
[rf2o_laser_odometry_node-5] [WARN] [1771096621.702977321] [rf2o_laser_odometry]: Waiting for laser_scans....
[rf2o_laser_odometry_node-5] [INFO] [1771096621.763336811] [rf2o_laser_odometry]: execution time (ms): 8.000000
[rf2o_laser_odometry_node-5] [INFO] [1771096621.763505921] [rf2o_laser_odometry]: Laser odom [x,y,yaw]=[-0.041587 0.016174 0.087447]
[rf2o_laser_odometry_node-5] [INFO] [1771096621.763532111] [rf2o_laser_odometry]: Robot-base odom [x,y,yaw]=[-0.141205 0.007441 0.087447]
[rf2o_laser_odometry_node-5] [WARN] [1771096621.803022491] [rf2o_laser_odometry]: Waiting for laser_scans....
[rf2o_laser_odometry_node-5] [INFO] [1771096621.862991021] [rf2o_laser_odometry]: execution time (ms): 8.000000
[rf2o_laser_odometry_node-5] [INFO] [1771096621.863112611] [rf2o_laser_odometry]: Laser odom [x,y,yaw]=[-0.059548 0.018850 0.104687]
[rf2o_laser_odometry_node-5] [INFO] [1771096621.863136731] [rf2o_laser_odometry]: Robot-base odom [x,y,yaw]=[-0.159000 0.008400 0.104687]
[rf2o_laser_odometry_node-5] [WARN] [1771096621.903030131] [rf2o_laser_odometry]: Waiting for laser_scans....
[rf2o_laser_odometry_node-5] [INFO] [1771096621.964305551] [rf2o_laser_odometry]: execution time (ms): 12.000000
[rf2o_laser_odometry_node-5] [INFO] [1771096621.964497431] [rf2o_laser_odometry]: Laser odom [x,y,yaw]=[-0.077648 0.021420 0.124760]
[rf2o_laser_odometry_node-5] [INFO] [1771096621.964536311] [rf2o_laser_odometry]: Robot-base odom [x,y,yaw]=[-0.176871 0.008976 0.124760]
[rf2o_laser_odometry_node-5] [WARN] [1771096622.002972971] [rf2o_laser_odometry]: Waiting for laser_scans....
[rf2o_laser_odometry_node-5] [INFO] [1771096622.066795571] [rf2o_laser_odometry]: execution time (ms): 16.000000
[rf2o_laser_odometry_node-5] [INFO] [1771096622.066992761] [rf2o_laser_odometry]: Laser odom [x,y,yaw]=[-0.094962 0.023754 0.146989]
[rf2o_laser_odometry_node-5] [INFO] [1771096622.067039381] [rf2o_laser_odometry]: Robot-base odom [x,y,yaw]=[-0.193883 0.009108 0.146989]
[rf2o_laser_odometry_node-5] [WARN] [1771096622.103074031] [rf2o_laser_odometry]: Waiting for laser_scans....
[rf2o_laser_odometry_node-5] [INFO] [1771096622.163452601] [rf2o_laser_odometry]: execution time (ms): 12.000000
[rf2o_laser_odometry_node-5] [INFO] [1771096622.164173951] [rf2o_laser_odometry]: Laser odom [x,y,yaw]=[-0.111454 0.025886 0.170087]
[rf2o_laser_odometry_node-5] [INFO] [1771096622.164227051] [rf2o_laser_odometry]: Robot-base odom [x,y,yaw]=[-0.210011 0.008959 0.170087]
[rf2o_laser_odometry_node-5] [WARN] [1771096622.203075911] [rf2o_laser_odometry]: Waiting for laser_scans....
[rf2o_laser_odometry_node-5] [INFO] [1771096622.266641651] [rf2o_laser_odometry]: execution time (ms): 12.000000
[rf2o_laser_odometry_node-5] [INFO] [1771096622.266793031] [rf2o_laser_odometry]: Laser odom [x,y,yaw]=[-0.127642 0.028373 0.195665]
[rf2o_laser_odometry_node-5] [INFO] [1771096622.266821021] [rf2o_laser_odometry]: Robot-base odom [x,y,yaw]=[-0.225733 0.008931 0.195665]
[rf2o_laser_odometry_node-5] [WARN] [1771096622.302975911] [rf2o_laser_odometry]: Waiting for laser_scans....
[rf2o_laser_odometry_node-5] [WARN] [1771096622.353001061] [rf2o_laser_odometry]: Waiting for laser_scans....
[rf2o_laser_odometry_node-5] [INFO] [1771096622.415607761] [rf2o_laser_odometry]: execution time (ms): 12.000000
[rf2o_laser_odometry_node-5] [INFO] [1771096622.415887661] [rf2o_laser_odometry]: Laser odom [x,y,yaw]=[-0.143126 0.029862 0.221758]
[rf2o_laser_odometry_node-5] [INFO] [1771096622.415960471] [rf2o_laser_odometry]: Robot-base odom [x,y,yaw]=[-0.240678 0.007867 0.221758]
[rf2o_laser_odometry_node-5] [INFO] [1771096622.464235661] [rf2o_laser_odometry]: execution time (ms): 12.000000
[rf2o_laser_odometry_node-5] [INFO] [1771096622.464426011] [rf2o_laser_odometry]: Laser odom [x,y,yaw]=[-0.158678 0.031149 0.248124]
[rf2o_laser_odometry_node-5] [INFO] [1771096622.464474881] [rf2o_laser_odometry]: Robot-base odom [x,y,yaw]=[-0.255615 0.006590 0.248124]
[rf2o_laser_odometry_node-5] [WARN] [1771096622.503038711] [rf2o_laser_odometry]: Waiting for laser_scans....
[rf2o_laser_odometry_node-5] [INFO] [1771096622.564958621] [rf2o_laser_odometry]: execution time (ms): 12.000000
[rf2o_laser_odometry_node-5] [INFO] [1771096622.565262011] [rf2o_laser_odometry]: Laser odom [x,y,yaw]=[-0.174207 0.032122 0.274692]
[rf2o_laser_odometry_node-5] [INFO] [1771096622.565311151] [rf2o_laser_odometry]: Robot-base odom [x,y,yaw]=[-0.270458 0.004997 0.274692]
[rf2o_laser_odometry_node-5] [WARN] [1771096622.603062191] [rf2o_laser_odometry]: Waiting for laser_scans....
[rf2o_laser_odometry_node-5] [INFO] [1771096622.663954481] [rf2o_laser_odometry]: execution time (ms): 12.000000
[rf2o_laser_odometry_node-5] [INFO] [1771096622.664110361] [rf2o_laser_odometry]: Laser odom [x,y,yaw]=[-0.189832 0.032647 0.301710]
[rf2o_laser_odometry_node-5] [INFO] [1771096622.664136011] [rf2o_laser_odometry]: Robot-base odom [x,y,yaw]=[-0.285315 0.002931 0.301710]
[rf2o_laser_odometry_node-5] [WARN] [1771096622.703056061] [rf2o_laser_odometry]: Waiting for laser_scans....
[rf2o_laser_odometry_node-5] [INFO] [1771096622.763753321] [rf2o_laser_odometry]: execution time (ms): 12.000000
[rf2o_laser_odometry_node-5] [INFO] [1771096622.763876531] [rf2o_laser_odometry]: Laser odom [x,y,yaw]=[-0.205464 0.032564 0.329007]
[rf2o_laser_odometry_node-5] [INFO] [1771096622.763901101] [rf2o_laser_odometry]: Robot-base odom [x,y,yaw]=[-0.300100 0.000253 0.329007]
[rf2o_laser_odometry_node-5] [WARN] [1771096622.803053171] [rf2o_laser_odometry]: Waiting for laser_scans....
[rf2o_laser_odometry_node-5] [WARN] [1771096622.853035391] [rf2o_laser_odometry]: Waiting for laser_scans....
[rf2o_laser_odometry_node-5] [INFO] [1771096622.914938111] [rf2o_laser_odometry]: execution time (ms): 12.000000
[rf2o_laser_odometry_node-5] [INFO] [1771096622.915114061] [rf2o_laser_odometry]: Laser odom [x,y,yaw]=[-0.221262 0.032269 0.356575]
[rf2o_laser_odometry_node-5] [INFO] [1771096622.915159241] [rf2o_laser_odometry]: Robot-base odom [x,y,yaw]=[-0.314972 -0.002637 0.356575]
[rf2o_laser_odometry_node-5] [WARN] [1771096622.953066971] [rf2o_laser_odometry]: Waiting for laser_scans....
[rf2o_laser_odometry_node-5] [INFO] [1771096623.015912801] [rf2o_laser_odometry]: execution time (ms): 16.000000
[rf2o_laser_odometry_node-5] [INFO] [1771096623.016983171] [rf2o_laser_odometry]: Laser odom [x,y,yaw]=[-0.237222 0.031453 0.384521]
[rf2o_laser_odometry_node-5] [INFO] [1771096623.017924121] [rf2o_laser_odometry]: Robot-base odom [x,y,yaw]=[-0.329920 -0.006059 0.384521]
[rf2o_laser_odometry_node-5] [WARN] [1771096623.052985331] [rf2o_laser_odometry]: Waiting for laser_scans....
[rf2o_laser_odometry_node-5] [INFO] [1771096623.116051481] [rf2o_laser_odometry]: execution time (ms): 12.000000
[rf2o_laser_odometry_node-5] [INFO] [1771096623.116418141] [rf2o_laser_odometry]: Laser odom [x,y,yaw]=[-0.253564 0.030226 0.412193]
[rf2o_laser_odometry_node-5] [INFO] [1771096623.116469351] [rf2o_laser_odometry]: Robot-base odom [x,y,yaw]=[-0.345188 -0.009836 0.412193]
[rf2o_laser_odometry_node-5] [WARN] [1771096623.153073341] [rf2o_laser_odometry]: Waiting for laser_scans....
[rf2o_laser_odometry_node-5] [INFO] [1771096623.214088751] [rf2o_laser_odometry]: execution time (ms): 12.000000
[rf2o_laser_odometry_node-5] [INFO] [1771096623.214824771] [rf2o_laser_odometry]: Laser odom [x,y,yaw]=[-0.270440 0.028466 0.439991]
[rf2o_laser_odometry_node-5] [INFO] [1771096623.214877421] [rf2o_laser_odometry]: Robot-base odom [x,y,yaw]=[-0.360915 -0.014127 0.439991]
[rf2o_laser_odometry_node-5] [WARN] [1771096623.253073061] [rf2o_laser_odometry]: Waiting for laser_scans....
[rf2o_laser_odometry_node-5] [INFO] [1771096623.316403541] [rf2o_laser_odometry]: execution time (ms): 16.000000
[rf2o_laser_odometry_node-5] [INFO] [1771096623.316526031] [rf2o_laser_odometry]: Laser odom [x,y,yaw]=[-0.288101 0.026183 0.467700]
[rf2o_laser_odometry_node-5] [INFO] [1771096623.316550331] [rf2o_laser_odometry]: Robot-base odom [x,y,yaw]=[-0.377362 -0.018900 0.467700]
[rf2o_laser_odometry_node-5] [WARN] [1771096623.353049831] [rf2o_laser_odometry]: Waiting for laser_scans....
[rf2o_laser_odometry_node-5] [INFO] [1771096623.415261071] [rf2o_laser_odometry]: execution time (ms): 12.000000
[rf2o_laser_odometry_node-5] [INFO] [1771096623.415414971] [rf2o_laser_odometry]: Laser odom [x,y,yaw]=[-0.306230 0.023273 0.495298]
[rf2o_laser_odometry_node-5] [INFO] [1771096623.415451421] [rf2o_laser_odometry]: Robot-base odom [x,y,yaw]=[-0.394213 -0.024257 0.495298]
[rf2o_laser_odometry_node-5] [WARN] [1771096623.453040281] [rf2o_laser_odometry]: Waiting for laser_scans....
[rf2o_laser_odometry_node-5] [INFO] [1771096623.515434131] [rf2o_laser_odometry]: execution time (ms): 12.000000
[rf2o_laser_odometry_node-5] [INFO] [1771096623.515559051] [rf2o_laser_odometry]: Laser odom [x,y,yaw]=[-0.325014 0.019627 0.523073]
[rf2o_laser_odometry_node-5] [INFO] [1771096623.515603781] [rf2o_laser_odometry]: Robot-base odom [x,y,yaw]=[-0.411643 -0.030328 0.523073]
[rf2o_laser_odometry_node-5] [WARN] [1771096623.553055931] [rf2o_laser_odometry]: Waiting for laser_scans....
[rf2o_laser_odometry_node-5] [INFO] [1771096623.613220301] [rf2o_laser_odometry]: execution time (ms): 12.000000
[rf2o_laser_odometry_node-5] [INFO] [1771096623.613395711] [rf2o_laser_odometry]: Laser odom [x,y,yaw]=[-0.344108 0.015178 0.550829]
[rf2o_laser_odometry_node-5] [INFO] [1771096623.613429101] [rf2o_laser_odometry]: Robot-base odom [x,y,yaw]=[-0.429317 -0.037161 0.550829]
[rf2o_laser_odometry_node-5] [WARN] [1771096623.652985721] [rf2o_laser_odometry]: Waiting for laser_scans....
[rf2o_laser_odometry_node-5] [INFO] [1771096623.714920661] [rf2o_laser_odometry]: execution time (ms): 12.000000
[rf2o_laser_odometry_node-5] [INFO] [1771096623.715045581] [rf2o_laser_odometry]: Laser odom [x,y,yaw]=[-0.362406 0.009990 0.577068]
[rf2o_laser_odometry_node-5] [INFO] [1771096623.715070871] [rf2o_laser_odometry]: Robot-base odom [x,y,yaw]=[-0.446212 -0.044567 0.577068]
[rf2o_laser_odometry_node-5] [WARN] [1771096623.753097041] [rf2o_laser_odometry]: Waiting for laser_scans....
[rf2o_laser_odometry_node-5] [INFO] [1771096623.815599611] [rf2o_laser_odometry]: execution time (ms): 12.000000
[rf2o_laser_odometry_node-5] [INFO] [1771096623.815722731] [rf2o_laser_odometry]: Laser odom [x,y,yaw]=[-0.379698 0.003809 0.602772]
[rf2o_laser_odometry_node-5] [INFO] [1771096623.815747391] [rf2o_laser_odometry]: Robot-base odom [x,y,yaw]=[-0.462075 -0.052883 0.602772]
[rf2o_laser_odometry_node-5] [WARN] [1771096623.852963201] [rf2o_laser_odometry]: Waiting for laser_scans....
[rf2o_laser_odometry_node-5] [INFO] [1771096623.915218811] [rf2o_laser_odometry]: execution time (ms): 12.000000
[rf2o_laser_odometry_node-5] [INFO] [1771096623.915410691] [rf2o_laser_odometry]: Laser odom [x,y,yaw]=[-0.395974 -0.002498 0.627500]
[rf2o_laser_odometry_node-5] [INFO] [1771096623.915458391] [rf2o_laser_odometry]: Robot-base odom [x,y,yaw]=[-0.476923 -0.061210 0.627500]
[rf2o_laser_odometry_node-5] [WARN] [1771096623.953004321] [rf2o_laser_odometry]: Waiting for laser_scans....
[rf2o_laser_odometry_node-5] [INFO] [1771096624.015663041] [rf2o_laser_odometry]: execution time (ms): 12.000000
[rf2o_laser_odometry_node-5] [INFO] [1771096624.015791201] [rf2o_laser_odometry]: Laser odom [x,y,yaw]=[-0.411472 -0.008642 0.650623]
[rf2o_laser_odometry_node-5] [INFO] [1771096624.015816311] [rf2o_laser_odometry]: Robot-base odom [x,y,yaw]=[-0.491043 -0.069210 0.650623]
[rf2o_laser_odometry_node-5] [WARN] [1771096624.052969301] [rf2o_laser_odometry]: Waiting for laser_scans....
[rf2o_laser_odometry_node-5] [INFO] [1771096624.116652671] [rf2o_laser_odometry]: execution time (ms): 12.000000
[rf2o_laser_odometry_node-5] [INFO] [1771096624.116833481] [rf2o_laser_odometry]: Laser odom [x,y,yaw]=[-0.426629 -0.014376 0.671814]
[rf2o_laser_odometry_node-5] [INFO] [1771096624.116884511] [rf2o_laser_odometry]: Robot-base odom [x,y,yaw]=[-0.504899 -0.076617 0.671814]
[rf2o_laser_odometry_node-5] [WARN] [1771096624.153092051] [rf2o_laser_odometry]: Waiting for laser_scans....
[rf2o_laser_odometry_node-5] [INFO] [1771096624.213545231] [rf2o_laser_odometry]: execution time (ms): 8.000000
[rf2o_laser_odometry_node-5] [INFO] [1771096624.213712721] [rf2o_laser_odometry]: Laser odom [x,y,yaw]=[-0.441440 -0.020025 0.692147]
[rf2o_laser_odometry_node-5] [INFO] [1771096624.214085411] [rf2o_laser_odometry]: Robot-base odom [x,y,yaw]=[-0.518428 -0.083844 0.692147]
[rf2o_laser_odometry_node-5] [WARN] [1771096624.253014191] [rf2o_laser_odometry]: Waiting for laser_scans....
[rf2o_laser_odometry_node-5] [INFO] [1771096624.315304451] [rf2o_laser_odometry]: execution time (ms): 12.000000
[rf2o_laser_odometry_node-5] [INFO] [1771096624.315865601] [rf2o_laser_odometry]: Laser odom [x,y,yaw]=[-0.455383 -0.025176 0.709746]
[rf2o_laser_odometry_node-5] [INFO] [1771096624.315907811] [rf2o_laser_odometry]: Robot-base odom [x,y,yaw]=[-0.531236 -0.090340 0.709746]
[rf2o_laser_odometry_node-5] [WARN] [1771096624.352995101] [rf2o_laser_odometry]: Waiting for laser_scans....
[rf2o_laser_odometry_node-5] [INFO] [1771096624.414114641] [rf2o_laser_odometry]: execution time (ms): 12.000000
[rf2o_laser_odometry_node-5] [INFO] [1771096624.414249731] [rf2o_laser_odometry]: Laser odom [x,y,yaw]=[-0.468287 -0.030359 0.724649]
[rf2o_laser_odometry_node-5] [INFO] [1771096624.414274121] [rf2o_laser_odometry]: Robot-base odom [x,y,yaw]=[-0.543160 -0.096646 0.724649]
[rf2o_laser_odometry_node-5] [WARN] [1771096624.453053231] [rf2o_laser_odometry]: Waiting for laser_scans....
[rf2o_laser_odometry_node-5] [INFO] [1771096624.512711891] [rf2o_laser_odometry]: execution time (ms): 8.000000
[rf2o_laser_odometry_node-5] [INFO] [1771096624.512856611] [rf2o_laser_odometry]: Laser odom [x,y,yaw]=[-0.478636 -0.035590 0.736723]
[rf2o_laser_odometry_node-5] [INFO] [1771096624.512885231] [rf2o_laser_odometry]: Robot-base odom [x,y,yaw]=[-0.552703 -0.102776 0.736723]
[rf2o_laser_odometry_node-5] [WARN] [1771096624.552995531] [rf2o_laser_odometry]: Waiting for laser_scans....
[rf2o_laser_odometry_node-5] [INFO] [1771096624.614085551] [rf2o_laser_odometry]: execution time (ms): 8.000000
[rf2o_laser_odometry_node-5] [INFO] [1771096624.614248721] [rf2o_laser_odometry]: Laser odom [x,y,yaw]=[-0.484966 -0.039502 0.748054]
[rf2o_laser_odometry_node-5] [INFO] [1771096624.614277611] [rf2o_laser_odometry]: Robot-base odom [x,y,yaw]=[-0.558267 -0.107523 0.748054]
[rf2o_laser_odometry_node-5] [WARN] [1771096624.652995341] [rf2o_laser_odometry]: Waiting for laser_scans....
[rf2o_laser_odometry_node-5] [INFO] [1771096624.714478661] [rf2o_laser_odometry]: execution time (ms): 12.000000
[rf2o_laser_odometry_node-5] [INFO] [1771096624.714624821] [rf2o_laser_odometry]: Laser odom [x,y,yaw]=[-0.490611 -0.042842 0.759253]
[rf2o_laser_odometry_node-5] [INFO] [1771096624.714654971] [rf2o_laser_odometry]: Robot-base odom [x,y,yaw]=[-0.563146 -0.111680 0.759253]
[rf2o_laser_odometry_node-5] [WARN] [1771096624.753007841] [rf2o_laser_odometry]: Waiting for laser_scans....
[rf2o_laser_odometry_node-5] [INFO] [1771096624.814946651] [rf2o_laser_odometry]: execution time (ms): 12.000000
[rf2o_laser_odometry_node-5] [INFO] [1771096624.815074001] [rf2o_laser_odometry]: Laser odom [x,y,yaw]=[-0.495862 -0.045879 0.770409]
[rf2o_laser_odometry_node-5] [INFO] [1771096624.815099381] [rf2o_laser_odometry]: Robot-base odom [x,y,yaw]=[-0.567624 -0.115522 0.770409]
[rf2o_laser_odometry_node-5] [WARN] [1771096624.852987581] [rf2o_laser_odometry]: Waiting for laser_scans....
[rf2o_laser_odometry_node-5] [INFO] [1771096624.914645771] [rf2o_laser_odometry]: execution time (ms): 8.000000
[rf2o_laser_odometry_node-5] [INFO] [1771096624.915771941] [rf2o_laser_odometry]: Laser odom [x,y,yaw]=[-0.500912 -0.048754 0.781495]
[rf2o_laser_odometry_node-5] [INFO] [1771096624.915851231] [rf2o_laser_odometry]: Robot-base odom [x,y,yaw]=[-0.571898 -0.119188 0.781495]
[rf2o_laser_odometry_node-5] [WARN] [1771096624.952968221] [rf2o_laser_odometry]: Waiting for laser_scans....
[rf2o_laser_odometry_node-5] [INFO] [1771096625.015228691] [rf2o_laser_odometry]: execution time (ms): 12.000000
[rf2o_laser_odometry_node-5] [INFO] [1771096625.015384211] [rf2o_laser_odometry]: Laser odom [x,y,yaw]=[-0.505790 -0.051525 0.792538]
[rf2o_laser_odometry_node-5] [INFO] [1771096625.015409951] [rf2o_laser_odometry]: Robot-base odom [x,y,yaw]=[-0.575994 -0.122738 0.792538]
[rf2o_laser_odometry_node-5] [WARN] [1771096625.053150911] [rf2o_laser_odometry]: Waiting for laser_scans....
[rf2o_laser_odometry_node-5] [INFO] [1771096625.117637711] [rf2o_laser_odometry]: execution time (ms): 12.000000
[rf2o_laser_odometry_node-5] [INFO] [1771096625.117872521] [rf2o_laser_odometry]: Laser odom [x,y,yaw]=[-0.510516 -0.054199 0.803505]
[rf2o_laser_odometry_node-5] [INFO] [1771096625.117922111] [rf2o_laser_odometry]: Robot-base odom [x,y,yaw]=[-0.579935 -0.126178 0.803505]
[rf2o_laser_odometry_node-5] [WARN] [1771096625.152991421] [rf2o_laser_odometry]: Waiting for laser_scans....
[rf2o_laser_odometry_node-5] [INFO] [1771096625.214177651] [rf2o_laser_odometry]: execution time (ms): 12.000000
[rf2o_laser_odometry_node-5] [INFO] [1771096625.214304461] [rf2o_laser_odometry]: Laser odom [x,y,yaw]=[-0.515111 -0.056791 0.814484]
[rf2o_laser_odometry_node-5] [INFO] [1771096625.214329481] [rf2o_laser_odometry]: Robot-base odom [x,y,yaw]=[-0.583736 -0.129528 0.814484]
[rf2o_laser_odometry_node-5] [WARN] [1771096625.252989431] [rf2o_laser_odometry]: Waiting for laser_scans....
[rf2o_laser_odometry_node-5] [INFO] [1771096625.312886501] [rf2o_laser_odometry]: execution time (ms): 8.000000
[rf2o_laser_odometry_node-5] [INFO] [1771096625.313009081] [rf2o_laser_odometry]: Laser odom [x,y,yaw]=[-0.519570 -0.059319 0.825386]
[rf2o_laser_odometry_node-5] [INFO] [1771096625.313033831] [rf2o_laser_odometry]: Robot-base odom [x,y,yaw]=[-0.587397 -0.132800 0.825386]
[rf2o_laser_odometry_node-5] [WARN] [1771096625.352962691] [rf2o_laser_odometry]: Waiting for laser_scans....
[rf2o_laser_odometry_node-5] [INFO] [1771096625.414311011] [rf2o_laser_odometry]: execution time (ms): 8.000000
[rf2o_laser_odometry_node-5] [INFO] [1771096625.414507031] [rf2o_laser_odometry]: Laser odom [x,y,yaw]=[-0.523979 -0.061801 0.836380]
[rf2o_laser_odometry_node-5] [INFO] [1771096625.414546631] [rf2o_laser_odometry]: Robot-base odom [x,y,yaw]=[-0.590994 -0.136024 0.836380]
[rf2o_laser_odometry_node-5] [WARN] [1771096625.453080491] [rf2o_laser_odometry]: Waiting for laser_scans....
[rf2o_laser_odometry_node-5] [INFO] [1771096625.513700171] [rf2o_laser_odometry]: execution time (ms): 12.000000
[rf2o_laser_odometry_node-5] [INFO] [1771096625.513869191] [rf2o_laser_odometry]: Laser odom [x,y,yaw]=[-0.528381 -0.064324 0.847499]
[rf2o_laser_odometry_node-5] [INFO] [1771096625.513911671] [rf2o_laser_odometry]: Robot-base odom [x,y,yaw]=[-0.594567 -0.139287 0.847499]
[rf2o_laser_odometry_node-5] [WARN] [1771096625.553020811] [rf2o_laser_odometry]: Waiting for laser_scans....
[rf2o_laser_odometry_node-5] [INFO] [1771096625.614993101] [rf2o_laser_odometry]: execution time (ms): 12.000000
[rf2o_laser_odometry_node-5] [INFO] [1771096625.615115681] [rf2o_laser_odometry]: Laser odom [x,y,yaw]=[-0.532781 -0.066895 0.858692]
[rf2o_laser_odometry_node-5] [INFO] [1771096625.615140611] [rf2o_laser_odometry]: Robot-base odom [x,y,yaw]=[-0.598124 -0.142593 0.858692]
[rf2o_laser_odometry_node-5] [WARN] [1771096625.653038801] [rf2o_laser_odometry]: Waiting for laser_scans....
[rf2o_laser_odometry_node-5] [INFO] [1771096625.713692231] [rf2o_laser_odometry]: execution time (ms): 8.000000
[rf2o_laser_odometry_node-5] [INFO] [1771096625.713820301] [rf2o_laser_odometry]: Laser odom [x,y,yaw]=[-0.537189 -0.069514 0.869954]
[rf2o_laser_odometry_node-5] [INFO] [1771096625.713844871] [rf2o_laser_odometry]: Robot-base odom [x,y,yaw]=[-0.601675 -0.145944 0.869954]
[rf2o_laser_odometry_node-5] [WARN] [1771096625.753008641] [rf2o_laser_odometry]: Waiting for laser_scans....
[rf2o_laser_odometry_node-5] [WARN] [1771096625.802965031] [rf2o_laser_odometry]: Waiting for laser_scans....
[rviz2-10] [INFO] [1771096625.855785761] [rviz2]: Trying to create a map of size 120 x 121 using 1 swatches
[rf2o_laser_odometry_node-5] [INFO] [1771096625.866225221] [rf2o_laser_odometry]: execution time (ms): 8.000000
[rf2o_laser_odometry_node-5] [INFO] [1771096625.866360671] [rf2o_laser_odometry]: Laser odom [x,y,yaw]=[-0.541589 -0.072178 0.881301]
[rf2o_laser_odometry_node-5] [INFO] [1771096625.866386321] [rf2o_laser_odometry]: Robot-base odom [x,y,yaw]=[-0.605204 -0.149334 0.881301]
[rf2o_laser_odometry_node-5] [WARN] [1771096625.903001201] [rf2o_laser_odometry]: Waiting for laser_scans....
[rf2o_laser_odometry_node-5] [INFO] [1771096625.965997331] [rf2o_laser_odometry]: execution time (ms): 12.000000
[rf2o_laser_odometry_node-5] [INFO] [1771096625.966145471] [rf2o_laser_odometry]: Laser odom [x,y,yaw]=[-0.545996 -0.074872 0.892778]
[rf2o_laser_odometry_node-5] [INFO] [1771096625.966184171] [rf2o_laser_odometry]: Robot-base odom [x,y,yaw]=[-0.608721 -0.152754 0.892778]
[rf2o_laser_odometry_node-5] [WARN] [1771096626.003037371] [rf2o_laser_odometry]: Waiting for laser_scans....
[rf2o_laser_odometry_node-5] [INFO] [1771096626.064326471] [rf2o_laser_odometry]: execution time (ms): 12.000000
[rf2o_laser_odometry_node-5] [INFO] [1771096626.065209011] [rf2o_laser_odometry]: Laser odom [x,y,yaw]=[-0.550396 -0.077610 0.904318]
[rf2o_laser_odometry_node-5] [INFO] [1771096626.065260761] [rf2o_laser_odometry]: Robot-base odom [x,y,yaw]=[-0.612218 -0.156210 0.904318]
[rf2o_laser_odometry_node-5] [WARN] [1771096626.102990381] [rf2o_laser_odometry]: Waiting for laser_scans....
[rf2o_laser_odometry_node-5] [INFO] [1771096626.164811651] [rf2o_laser_odometry]: execution time (ms): 12.000000
[rf2o_laser_odometry_node-5] [INFO] [1771096626.165019821] [rf2o_laser_odometry]: Laser odom [x,y,yaw]=[-0.554802 -0.080384 0.915929]
[rf2o_laser_odometry_node-5] [INFO] [1771096626.165071121] [rf2o_laser_odometry]: Robot-base odom [x,y,yaw]=[-0.615707 -0.159697 0.915929]
[rf2o_laser_odometry_node-5] [WARN] [1771096626.203045181] [rf2o_laser_odometry]: Waiting for laser_scans....
[rf2o_laser_odometry_node-5] [INFO] [1771096626.264719571] [rf2o_laser_odometry]: execution time (ms): 12.000000
[rf2o_laser_odometry_node-5] [INFO] [1771096626.264889491] [rf2o_laser_odometry]: Laser odom [x,y,yaw]=[-0.559213 -0.083192 0.927556]
[rf2o_laser_odometry_node-5] [INFO] [1771096626.264931431] [rf2o_laser_odometry]: Robot-base odom [x,y,yaw]=[-0.619192 -0.163208 0.927556]
[rf2o_laser_odometry_node-5] [WARN] [1771096626.303003231] [rf2o_laser_odometry]: Waiting for laser_scans....
[rf2o_laser_odometry_node-5] [INFO] [1771096626.363278931] [rf2o_laser_odometry]: execution time (ms): 8.000000
[rf2o_laser_odometry_node-5] [INFO] [1771096626.363419241] [rf2o_laser_odometry]: Laser odom [x,y,yaw]=[-0.563626 -0.086043 0.939305]
[rf2o_laser_odometry_node-5] [INFO] [1771096626.363443991] [rf2o_laser_odometry]: Robot-base odom [x,y,yaw]=[-0.622661 -0.166758 0.939305]
[rf2o_laser_odometry_node-5] [WARN] [1771096626.403072521] [rf2o_laser_odometry]: Waiting for laser_scans....
[rf2o_laser_odometry_node-5] [INFO] [1771096626.463629201] [rf2o_laser_odometry]: execution time (ms): 8.000000
[rf2o_laser_odometry_node-5] [INFO] [1771096626.463771851] [rf2o_laser_odometry]: Laser odom [x,y,yaw]=[-0.568049 -0.088900 0.951196]
[rf2o_laser_odometry_node-5] [INFO] [1771096626.463798581] [rf2o_laser_odometry]: Robot-base odom [x,y,yaw]=[-0.626120 -0.170311 0.951196]
[rf2o_laser_odometry_node-5] [WARN] [1771096626.503033091] [rf2o_laser_odometry]: Waiting for laser_scans....
[rf2o_laser_odometry_node-5] [INFO] [1771096626.563864181] [rf2o_laser_odometry]: execution time (ms): 12.000000
[rf2o_laser_odometry_node-5] [INFO] [1771096626.563989191] [rf2o_laser_odometry]: Laser odom [x,y,yaw]=[-0.572446 -0.091766 0.963226]
[rf2o_laser_odometry_node-5] [INFO] [1771096626.564013851] [rf2o_laser_odometry]: Robot-base odom [x,y,yaw]=[-0.629534 -0.173870 0.963226]
[rf2o_laser_odometry_node-5] [WARN] [1771096626.603082311] [rf2o_laser_odometry]: Waiting for laser_scans....
[rf2o_laser_odometry_node-5] [INFO] [1771096626.662935731] [rf2o_laser_odometry]: execution time (ms): 8.000000
[rf2o_laser_odometry_node-5] [INFO] [1771096626.663081621] [rf2o_laser_odometry]: Laser odom [x,y,yaw]=[-0.576838 -0.094701 0.975211]
[rf2o_laser_odometry_node-5] [INFO] [1771096626.663107811] [rf2o_laser_odometry]: Robot-base odom [x,y,yaw]=[-0.632937 -0.177483 0.975211]
[rf2o_laser_odometry_node-5] [WARN] [1771096626.703016601] [rf2o_laser_odometry]: Waiting for laser_scans....
[rf2o_laser_odometry_node-5] [WARN] [1771096626.753040041] [rf2o_laser_odometry]: Waiting for laser_scans....
[rf2o_laser_odometry_node-5] [INFO] [1771096626.826916271] [rf2o_laser_odometry]: execution time (ms): 16.000000
[rf2o_laser_odometry_node-5] [INFO] [1771096626.827128761] [rf2o_laser_odometry]: Laser odom [x,y,yaw]=[-0.581207 -0.097692 0.987087]
[rf2o_laser_odometry_node-5] [INFO] [1771096626.827218581] [rf2o_laser_odometry]: Robot-base odom [x,y,yaw]=[-0.636319 -0.181135 0.987087]
[rf2o_laser_odometry_node-5] [INFO] [1771096626.863957931] [rf2o_laser_odometry]: execution time (ms): 0.000000
[rf2o_laser_odometry_node-5] [INFO] [1771096626.864137301] [rf2o_laser_odometry]: Laser odom [x,y,yaw]=[-0.585552 -0.100726 0.999032]
[rf2o_laser_odometry_node-5] [INFO] [1771096626.864173571] [rf2o_laser_odometry]: Robot-base odom [x,y,yaw]=[-0.639663 -0.184820 0.999032]
[rf2o_laser_odometry_node-5] [WARN] [1771096626.903015231] [rf2o_laser_odometry]: Waiting for laser_scans....
[rf2o_laser_odometry_node-5] [WARN] [1771096626.952955421] [rf2o_laser_odometry]: Waiting for laser_scans....
[ign-2] NodeShared::Publish() Error: Interrupted system call
[rf2o_laser_odometry_node-5] [WARN] [1771096627.003103061] [rf2o_laser_odometry]: Waiting for laser_scans....
[rf2o_laser_odometry_node-5] [INFO] [1771096627.069315341] [rf2o_laser_odometry]: execution time (ms): 16.000000
[rf2o_laser_odometry_node-5] [INFO] [1771096627.070359251] [rf2o_laser_odometry]: Laser odom [x,y,yaw]=[-0.589882 -0.103795 1.011008]
[rf2o_laser_odometry_node-5] [INFO] [1771096627.070472561] [rf2o_laser_odometry]: Robot-base odom [x,y,yaw]=[-0.642983 -0.188532 1.011008]
[rf2o_laser_odometry_node-5] [WARN] [1771096627.103186481] [rf2o_laser_odometry]: Waiting for laser_scans....
[rf2o_laser_odometry_node-5] [INFO] [1771096627.167437211] [rf2o_laser_odometry]: execution time (ms): 16.000000
[rf2o_laser_odometry_node-5] [INFO] [1771096627.167636471] [rf2o_laser_odometry]: Laser odom [x,y,yaw]=[-0.594184 -0.106920 1.022903]
[rf2o_laser_odometry_node-5] [INFO] [1771096627.167686151] [rf2o_laser_odometry]: Robot-base odom [x,y,yaw]=[-0.646273 -0.192282 1.022903]
[rf2o_laser_odometry_node-5] [WARN] [1771096627.203057771] [rf2o_laser_odometry]: Waiting for laser_scans....
[rf2o_laser_odometry_node-5] [WARN] [1771096627.252984821] [rf2o_laser_odometry]: Waiting for laser_scans....
[rf2o_laser_odometry_node-5] [INFO] [1771096627.315187241] [rf2o_laser_odometry]: execution time (ms): 12.000000
[rf2o_laser_odometry_node-5] [INFO] [1771096627.315342311] [rf2o_laser_odometry]: Laser odom [x,y,yaw]=[-0.598497 -0.110077 1.034834]
[rf2o_laser_odometry_node-5] [INFO] [1771096627.315420881] [rf2o_laser_odometry]: Robot-base odom [x,y,yaw]=[-0.649564 -0.196055 1.034834]
[rf2o_laser_odometry_node-5] [INFO] [1771096627.364047431] [rf2o_laser_odometry]: execution time (ms): 12.000000
[rf2o_laser_odometry_node-5] [INFO] [1771096627.364210871] [rf2o_laser_odometry]: Laser odom [x,y,yaw]=[-0.602792 -0.113278 1.046714]
[rf2o_laser_odometry_node-5] [INFO] [1771096627.364249751] [rf2o_laser_odometry]: Robot-base odom [x,y,yaw]=[-0.652834 -0.199857 1.046714]
[rf2o_laser_odometry_node-5] [WARN] [1771096627.402985481] [rf2o_laser_odometry]: Waiting for laser_scans....
[rf2o_laser_odometry_node-5] [INFO] [1771096627.464161361] [rf2o_laser_odometry]: execution time (ms): 12.000000
[rf2o_laser_odometry_node-5] [INFO] [1771096627.464376371] [rf2o_laser_odometry]: Laser odom [x,y,yaw]=[-0.607033 -0.116495 1.058739]
[rf2o_laser_odometry_node-5] [INFO] [1771096627.464421281] [rf2o_laser_odometry]: Robot-base odom [x,y,yaw]=[-0.656030 -0.203668 1.058739]
[rf2o_laser_odometry_node-5] [WARN] [1771096627.503099591] [rf2o_laser_odometry]: Waiting for laser_scans....
[rf2o_laser_odometry_node-5] [INFO] [1771096627.563585441] [rf2o_laser_odometry]: execution time (ms): 8.000000
[rf2o_laser_odometry_node-5] [INFO] [1771096627.563856791] [rf2o_laser_odometry]: Laser odom [x,y,yaw]=[-0.611273 -0.119769 1.070784]
[rf2o_laser_odometry_node-5] [INFO] [1771096627.563931401] [rf2o_laser_odometry]: Robot-base odom [x,y,yaw]=[-0.659216 -0.207527 1.070784]
[rf2o_laser_odometry_node-5] [WARN] [1771096627.602987081] [rf2o_laser_odometry]: Waiting for laser_scans....
[rf2o_laser_odometry_node-5] [INFO] [1771096627.663284561] [rf2o_laser_odometry]: execution time (ms): 8.000000
[rf2o_laser_odometry_node-5] [INFO] [1771096627.663495881] [rf2o_laser_odometry]: Laser odom [x,y,yaw]=[-0.615505 -0.123107 1.082730]
[rf2o_laser_odometry_node-5] [INFO] [1771096627.663531341] [rf2o_laser_odometry]: Robot-base odom [x,y,yaw]=[-0.662397 -0.211431 1.082730]
[rf2o_laser_odometry_node-5] [WARN] [1771096627.703045751] [rf2o_laser_odometry]: Waiting for laser_scans....
[rf2o_laser_odometry_node-5] [INFO] [1771096627.762646811] [rf2o_laser_odometry]: execution time (ms): 12.000000
[rf2o_laser_odometry_node-5] [INFO] [1771096627.762799811] [rf2o_laser_odometry]: Laser odom [x,y,yaw]=[-0.619674 -0.126474 1.094650]
[rf2o_laser_odometry_node-5] [INFO] [1771096627.762840221] [rf2o_laser_odometry]: Robot-base odom [x,y,yaw]=[-0.665510 -0.215351 1.094650]
[rf2o_laser_odometry_node-5] [WARN] [1771096627.802970501] [rf2o_laser_odometry]: Waiting for laser_scans....
[rf2o_laser_odometry_node-5] [WARN] [1771096627.852972341] [rf2o_laser_odometry]: Waiting for laser_scans....
[rf2o_laser_odometry_node-5] [INFO] [1771096627.915285731] [rf2o_laser_odometry]: execution time (ms): 12.000000
[rf2o_laser_odometry_node-5] [INFO] [1771096627.915474191] [rf2o_laser_odometry]: Laser odom [x,y,yaw]=[-0.623839 -0.129896 1.106566]
[rf2o_laser_odometry_node-5] [INFO] [1771096627.915518111] [rf2o_laser_odometry]: Robot-base odom [x,y,yaw]=[-0.668612 -0.219313 1.106566]
[rf2o_laser_odometry_node-5] [WARN] [1771096627.952995011] [rf2o_laser_odometry]: Waiting for laser_scans....
[rf2o_laser_odometry_node-5] [INFO] [1771096628.014926261] [rf2o_laser_odometry]: execution time (ms): 12.000000
[rf2o_laser_odometry_node-5] [INFO] [1771096628.015049921] [rf2o_laser_odometry]: Laser odom [x,y,yaw]=[-0.627947 -0.133358 1.118566]
[rf2o_laser_odometry_node-5] [INFO] [1771096628.015074581] [rf2o_laser_odometry]: Robot-base odom [x,y,yaw]=[-0.671644 -0.223305 1.118566]
[rf2o_laser_odometry_node-5] [WARN] [1771096628.052982761] [rf2o_laser_odometry]: Waiting for laser_scans....
[rf2o_laser_odometry_node-5] [INFO] [1771096628.115773061] [rf2o_laser_odometry]: execution time (ms): 12.000000
[rf2o_laser_odometry_node-5] [INFO] [1771096628.116011921] [rf2o_laser_odometry]: Laser odom [x,y,yaw]=[-0.632017 -0.136847 1.130507]
[rf2o_laser_odometry_node-5] [INFO] [1771096628.116062681] [rf2o_laser_odometry]: Robot-base odom [x,y,yaw]=[-0.674637 -0.227310 1.130507]
[rf2o_laser_odometry_node-5] [WARN] [1771096628.153017491] [rf2o_laser_odometry]: Waiting for laser_scans....
[rf2o_laser_odometry_node-5] [INFO] [1771096628.213807271] [rf2o_laser_odometry]: execution time (ms): 12.000000
[rf2o_laser_odometry_node-5] [INFO] [1771096628.213953971] [rf2o_laser_odometry]: Laser odom [x,y,yaw]=[-0.636081 -0.140400 1.142427]
[rf2o_laser_odometry_node-5] [INFO] [1771096628.213978811] [rf2o_laser_odometry]: Robot-base odom [x,y,yaw]=[-0.677620 -0.231364 1.142427]
[rf2o_laser_odometry_node-5] [WARN] [1771096628.252971221] [rf2o_laser_odometry]: Waiting for laser_scans....
[rf2o_laser_odometry_node-5] [INFO] [1771096628.314206591] [rf2o_laser_odometry]: execution time (ms): 12.000000
[rf2o_laser_odometry_node-5] [INFO] [1771096628.314377681] [rf2o_laser_odometry]: Laser odom [x,y,yaw]=[-0.640111 -0.144006 1.154242]
[rf2o_laser_odometry_node-5] [INFO] [1771096628.314426731] [rf2o_laser_odometry]: Robot-base odom [x,y,yaw]=[-0.680572 -0.235455 1.154242]
[rf2o_laser_odometry_node-5] [WARN] [1771096628.353078671] [rf2o_laser_odometry]: Waiting for laser_scans....
[rf2o_laser_odometry_node-5] [INFO] [1771096628.415934671] [rf2o_laser_odometry]: execution time (ms): 12.000000
[rf2o_laser_odometry_node-5] [INFO] [1771096628.416079301] [rf2o_laser_odometry]: Laser odom [x,y,yaw]=[-0.644089 -0.147633 1.166093]
[rf2o_laser_odometry_node-5] [INFO] [1771096628.416110531] [rf2o_laser_odometry]: Robot-base odom [x,y,yaw]=[-0.683463 -0.239554 1.166093]
[rf2o_laser_odometry_node-5] [WARN] [1771096628.453279091] [rf2o_laser_odometry]: Waiting for laser_scans....
[rf2o_laser_odometry_node-5] [INFO] [1771096628.513903361] [rf2o_laser_odometry]: execution time (ms): 12.000000
[rf2o_laser_odometry_node-5] [INFO] [1771096628.514042771] [rf2o_laser_odometry]: Laser odom [x,y,yaw]=[-0.648019 -0.151302 1.178088]
[rf2o_laser_odometry_node-5] [INFO] [1771096628.514082281] [rf2o_laser_odometry]: Robot-base odom [x,y,yaw]=[-0.686288 -0.243689 1.178088]
[rf2o_laser_odometry_node-5] [WARN] [1771096628.553286461] [rf2o_laser_odometry]: Waiting for laser_scans....
[rf2o_laser_odometry_node-5] [INFO] [1771096628.614986321] [rf2o_laser_odometry]: execution time (ms): 12.000000
[rf2o_laser_odometry_node-5] [INFO] [1771096628.615144091] [rf2o_laser_odometry]: Laser odom [x,y,yaw]=[-0.651892 -0.155012 1.190123]
[rf2o_laser_odometry_node-5] [INFO] [1771096628.615181081] [rf2o_laser_odometry]: Robot-base odom [x,y,yaw]=[-0.689047 -0.247853 1.190123]
[rf2o_laser_odometry_node-5] [WARN] [1771096628.652976311] [rf2o_laser_odometry]: Waiting for laser_scans....
[rf2o_laser_odometry_node-5] [INFO] [1771096628.716082511] [rf2o_laser_odometry]: execution time (ms): 16.000000
[rf2o_laser_odometry_node-5] [INFO] [1771096628.716905561] [rf2o_laser_odometry]: Laser odom [x,y,yaw]=[-0.655746 -0.158767 1.202148]
[rf2o_laser_odometry_node-5] [INFO] [1771096628.716976571] [rf2o_laser_odometry]: Robot-base odom [x,y,yaw]=[-0.691782 -0.252049 1.202148]
[rf2o_laser_odometry_node-5] [WARN] [1771096628.753230641] [rf2o_laser_odometry]: Waiting for laser_scans....
[rf2o_laser_odometry_node-5] [WARN] [1771096628.802978771] [rf2o_laser_odometry]: Waiting for laser_scans....
[rf2o_laser_odometry_node-5] [INFO] [1771096628.864615811] [rf2o_laser_odometry]: execution time (ms): 12.000000
[rf2o_laser_odometry_node-5] [INFO] [1771096628.864766921] [rf2o_laser_odometry]: Laser odom [x,y,yaw]=[-0.659563 -0.162563 1.214083]
[rf2o_laser_odometry_node-5] [INFO] [1771096628.864791941] [rf2o_laser_odometry]: Robot-base odom [x,y,yaw]=[-0.694482 -0.256268 1.214083]
[rf2o_laser_odometry_node-5] [INFO] [1771096628.915432781] [rf2o_laser_odometry]: execution time (ms): 12.000000
[rf2o_laser_odometry_node-5] [INFO] [1771096628.916282381] [rf2o_laser_odometry]: Laser odom [x,y,yaw]=[-0.663326 -0.166388 1.226094]
[rf2o_laser_odometry_node-5] [INFO] [1771096628.916338271] [rf2o_laser_odometry]: Robot-base odom [x,y,yaw]=[-0.697117 -0.260506 1.226094]
[rf2o_laser_odometry_node-5] [WARN] [1771096628.953060881] [rf2o_laser_odometry]: Waiting for laser_scans....
[rf2o_laser_odometry_node-5] [INFO] [1771096629.013395531] [rf2o_laser_odometry]: execution time (ms): 8.000000
[rf2o_laser_odometry_node-5] [INFO] [1771096629.013557351] [rf2o_laser_odometry]: Laser odom [x,y,yaw]=[-0.667058 -0.170257 1.238242]
[rf2o_laser_odometry_node-5] [INFO] [1771096629.013625391] [rf2o_laser_odometry]: Robot-base odom [x,y,yaw]=[-0.699704 -0.264779 1.238242]
[rf2o_laser_odometry_node-5] [WARN] [1771096629.053019111] [rf2o_laser_odometry]: Waiting for laser_scans....
[rf2o_laser_odometry_node-5] [INFO] [1771096629.119574111] [rf2o_laser_odometry]: execution time (ms): 12.000000
[rf2o_laser_odometry_node-5] [INFO] [1771096629.119747181] [rf2o_laser_odometry]: Laser odom [x,y,yaw]=[-0.670720 -0.174150 1.250410]
[rf2o_laser_odometry_node-5] [INFO] [1771096629.119787681] [rf2o_laser_odometry]: Robot-base odom [x,y,yaw]=[-0.702213 -0.269062 1.250410]
[rf2o_laser_odometry_node-5] [WARN] [1771096629.153201711] [rf2o_laser_odometry]: Waiting for laser_scans....
[rf2o_laser_odometry_node-5] [INFO] [1771096629.215390091] [rf2o_laser_odometry]: execution time (ms): 12.000000
[rf2o_laser_odometry_node-5] [INFO] [1771096629.215511951] [rf2o_laser_odometry]: Laser odom [x,y,yaw]=[-0.674340 -0.178091 1.262593]
[rf2o_laser_odometry_node-5] [INFO] [1771096629.215537511] [rf2o_laser_odometry]: Robot-base odom [x,y,yaw]=[-0.704674 -0.273379 1.262593]
[rf2o_laser_odometry_node-5] [WARN] [1771096629.253164891] [rf2o_laser_odometry]: Waiting for laser_scans....
[rf2o_laser_odometry_node-5] [WARN] [1771096629.303003741] [rf2o_laser_odometry]: Waiting for laser_scans....
[rf2o_laser_odometry_node-5] [INFO] [1771096629.364309671] [rf2o_laser_odometry]: execution time (ms): 12.000000
[rf2o_laser_odometry_node-5] [INFO] [1771096629.364458711] [rf2o_laser_odometry]: Laser odom [x,y,yaw]=[-0.677925 -0.182084 1.274662]
[rf2o_laser_odometry_node-5] [INFO] [1771096629.364484001] [rf2o_laser_odometry]: Robot-base odom [x,y,yaw]=[-0.707107 -0.277731 1.274662]
[rf2o_laser_odometry_node-5] [INFO] [1771096629.413918841] [rf2o_laser_odometry]: execution time (ms): 12.000000
[rf2o_laser_odometry_node-5] [INFO] [1771096629.414915141] [rf2o_laser_odometry]: Laser odom [x,y,yaw]=[-0.681498 -0.186117 1.286538]
[rf2o_laser_odometry_node-5] [INFO] [1771096629.414985251] [rf2o_laser_odometry]: Robot-base odom [x,y,yaw]=[-0.709542 -0.282104 1.286538]
[rf2o_laser_odometry_node-5] [WARN] [1771096629.453036351] [rf2o_laser_odometry]: Waiting for laser_scans....
[rf2o_laser_odometry_node-5] [INFO] [1771096629.514369371] [rf2o_laser_odometry]: execution time (ms): 12.000000
[rf2o_laser_odometry_node-5] [INFO] [1771096629.514524801] [rf2o_laser_odometry]: Laser odom [x,y,yaw]=[-0.685021 -0.190194 1.298388]
[rf2o_laser_odometry_node-5] [INFO] [1771096629.514564401] [rf2o_laser_odometry]: Robot-base odom [x,y,yaw]=[-0.711926 -0.286507 1.298388]
[rf2o_laser_odometry_node-5] [WARN] [1771096629.552969201] [rf2o_laser_odometry]: Waiting for laser_scans....
[rf2o_laser_odometry_node-5] [INFO] [1771096629.616417041] [rf2o_laser_odometry]: execution time (ms): 12.000000
[rf2o_laser_odometry_node-5] [INFO] [1771096629.616618641] [rf2o_laser_odometry]: Laser odom [x,y,yaw]=[-0.688510 -0.194306 1.310294]
[rf2o_laser_odometry_node-5] [INFO] [1771096629.616667061] [rf2o_laser_odometry]: Robot-base odom [x,y,yaw]=[-0.714267 -0.290932 1.310294]
[rf2o_laser_odometry_node-5] [WARN] [1771096629.653495781] [rf2o_laser_odometry]: Waiting for laser_scans....
[rf2o_laser_odometry_node-5] [INFO] [1771096629.715276641] [rf2o_laser_odometry]: execution time (ms): 12.000000
[rf2o_laser_odometry_node-5] [INFO] [1771096629.716243781] [rf2o_laser_odometry]: Laser odom [x,y,yaw]=[-0.691961 -0.198463 1.322194]
[rf2o_laser_odometry_node-5] [INFO] [1771096629.716301201] [rf2o_laser_odometry]: Robot-base odom [x,y,yaw]=[-0.716566 -0.295389 1.322194]
[rf2o_laser_odometry_node-5] [WARN] [1771096629.752967471] [rf2o_laser_odometry]: Waiting for laser_scans....
[rf2o_laser_odometry_node-5] [WARN] [1771096629.802977501] [rf2o_laser_odometry]: Waiting for laser_scans....
[rf2o_laser_odometry_node-5] [INFO] [1771096629.865686171] [rf2o_laser_odometry]: execution time (ms): 12.000000
[rf2o_laser_odometry_node-5] [INFO] [1771096629.866072541] [rf2o_laser_odometry]: Laser odom [x,y,yaw]=[-0.695355 -0.202654 1.334080]
[rf2o_laser_odometry_node-5] [INFO] [1771096629.866123481] [rf2o_laser_odometry]: Robot-base odom [x,y,yaw]=[-0.718807 -0.299865 1.334080]
[rf2o_laser_odometry_node-5] [INFO] [1771096629.914596761] [rf2o_laser_odometry]: execution time (ms): 12.000000
[rf2o_laser_odometry_node-5] [INFO] [1771096629.914716551] [rf2o_laser_odometry]: Laser odom [x,y,yaw]=[-0.698720 -0.206886 1.345910]
[rf2o_laser_odometry_node-5] [INFO] [1771096629.914741751] [rf2o_laser_odometry]: Robot-base odom [x,y,yaw]=[-0.721019 -0.304368 1.345910]
[rf2o_laser_odometry_node-5] [WARN] [1771096629.953059521] [rf2o_laser_odometry]: Waiting for laser_scans....
[rf2o_laser_odometry_node-5] [INFO] [1771096630.013678121] [rf2o_laser_odometry]: execution time (ms): 12.000000
[rf2o_laser_odometry_node-5] [INFO] [1771096630.013869101] [rf2o_laser_odometry]: Laser odom [x,y,yaw]=[-0.702071 -0.211177 1.357465]
[rf2o_laser_odometry_node-5] [INFO] [1771096630.013907261] [rf2o_laser_odometry]: Robot-base odom [x,y,yaw]=[-0.723243 -0.308910 1.357465]
[rf2o_laser_odometry_node-5] [WARN] [1771096630.053061311] [rf2o_laser_odometry]: Waiting for laser_scans....
[rf2o_laser_odometry_node-5] [INFO] [1771096630.114954401] [rf2o_laser_odometry]: execution time (ms): 12.000000
[rf2o_laser_odometry_node-5] [INFO] [1771096630.115124951] [rf2o_laser_odometry]: Laser odom [x,y,yaw]=[-0.705363 -0.215493 1.369071]
[rf2o_laser_odometry_node-5] [INFO] [1771096630.115195871] [rf2o_laser_odometry]: Robot-base odom [x,y,yaw]=[-0.725399 -0.313465 1.369071]
[rf2o_laser_odometry_node-5] [WARN] [1771096630.153024041] [rf2o_laser_odometry]: Waiting for laser_scans....
[rf2o_laser_odometry_node-5] [INFO] [1771096630.213914351] [rf2o_laser_odometry]: execution time (ms): 12.000000
[rf2o_laser_odometry_node-5] [INFO] [1771096630.214045661] [rf2o_laser_odometry]: Laser odom [x,y,yaw]=[-0.708623 -0.219847 1.380713]
[rf2o_laser_odometry_node-5] [INFO] [1771096630.214070321] [rf2o_laser_odometry]: Robot-base odom [x,y,yaw]=[-0.727517 -0.318046 1.380713]
[rf2o_laser_odometry_node-5] [WARN] [1771096630.253144901] [rf2o_laser_odometry]: Waiting for laser_scans....
[rf2o_laser_odometry_node-5] [WARN] [1771096630.303036851] [rf2o_laser_odometry]: Waiting for laser_scans....
[rf2o_laser_odometry_node-5] [INFO] [1771096630.364367621] [rf2o_laser_odometry]: execution time (ms): 4.000000
[rf2o_laser_odometry_node-5] [INFO] [1771096630.366182831] [rf2o_laser_odometry]: Laser odom [x,y,yaw]=[-0.711842 -0.224236 1.392227]
[rf2o_laser_odometry_node-5] [INFO] [1771096630.366252311] [rf2o_laser_odometry]: Robot-base odom [x,y,yaw]=[-0.729605 -0.322646 1.392227]
[rf2o_laser_odometry_node-5] [INFO] [1771096630.416653301] [rf2o_laser_odometry]: execution time (ms): 8.000000
[rf2o_laser_odometry_node-5] [INFO] [1771096630.416815481] [rf2o_laser_odometry]: Laser odom [x,y,yaw]=[-0.712670 -0.225005 1.397182]
[rf2o_laser_odometry_node-5] [INFO] [1771096630.416854271] [rf2o_laser_odometry]: Robot-base odom [x,y,yaw]=[-0.729944 -0.323501 1.397182]
[rf2o_laser_odometry_node-5] [WARN] [1771096630.452987921] [rf2o_laser_odometry]: Waiting for laser_scans....
[rf2o_laser_odometry_node-5] [WARN] [1771096630.503022431] [rf2o_laser_odometry]: Waiting for laser_scans....
[rf2o_laser_odometry_node-5] [INFO] [1771096630.563619611] [rf2o_laser_odometry]: execution time (ms): 8.000000
[rf2o_laser_odometry_node-5] [INFO] [1771096630.563777921] [rf2o_laser_odometry]: Laser odom [x,y,yaw]=[-0.711092 -0.221703 1.393512]
[rf2o_laser_odometry_node-5] [INFO] [1771096630.563810861] [rf2o_laser_odometry]: Robot-base odom [x,y,yaw]=[-0.728728 -0.320136 1.393512]
[rf2o_laser_odometry_node-5] [WARN] [1771096630.602983721] [rf2o_laser_odometry]: Waiting for laser_scans....
[rf2o_laser_odometry_node-5] [INFO] [1771096630.662730221] [rf2o_laser_odometry]: execution time (ms): 4.000000
[rf2o_laser_odometry_node-5] [INFO] [1771096630.663689711] [rf2o_laser_odometry]: Laser odom [x,y,yaw]=[-0.709600 -0.218245 1.389762]
[rf2o_laser_odometry_node-5] [INFO] [1771096630.663782861] [rf2o_laser_odometry]: Robot-base odom [x,y,yaw]=[-0.727605 -0.316610 1.389762]
[rf2o_laser_odometry_node-5] [WARN] [1771096630.702973361] [rf2o_laser_odometry]: Waiting for laser_scans....
[rf2o_laser_odometry_node-5] [INFO] [1771096630.763012541] [rf2o_laser_odometry]: execution time (ms): 8.000000
[rf2o_laser_odometry_node-5] [INFO] [1771096630.763133141] [rf2o_laser_odometry]: Laser odom [x,y,yaw]=[-0.708177 -0.214554 1.386414]
[rf2o_laser_odometry_node-5] [INFO] [1771096630.763157171] [rf2o_laser_odometry]: Robot-base odom [x,y,yaw]=[-0.726511 -0.312859 1.386414]
[rf2o_laser_odometry_node-5] [WARN] [1771096630.802991171] [rf2o_laser_odometry]: Waiting for laser_scans....
[rf2o_laser_odometry_node-5] [INFO] [1771096630.864246971] [rf2o_laser_odometry]: execution time (ms): 8.000000
[rf2o_laser_odometry_node-5] [INFO] [1771096630.864415181] [rf2o_laser_odometry]: Laser odom [x,y,yaw]=[-0.706835 -0.210725 1.384620]
[rf2o_laser_odometry_node-5] [INFO] [1771096630.864443711] [rf2o_laser_odometry]: Robot-base odom [x,y,yaw]=[-0.725345 -0.308997 1.384620]
[rf2o_laser_odometry_node-5] [WARN] [1771096630.903057671] [rf2o_laser_odometry]: Waiting for laser_scans....
[rf2o_laser_odometry_node-5] [INFO] [1771096630.966377801] [rf2o_laser_odometry]: execution time (ms): 12.000000
[rf2o_laser_odometry_node-5] [INFO] [1771096630.966502991] [rf2o_laser_odometry]: Laser odom [x,y,yaw]=[-0.707204 -0.211838 1.388526]
[rf2o_laser_odometry_node-5] [INFO] [1771096630.966527741] [rf2o_laser_odometry]: Robot-base odom [x,y,yaw]=[-0.725330 -0.310182 1.388526]
[rf2o_laser_odometry_node-5] [WARN] [1771096631.003011851] [rf2o_laser_odometry]: Waiting for laser_scans....
[rf2o_laser_odometry_node-5] [INFO] [1771096631.065839411] [rf2o_laser_odometry]: execution time (ms): 12.000000
[rf2o_laser_odometry_node-5] [INFO] [1771096631.067014901] [rf2o_laser_odometry]: Laser odom [x,y,yaw]=[-0.709005 -0.216953 1.395105]
[rf2o_laser_odometry_node-5] [INFO] [1771096631.067167901] [rf2o_laser_odometry]: Robot-base odom [x,y,yaw]=[-0.726484 -0.315414 1.395105]
[rf2o_laser_odometry_node-5] [WARN] [1771096631.103199131] [rf2o_laser_odometry]: Waiting for laser_scans....
[rf2o_laser_odometry_node-5] [INFO] [1771096631.166573351] [rf2o_laser_odometry]: execution time (ms): 12.000000
[rf2o_laser_odometry_node-5] [INFO] [1771096631.166826251] [rf2o_laser_odometry]: Laser odom [x,y,yaw]=[-0.710970 -0.222020 1.402856]
[rf2o_laser_odometry_node-5] [INFO] [1771096631.166876561] [rf2o_laser_odometry]: Robot-base odom [x,y,yaw]=[-0.727685 -0.320614 1.402856]
[rf2o_laser_odometry_node-5] [WARN] [1771096631.203017951] [rf2o_laser_odometry]: Waiting for laser_scans....
[rf2o_laser_odometry_node-5] [INFO] [1771096631.265049731] [rf2o_laser_odometry]: execution time (ms): 12.000000
[rf2o_laser_odometry_node-5] [INFO] [1771096631.265194811] [rf2o_laser_odometry]: Laser odom [x,y,yaw]=[-0.713102 -0.226990 1.411501]
[rf2o_laser_odometry_node-5] [INFO] [1771096631.265236121] [rf2o_laser_odometry]: Robot-base odom [x,y,yaw]=[-0.728964 -0.325723 1.411501]
[rf2o_laser_odometry_node-5] [WARN] [1771096631.302958811] [rf2o_laser_odometry]: Waiting for laser_scans....
[rf2o_laser_odometry_node-5] [INFO] [1771096631.365984281] [rf2o_laser_odometry]: execution time (ms): 12.000000
[rf2o_laser_odometry_node-5] [INFO] [1771096631.366161131] [rf2o_laser_odometry]: Laser odom [x,y,yaw]=[-0.712864 -0.225908 1.415377]
[rf2o_laser_odometry_node-5] [INFO] [1771096631.366204871] [rf2o_laser_odometry]: Robot-base odom [x,y,yaw]=[-0.728344 -0.324702 1.415377]
[rf2o_laser_odometry_node-5] [WARN] [1771096631.402977161] [rf2o_laser_odometry]: Waiting for laser_scans....
[rf2o_laser_odometry_node-5] [INFO] [1771096631.465531391] [rf2o_laser_odometry]: execution time (ms): 12.000000
[rf2o_laser_odometry_node-5] [INFO] [1771096631.465653431] [rf2o_laser_odometry]: Laser odom [x,y,yaw]=[-0.711637 -0.222074 1.413334]
[rf2o_laser_odometry_node-5] [INFO] [1771096631.465677461] [rf2o_laser_odometry]: Robot-base odom [x,y,yaw]=[-0.727318 -0.320837 1.413334]
[rf2o_laser_odometry_node-5] [WARN] [1771096631.502998661] [rf2o_laser_odometry]: Waiting for laser_scans....
[rf2o_laser_odometry_node-5] [INFO] [1771096631.564535981] [rf2o_laser_odometry]: execution time (ms): 12.000000
[rf2o_laser_odometry_node-5] [INFO] [1771096631.565383061] [rf2o_laser_odometry]: Laser odom [x,y,yaw]=[-0.710613 -0.218021 1.415128]
[rf2o_laser_odometry_node-5] [INFO] [1771096631.565438411] [rf2o_laser_odometry]: Robot-base odom [x,y,yaw]=[-0.726117 -0.316812 1.415128]
[rf2o_laser_odometry_node-5] [WARN] [1771096631.602997211] [rf2o_laser_odometry]: Waiting for laser_scans....
[rf2o_laser_odometry_node-5] [INFO] [1771096631.663481621] [rf2o_laser_odometry]: execution time (ms): 12.000000
[rf2o_laser_odometry_node-5] [INFO] [1771096631.663647491] [rf2o_laser_odometry]: Laser odom [x,y,yaw]=[-0.709974 -0.214136 1.419454]
[rf2o_laser_odometry_node-5] [INFO] [1771096631.663683221] [rf2o_laser_odometry]: Robot-base odom [x,y,yaw]=[-0.725051 -0.312993 1.419454]
[rf2o_laser_odometry_node-5] [WARN] [1771096631.702977311] [rf2o_laser_odometry]: Waiting for laser_scans....
[rf2o_laser_odometry_node-5] [INFO] [1771096631.763827031] [rf2o_laser_odometry]: execution time (ms): 12.000000
[rf2o_laser_odometry_node-5] [INFO] [1771096631.763980301] [rf2o_laser_odometry]: Laser odom [x,y,yaw]=[-0.709657 -0.210352 1.423284]
[rf2o_laser_odometry_node-5] [INFO] [1771096631.764010361] [rf2o_laser_odometry]: Robot-base odom [x,y,yaw]=[-0.724355 -0.309266 1.423284]
[rf2o_laser_odometry_node-5] [WARN] [1771096631.802979911] [rf2o_laser_odometry]: Waiting for laser_scans....
[rf2o_laser_odometry_node-5] [INFO] [1771096631.864989281] [rf2o_laser_odometry]: execution time (ms): 12.000000
[rf2o_laser_odometry_node-5] [INFO] [1771096631.865763551] [rf2o_laser_odometry]: Laser odom [x,y,yaw]=[-0.710053 -0.212330 1.425625]
[rf2o_laser_odometry_node-5] [INFO] [1771096631.865833391] [rf2o_laser_odometry]: Robot-base odom [x,y,yaw]=[-0.724519 -0.311278 1.425625]
[rf2o_laser_odometry_node-5] [WARN] [1771096631.903100051] [rf2o_laser_odometry]: Waiting for laser_scans....
[rf2o_laser_odometry_node-5] [INFO] [1771096631.963755641] [rf2o_laser_odometry]: execution time (ms): 12.000000
[rf2o_laser_odometry_node-5] [INFO] [1771096631.963915211] [rf2o_laser_odometry]: Laser odom [x,y,yaw]=[-0.710864 -0.216479 1.429197]
[rf2o_laser_odometry_node-5] [INFO] [1771096631.963947521] [rf2o_laser_odometry]: Robot-base odom [x,y,yaw]=[-0.724977 -0.315478 1.429197]
[rf2o_laser_odometry_node-5] [WARN] [1771096632.003058101] [rf2o_laser_odometry]: Waiting for laser_scans....
[rf2o_laser_odometry_node-5] [INFO] [1771096632.063326421] [rf2o_laser_odometry]: execution time (ms): 12.000000
[rf2o_laser_odometry_node-5] [INFO] [1771096632.063488421] [rf2o_laser_odometry]: Laser odom [x,y,yaw]=[-0.712028 -0.221352 1.432883]
[rf2o_laser_odometry_node-5] [INFO] [1771096632.063528741] [rf2o_laser_odometry]: Robot-base odom [x,y,yaw]=[-0.725776 -0.320402 1.432883]
[rf2o_laser_odometry_node-5] [WARN] [1771096632.102970971] [rf2o_laser_odometry]: Waiting for laser_scans....
[rf2o_laser_odometry_node-5] [INFO] [1771096632.163840851] [rf2o_laser_odometry]: execution time (ms): 8.000000
[rf2o_laser_odometry_node-5] [INFO] [1771096632.163981701] [rf2o_laser_odometry]: Laser odom [x,y,yaw]=[-0.713496 -0.226533 1.438142]
[rf2o_laser_odometry_node-5] [INFO] [1771096632.164007981] [rf2o_laser_odometry]: Robot-base odom [x,y,yaw]=[-0.726722 -0.325655 1.438142]
[rf2o_laser_odometry_node-5] [WARN] [1771096632.203036211] [rf2o_laser_odometry]: Waiting for laser_scans....
[rf2o_laser_odometry_node-5] [INFO] [1771096632.262374741] [rf2o_laser_odometry]: execution time (ms): 12.000000
[rf2o_laser_odometry_node-5] [INFO] [1771096632.262890531] [rf2o_laser_odometry]: Laser odom [x,y,yaw]=[-0.713034 -0.224231 1.441250]
[rf2o_laser_odometry_node-5] [INFO] [1771096632.262932111] [rf2o_laser_odometry]: Robot-base odom [x,y,yaw]=[-0.725953 -0.323393 1.441250]
[rf2o_laser_odometry_node-5] [WARN] [1771096632.303018651] [rf2o_laser_odometry]: Waiting for laser_scans....
[rf2o_laser_odometry_node-5] [INFO] [1771096632.364159701] [rf2o_laser_odometry]: execution time (ms): 12.000000
[rf2o_laser_odometry_node-5] [INFO] [1771096632.364305681] [rf2o_laser_odometry]: Laser odom [x,y,yaw]=[-0.712484 -0.220249 1.445306]
[rf2o_laser_odometry_node-5] [INFO] [1771096632.364341951] [rf2o_laser_odometry]: Robot-base odom [x,y,yaw]=[-0.725000 -0.319463 1.445306]
[rf2o_laser_odometry_node-5] [WARN] [1771096632.402994971] [rf2o_laser_odometry]: Waiting for laser_scans....
[rf2o_laser_odometry_node-5] [INFO] [1771096632.465877341] [rf2o_laser_odometry]: execution time (ms): 12.000000
[rf2o_laser_odometry_node-5] [INFO] [1771096632.466003701] [rf2o_laser_odometry]: Laser odom [x,y,yaw]=[-0.712214 -0.216476 1.449227]
[rf2o_laser_odometry_node-5] [INFO] [1771096632.466027911] [rf2o_laser_odometry]: Robot-base odom [x,y,yaw]=[-0.724341 -0.315738 1.449227]
[rf2o_laser_odometry_node-5] [WARN] [1771096632.503648631] [rf2o_laser_odometry]: Waiting for laser_scans....
[rf2o_laser_odometry_node-5] [INFO] [1771096632.564507801] [rf2o_laser_odometry]: execution time (ms): 12.000000
[rf2o_laser_odometry_node-5] [INFO] [1771096632.564687081] [rf2o_laser_odometry]: Laser odom [x,y,yaw]=[-0.712180 -0.212676 1.452930]
[rf2o_laser_odometry_node-5] [INFO] [1771096632.564726681] [rf2o_laser_odometry]: Robot-base odom [x,y,yaw]=[-0.723940 -0.311983 1.452930]
[rf2o_laser_odometry_node-5] [WARN] [1771096632.603021771] [rf2o_laser_odometry]: Waiting for laser_scans....
[rf2o_laser_odometry_node-5] [INFO] [1771096632.664776891] [rf2o_laser_odometry]: execution time (ms): 12.000000
[rf2o_laser_odometry_node-5] [INFO] [1771096632.664918641] [rf2o_laser_odometry]: Laser odom [x,y,yaw]=[-0.712658 -0.216059 1.453275]
[rf2o_laser_odometry_node-5] [INFO] [1771096632.664944021] [rf2o_laser_odometry]: Robot-base odom [x,y,yaw]=[-0.724383 -0.315369 1.453275]
[rf2o_laser_odometry_node-5] [WARN] [1771096632.703013211] [rf2o_laser_odometry]: Waiting for laser_scans....
[rf2o_laser_odometry_node-5] [INFO] [1771096632.762897861] [rf2o_laser_odometry]: execution time (ms): 8.000000
[rf2o_laser_odometry_node-5] [INFO] [1771096632.763022781] [rf2o_laser_odometry]: Laser odom [x,y,yaw]=[-0.713289 -0.220051 1.456265]
[rf2o_laser_odometry_node-5] [INFO] [1771096632.763047441] [rf2o_laser_odometry]: Robot-base odom [x,y,yaw]=[-0.724717 -0.319396 1.456265]
[rf2o_laser_odometry_node-5] [WARN] [1771096632.803017791] [rf2o_laser_odometry]: Waiting for laser_scans....
[rf2o_laser_odometry_node-5] [INFO] [1771096632.864528471] [rf2o_laser_odometry]: execution time (ms): 12.000000
[rf2o_laser_odometry_node-5] [INFO] [1771096632.864678681] [rf2o_laser_odometry]: Laser odom [x,y,yaw]=[-0.714081 -0.224210 1.459853]
[rf2o_laser_odometry_node-5] [INFO] [1771096632.864708021] [rf2o_laser_odometry]: Robot-base odom [x,y,yaw]=[-0.725153 -0.323595 1.459853]
[rf2o_laser_odometry_node-5] [WARN] [1771096632.902967561] [rf2o_laser_odometry]: Waiting for laser_scans....
[rf2o_laser_odometry_node-5] [INFO] [1771096632.964923201] [rf2o_laser_odometry]: execution time (ms): 12.000000
[rf2o_laser_odometry_node-5] [INFO] [1771096632.965086551] [rf2o_laser_odometry]: Laser odom [x,y,yaw]=[-0.713700 -0.220923 1.463805]
[rf2o_laser_odometry_node-5] [INFO] [1771096632.965135871] [rf2o_laser_odometry]: Robot-base odom [x,y,yaw]=[-0.724379 -0.320351 1.463805]
[rf2o_laser_odometry_node-5] [WARN] [1771096633.003074471] [rf2o_laser_odometry]: Waiting for laser_scans....
[rf2o_laser_odometry_node-5] [INFO] [1771096633.065580911] [rf2o_laser_odometry]: execution time (ms): 12.000000
[rf2o_laser_odometry_node-5] [INFO] [1771096633.066679541] [rf2o_laser_odometry]: Laser odom [x,y,yaw]=[-0.713526 -0.217173 1.467665]
[rf2o_laser_odometry_node-5] [INFO] [1771096633.066753161] [rf2o_laser_odometry]: Robot-base odom [x,y,yaw]=[-0.723821 -0.316642 1.467665]
[rf2o_laser_odometry_node-5] [WARN] [1771096633.103082111] [rf2o_laser_odometry]: Waiting for laser_scans....
[rf2o_laser_odometry_node-5] [INFO] [1771096633.165656861] [rf2o_laser_odometry]: execution time (ms): 12.000000
[rf2o_laser_odometry_node-5] [INFO] [1771096633.165862421] [rf2o_laser_odometry]: Laser odom [x,y,yaw]=[-0.713578 -0.213493 1.471384]
[rf2o_laser_odometry_node-5] [INFO] [1771096633.165914891] [rf2o_laser_odometry]: Robot-base odom [x,y,yaw]=[-0.723503 -0.313000 1.471384]
[rf2o_laser_odometry_node-5] [WARN] [1771096633.203226461] [rf2o_laser_odometry]: Waiting for laser_scans....
[rf2o_laser_odometry_node-5] [WARN] [1771096633.253039571] [rf2o_laser_odometry]: Waiting for laser_scans....
[rf2o_laser_odometry_node-5] [INFO] [1771096633.312544241] [rf2o_laser_odometry]: execution time (ms): 8.000000
[rf2o_laser_odometry_node-5] [INFO] [1771096633.312664121] [rf2o_laser_odometry]: Laser odom [x,y,yaw]=[-0.714035 -0.217105 1.471982]
[rf2o_laser_odometry_node-5] [INFO] [1771096633.312688241] [rf2o_laser_odometry]: Robot-base odom [x,y,yaw]=[-0.723900 -0.316617 1.471982]
[rf2o_laser_odometry_node-5] [INFO] [1771096633.366756641] [rf2o_laser_odometry]: execution time (ms): 16.000000
[rf2o_laser_odometry_node-5] [INFO] [1771096633.366965891] [rf2o_laser_odometry]: Laser odom [x,y,yaw]=[-0.714602 -0.221097 1.475127]
[rf2o_laser_odometry_node-5] [INFO] [1771096633.367024931] [rf2o_laser_odometry]: Robot-base odom [x,y,yaw]=[-0.724155 -0.320640 1.475127]
[rf2o_laser_odometry_node-5] [WARN] [1771096633.403025021] [rf2o_laser_odometry]: Waiting for laser_scans....
[rf2o_laser_odometry_node-5] [INFO] [1771096633.463511231] [rf2o_laser_odometry]: execution time (ms): 12.000000
[rf2o_laser_odometry_node-5] [INFO] [1771096633.464239871] [rf2o_laser_odometry]: Laser odom [x,y,yaw]=[-0.715217 -0.224713 1.478878]
[rf2o_laser_odometry_node-5] [INFO] [1771096633.464293781] [rf2o_laser_odometry]: Robot-base odom [x,y,yaw]=[-0.724396 -0.324291 1.478878]
[rf2o_laser_odometry_node-5] [WARN] [1771096633.503050391] [rf2o_laser_odometry]: Waiting for laser_scans....
[rf2o_laser_odometry_node-5] [WARN] [1771096633.552982571] [rf2o_laser_odometry]: Waiting for laser_scans....
[rf2o_laser_odometry_node-5] [INFO] [1771096633.615100931] [rf2o_laser_odometry]: execution time (ms): 12.000000
[rf2o_laser_odometry_node-5] [INFO] [1771096633.615404321] [rf2o_laser_odometry]: Laser odom [x,y,yaw]=[-0.714883 -0.220970 1.482978]
[rf2o_laser_odometry_node-5] [INFO] [1771096633.615462191] [rf2o_laser_odometry]: Robot-base odom [x,y,yaw]=[-0.723654 -0.320584 1.482978]
[rf2o_laser_odometry_node-5] [WARN] [1771096633.652985621] [rf2o_laser_odometry]: Waiting for laser_scans....
[rf2o_laser_odometry_node-5] [INFO] [1771096633.715202891] [rf2o_laser_odometry]: execution time (ms): 12.000000
[rf2o_laser_odometry_node-5] [INFO] [1771096633.715381451] [rf2o_laser_odometry]: Laser odom [x,y,yaw]=[-0.714834 -0.217204 1.486776]
[rf2o_laser_odometry_node-5] [INFO] [1771096633.715421591] [rf2o_laser_odometry]: Robot-base odom [x,y,yaw]=[-0.723226 -0.316851 1.486776]
[rf2o_laser_odometry_node-5] [WARN] [1771096633.752990651] [rf2o_laser_odometry]: Waiting for laser_scans....
[rf2o_laser_odometry_node-5] [WARN] [1771096633.802982591] [rf2o_laser_odometry]: Waiting for laser_scans....
[rf2o_laser_odometry_node-5] [INFO] [1771096633.863829881] [rf2o_laser_odometry]: execution time (ms): 8.000000
[rf2o_laser_odometry_node-5] [INFO] [1771096633.863952461] [rf2o_laser_odometry]: Laser odom [x,y,yaw]=[-0.714982 -0.213372 1.490462]
[rf2o_laser_odometry_node-5] [INFO] [1771096633.863977121] [rf2o_laser_odometry]: Robot-base odom [x,y,yaw]=[-0.723007 -0.313050 1.490462]
[rf2o_laser_odometry_node-5] [INFO] [1771096633.914283251] [rf2o_laser_odometry]: execution time (ms): 12.000000
[rf2o_laser_odometry_node-5] [INFO] [1771096633.915357761] [rf2o_laser_odometry]: Laser odom [x,y,yaw]=[-0.715063 -0.209953 1.494399]
[rf2o_laser_odometry_node-5] [INFO] [1771096633.915419681] [rf2o_laser_odometry]: Robot-base odom [x,y,yaw]=[-0.722695 -0.309661 1.494399]
[rf2o_laser_odometry_node-5] [WARN] [1771096633.953021411] [rf2o_laser_odometry]: Waiting for laser_scans....
[rf2o_laser_odometry_node-5] [INFO] [1771096634.013548751] [rf2o_laser_odometry]: execution time (ms): 8.000000
[rf2o_laser_odometry_node-5] [INFO] [1771096634.013679971] [rf2o_laser_odometry]: Laser odom [x,y,yaw]=[-0.715447 -0.214037 1.494399]
[rf2o_laser_odometry_node-5] [INFO] [1771096634.013704271] [rf2o_laser_odometry]: Robot-base odom [x,y,yaw]=[-0.723080 -0.313746 1.494399]
[rf2o_laser_odometry_node-5] [WARN] [1771096634.053019331] [rf2o_laser_odometry]: Waiting for laser_scans....
[rf2o_laser_odometry_node-5] [INFO] [1771096634.120782851] [rf2o_laser_odometry]: execution time (ms): 16.000000
[rf2o_laser_odometry_node-5] [INFO] [1771096634.120966991] [rf2o_laser_odometry]: Laser odom [x,y,yaw]=[-0.715909 -0.218053 1.496864]
[rf2o_laser_odometry_node-5] [INFO] [1771096634.121007401] [rf2o_laser_odometry]: Robot-base odom [x,y,yaw]=[-0.723295 -0.317780 1.496864]
[rf2o_laser_odometry_node-5] [WARN] [1771096634.152994751] [rf2o_laser_odometry]: Waiting for laser_scans....
[rf2o_laser_odometry_node-5] [INFO] [1771096634.217663081] [rf2o_laser_odometry]: execution time (ms): 12.000000
[rf2o_laser_odometry_node-5] [INFO] [1771096634.217793491] [rf2o_laser_odometry]: Laser odom [x,y,yaw]=[-0.716472 -0.222061 1.500647]
[rf2o_laser_odometry_node-5] [INFO] [1771096634.217832911] [rf2o_laser_odometry]: Robot-base odom [x,y,yaw]=[-0.723481 -0.321815 1.500647]
[rf2o_laser_odometry_node-5] [WARN] [1771096634.253072681] [rf2o_laser_odometry]: Waiting for laser_scans....
[rf2o_laser_odometry_node-5] [INFO] [1771096634.314872891] [rf2o_laser_odometry]: execution time (ms): 12.000000
[rf2o_laser_odometry_node-5] [INFO] [1771096634.314999521] [rf2o_laser_odometry]: Laser odom [x,y,yaw]=[-0.717355 -0.226764 1.504381]
[rf2o_laser_odometry_node-5] [INFO] [1771096634.315025801] [rf2o_laser_odometry]: Robot-base odom [x,y,yaw]=[-0.723991 -0.326543 1.504381]
[rf2o_laser_odometry_node-5] [WARN] [1771096634.353035231] [rf2o_laser_odometry]: Waiting for laser_scans....
[rf2o_laser_odometry_node-5] [INFO] [1771096634.414240361] [rf2o_laser_odometry]: execution time (ms): 12.000000
[rf2o_laser_odometry_node-5] [INFO] [1771096634.414387241] [rf2o_laser_odometry]: Laser odom [x,y,yaw]=[-0.718122 -0.230282 1.508164]
[rf2o_laser_odometry_node-5] [INFO] [1771096634.414424861] [rf2o_laser_odometry]: Robot-base odom [x,y,yaw]=[-0.724381 -0.330086 1.508164]
[rf2o_laser_odometry_node-5] [WARN] [1771096634.452983021] [rf2o_laser_odometry]: Waiting for laser_scans....
[rf2o_laser_odometry_node-5] [INFO] [1771096634.515056921] [rf2o_laser_odometry]: execution time (ms): 12.000000
[rf2o_laser_odometry_node-5] [INFO] [1771096634.515275081] [rf2o_laser_odometry]: Laser odom [x,y,yaw]=[-0.717496 -0.226157 1.509255]
[rf2o_laser_odometry_node-5] [INFO] [1771096634.515370121] [rf2o_laser_odometry]: Robot-base odom [x,y,yaw]=[-0.723646 -0.325967 1.509255]
[rf2o_laser_odometry_node-5] [WARN] [1771096634.553436251] [rf2o_laser_odometry]: Waiting for laser_scans....
[rf2o_laser_odometry_node-5] [INFO] [1771096634.614967811] [rf2o_laser_odometry]: execution time (ms): 12.000000
[rf2o_laser_odometry_node-5] [INFO] [1771096634.615212701] [rf2o_laser_odometry]: Laser odom [x,y,yaw]=[-0.717298 -0.222223 1.513384]
[rf2o_laser_odometry_node-5] [INFO] [1771096634.615255451] [rf2o_laser_odometry]: Robot-base odom [x,y,yaw]=[-0.723036 -0.322059 1.513384]
[rf2o_laser_odometry_node-5] [WARN] [1771096634.653041321] [rf2o_laser_odometry]: Waiting for laser_scans....
[rf2o_laser_odometry_node-5] [INFO] [1771096634.714531211] [rf2o_laser_odometry]: execution time (ms): 12.000000
[rf2o_laser_odometry_node-5] [INFO] [1771096634.714655231] [rf2o_laser_odometry]: Laser odom [x,y,yaw]=[-0.717381 -0.218462 1.517229]
[rf2o_laser_odometry_node-5] [INFO] [1771096634.714680341] [rf2o_laser_odometry]: Robot-base odom [x,y,yaw]=[-0.722735 -0.318319 1.517229]
[rf2o_laser_odometry_node-5] [WARN] [1771096634.753005671] [rf2o_laser_odometry]: Waiting for laser_scans....
[rf2o_laser_odometry_node-5] [WARN] [1771096634.802980241] [rf2o_laser_odometry]: Waiting for laser_scans....
[rf2o_laser_odometry_node-5] [INFO] [1771096634.863900971] [rf2o_laser_odometry]: execution time (ms): 12.000000
[rf2o_laser_odometry_node-5] [INFO] [1771096634.864095461] [rf2o_laser_odometry]: Laser odom [x,y,yaw]=[-0.717648 -0.214658 1.521011]
[rf2o_laser_odometry_node-5] [INFO] [1771096634.864141001] [rf2o_laser_odometry]: Robot-base odom [x,y,yaw]=[-0.722624 -0.314535 1.521011]
[rf2o_laser_odometry_node-5] [INFO] [1771096634.915169741] [rf2o_laser_odometry]: execution time (ms): 12.000000
[rf2o_laser_odometry_node-5] [INFO] [1771096634.915297361] [rf2o_laser_odometry]: Laser odom [x,y,yaw]=[-0.717774 -0.211975 1.525125]
[rf2o_laser_odometry_node-5] [INFO] [1771096634.915322741] [rf2o_laser_odometry]: Robot-base odom [x,y,yaw]=[-0.722339 -0.311871 1.525125]
[rf2o_laser_odometry_node-5] [WARN] [1771096634.952993141] [rf2o_laser_odometry]: Waiting for laser_scans....
[rf2o_laser_odometry_node-5] [INFO] [1771096635.014203041] [rf2o_laser_odometry]: execution time (ms): 12.000000
[rf2o_laser_odometry_node-5] [INFO] [1771096635.014380521] [rf2o_laser_odometry]: Laser odom [x,y,yaw]=[-0.718081 -0.216154 1.525614]
[rf2o_laser_odometry_node-5] [INFO] [1771096635.014424081] [rf2o_laser_odometry]: Robot-base odom [x,y,yaw]=[-0.722598 -0.316052 1.525614]
[rf2o_laser_odometry_node-5] [WARN] [1771096635.053035881] [rf2o_laser_odometry]: Waiting for laser_scans....
[rf2o_laser_odometry_node-5] [INFO] [1771096635.119336181] [rf2o_laser_odometry]: execution time (ms): 16.000000
[rf2o_laser_odometry_node-5] [INFO] [1771096635.120523731] [rf2o_laser_odometry]: Laser odom [x,y,yaw]=[-0.718441 -0.220179 1.528543]
[rf2o_laser_odometry_node-5] [INFO] [1771096635.121520931] [rf2o_laser_odometry]: Robot-base odom [x,y,yaw]=[-0.722665 -0.320089 1.528543]
[rf2o_laser_odometry_node-5] [WARN] [1771096635.153035241] [rf2o_laser_odometry]: Waiting for laser_scans....
[rf2o_laser_odometry_node-5] [INFO] [1771096635.214356561] [rf2o_laser_odometry]: execution time (ms): 12.000000
[rf2o_laser_odometry_node-5] [INFO] [1771096635.215231451] [rf2o_laser_odometry]: Laser odom [x,y,yaw]=[-0.718906 -0.224136 1.532373]
[rf2o_laser_odometry_node-5] [INFO] [1771096635.215316501] [rf2o_laser_odometry]: Robot-base odom [x,y,yaw]=[-0.722747 -0.324062 1.532373]
[rf2o_laser_odometry_node-5] [WARN] [1771096635.252985731] [rf2o_laser_odometry]: Waiting for laser_scans....
[rf2o_laser_odometry_node-5] [WARN] [1771096635.302978211] [rf2o_laser_odometry]: Waiting for laser_scans....
[rf2o_laser_odometry_node-5] [INFO] [1771096635.364436601] [rf2o_laser_odometry]: execution time (ms): 12.000000
[rf2o_laser_odometry_node-5] [INFO] [1771096635.365244081] [rf2o_laser_odometry]: Laser odom [x,y,yaw]=[-0.719622 -0.228670 1.535961]
[rf2o_laser_odometry_node-5] [INFO] [1771096635.365307081] [rf2o_laser_odometry]: Robot-base odom [x,y,yaw]=[-0.723105 -0.328609 1.535961]
[rf2o_laser_odometry_node-5] [INFO] [1771096635.416017581] [rf2o_laser_odometry]: execution time (ms): 12.000000
[rf2o_laser_odometry_node-5] [INFO] [1771096635.416227641] [rf2o_laser_odometry]: Laser odom [x,y,yaw]=[-0.720051 -0.230824 1.539326]
[rf2o_laser_odometry_node-5] [INFO] [1771096635.416266881] [rf2o_laser_odometry]: Robot-base odom [x,y,yaw]=[-0.723198 -0.330774 1.539326]
[rf2o_laser_odometry_node-5] [WARN] [1771096635.453079581] [rf2o_laser_odometry]: Waiting for laser_scans....
[rf2o_laser_odometry_node-5] [INFO] [1771096635.514050441] [rf2o_laser_odometry]: execution time (ms): 8.000000
[rf2o_laser_odometry_node-5] [INFO] [1771096635.514212081] [rf2o_laser_odometry]: Laser odom [x,y,yaw]=[-0.719653 -0.226664 1.540908]
[rf2o_laser_odometry_node-5] [INFO] [1771096635.514283991] [rf2o_laser_odometry]: Robot-base odom [x,y,yaw]=[-0.722642 -0.326619 1.540908]
[rf2o_laser_odometry_node-5] [WARN] [1771096635.553052661] [rf2o_laser_odometry]: Waiting for laser_scans....
[rf2o_laser_odometry_node-5] [INFO] [1771096635.614038641] [rf2o_laser_odometry]: execution time (ms): 12.000000
[rf2o_laser_odometry_node-5] [INFO] [1771096635.614172291] [rf2o_laser_odometry]: Laser odom [x,y,yaw]=[-0.719643 -0.222790 1.545037]
[rf2o_laser_odometry_node-5] [INFO] [1771096635.614212791] [rf2o_laser_odometry]: Robot-base odom [x,y,yaw]=[-0.722218 -0.322757 1.545037]
[rf2o_laser_odometry_node-5] [WARN] [1771096635.653023221] [rf2o_laser_odometry]: Waiting for laser_scans....
[rf2o_laser_odometry_node-5] [INFO] [1771096635.713860341] [rf2o_laser_odometry]: execution time (ms): 8.000000
[rf2o_laser_odometry_node-5] [INFO] [1771096635.713996511] [rf2o_laser_odometry]: Laser odom [x,y,yaw]=[-0.719884 -0.219049 1.548851]
[rf2o_laser_odometry_node-5] [INFO] [1771096635.714020541] [rf2o_laser_odometry]: Robot-base odom [x,y,yaw]=[-0.722078 -0.319025 1.548851]
[rf2o_laser_odometry_node-5] [WARN] [1771096635.752963181] [rf2o_laser_odometry]: Waiting for laser_scans....
[rf2o_laser_odometry_node-5] [WARN] [1771096635.802956741] [rf2o_laser_odometry]: Waiting for laser_scans....
[rf2o_laser_odometry_node-5] [INFO] [1771096635.863909601] [rf2o_laser_odometry]: execution time (ms): 8.000000
[rf2o_laser_odometry_node-5] [INFO] [1771096635.864074391] [rf2o_laser_odometry]: Laser odom [x,y,yaw]=[-0.720292 -0.215236 1.552649]
[rf2o_laser_odometry_node-5] [INFO] [1771096635.864110661] [rf2o_laser_odometry]: Robot-base odom [x,y,yaw]=[-0.722106 -0.315219 1.552649]
[rf2o_laser_odometry_node-5] [INFO] [1771096635.915277821] [rf2o_laser_odometry]: execution time (ms): 12.000000
[rf2o_laser_odometry_node-5] [INFO] [1771096635.915524241] [rf2o_laser_odometry]: Laser odom [x,y,yaw]=[-0.720380 -0.214117 1.555367]
[rf2o_laser_odometry_node-5] [INFO] [1771096635.915570231] [rf2o_laser_odometry]: Robot-base odom [x,y,yaw]=[-0.721922 -0.314105 1.555367]
[rf2o_laser_odometry_node-5] [WARN] [1771096635.953119221] [rf2o_laser_odometry]: Waiting for laser_scans....
[rf2o_laser_odometry_node-5] [INFO] [1771096636.014370341] [rf2o_laser_odometry]: execution time (ms): 8.000000
[rf2o_laser_odometry_node-5] [INFO] [1771096636.014695421] [rf2o_laser_odometry]: Laser odom [x,y,yaw]=[-0.720597 -0.218231 1.556748]
[rf2o_laser_odometry_node-5] [INFO] [1771096636.014745371] [rf2o_laser_odometry]: Robot-base odom [x,y,yaw]=[-0.722002 -0.318222 1.556748]
[rf2o_laser_odometry_node-5] [WARN] [1771096636.053067011] [rf2o_laser_odometry]: Waiting for laser_scans....
[rf2o_laser_odometry_node-5] [INFO] [1771096636.114955871] [rf2o_laser_odometry]: execution time (ms): 12.000000
[rf2o_laser_odometry_node-5] [INFO] [1771096636.115116701] [rf2o_laser_odometry]: Laser odom [x,y,yaw]=[-0.720858 -0.222266 1.560184]
[rf2o_laser_odometry_node-5] [INFO] [1771096636.115159361] [rf2o_laser_odometry]: Robot-base odom [x,y,yaw]=[-0.721920 -0.322260 1.560184]
[rf2o_laser_odometry_node-5] [WARN] [1771096636.153013361] [rf2o_laser_odometry]: Waiting for laser_scans....
[rf2o_laser_odometry_node-5] [INFO] [1771096636.214823471] [rf2o_laser_odometry]: execution time (ms): 12.000000
[rf2o_laser_odometry_node-5] [INFO] [1771096636.214978091] [rf2o_laser_odometry]: Laser odom [x,y,yaw]=[-0.721227 -0.226186 1.563950]
[rf2o_laser_odometry_node-5] [INFO] [1771096636.215008871] [rf2o_laser_odometry]: Robot-base odom [x,y,yaw]=[-0.721912 -0.326184 1.563950]
[rf2o_laser_odometry_node-5] [WARN] [1771096636.252977621] [rf2o_laser_odometry]: Waiting for laser_scans....
[rf2o_laser_odometry_node-5] [WARN] [1771096636.303040751] [rf2o_laser_odometry]: Waiting for laser_scans....
[rf2o_laser_odometry_node-5] [INFO] [1771096636.365053181] [rf2o_laser_odometry]: execution time (ms): 12.000000
[rf2o_laser_odometry_node-5] [INFO] [1771096636.365180981] [rf2o_laser_odometry]: Laser odom [x,y,yaw]=[-0.721392 -0.226607 1.567947]
[rf2o_laser_odometry_node-5] [INFO] [1771096636.365205821] [rf2o_laser_odometry]: Robot-base odom [x,y,yaw]=[-0.721677 -0.326606 1.567947]
[rf2o_laser_odometry_node-5] [INFO] [1771096636.419930861] [rf2o_laser_odometry]: execution time (ms): 16.000000
[rf2o_laser_odometry_node-5] [INFO] [1771096636.420104201] [rf2o_laser_odometry]: Laser odom [x,y,yaw]=[-0.721457 -0.222595 1.571745]
[rf2o_laser_odometry_node-5] [INFO] [1771096636.420182861] [rf2o_laser_odometry]: Robot-base odom [x,y,yaw]=[-0.721362 -0.322595 1.571745]
[rf2o_laser_odometry_node-5] [WARN] [1771096636.453028901] [rf2o_laser_odometry]: Waiting for laser_scans....
[rf2o_laser_odometry_node-5] [WARN] [1771096636.502996001] [rf2o_laser_odometry]: Waiting for laser_scans....
[rf2o_laser_odometry_node-5] [INFO] [1771096636.563903321] [rf2o_laser_odometry]: execution time (ms): 8.000000
[rf2o_laser_odometry_node-5] [INFO] [1771096636.564052361] [rf2o_laser_odometry]: Laser odom [x,y,yaw]=[-0.721741 -0.218858 1.575651]
[rf2o_laser_odometry_node-5] [INFO] [1771096636.564089171] [rf2o_laser_odometry]: Robot-base odom [x,y,yaw]=[-0.721255 -0.318857 1.575651]
[rf2o_laser_odometry_node-5] [WARN] [1771096636.603006161] [rf2o_laser_odometry]: Waiting for laser_scans....
[rf2o_laser_odometry_node-5] [INFO] [1771096636.664426121] [rf2o_laser_odometry]: execution time (ms): 12.000000
[rf2o_laser_odometry_node-5] [INFO] [1771096636.665537351] [rf2o_laser_odometry]: Laser odom [x,y,yaw]=[-0.722227 -0.214979 1.579449]
[rf2o_laser_odometry_node-5] [INFO] [1771096636.666258701] [rf2o_laser_odometry]: Robot-base odom [x,y,yaw]=[-0.721361 -0.314975 1.579449]
[rf2o_laser_odometry_node-5] [WARN] [1771096636.702961511] [rf2o_laser_odometry]: Waiting for laser_scans....
[rf2o_laser_odometry_node-5] [INFO] [1771096636.764057201] [rf2o_laser_odometry]: execution time (ms): 12.000000
[rf2o_laser_odometry_node-5] [INFO] [1771096636.764196071] [rf2o_laser_odometry]: Laser odom [x,y,yaw]=[-0.722261 -0.215371 1.580221]
[rf2o_laser_odometry_node-5] [INFO] [1771096636.764221721] [rf2o_laser_odometry]: Robot-base odom [x,y,yaw]=[-0.721319 -0.315367 1.580221]
[rf2o_laser_odometry_node-5] [WARN] [1771096636.802962581] [rf2o_laser_odometry]: Waiting for laser_scans....
[rf2o_laser_odometry_node-5] [INFO] [1771096636.864859811] [rf2o_laser_odometry]: execution time (ms): 12.000000
[rf2o_laser_odometry_node-5] [INFO] [1771096636.865015061] [rf2o_laser_odometry]: Laser odom [x,y,yaw]=[-0.722392 -0.219439 1.582828]
[rf2o_laser_odometry_node-5] [INFO] [1771096636.865055651] [rf2o_laser_odometry]: Robot-base odom [x,y,yaw]=[-0.721189 -0.319432 1.582828]
[rf2o_laser_odometry_node-5] [WARN] [1771096636.903080651] [rf2o_laser_odometry]: Waiting for laser_scans....
[rf2o_laser_odometry_node-5] [INFO] [1771096636.964695641] [rf2o_laser_odometry]: execution time (ms): 12.000000
[rf2o_laser_odometry_node-5] [INFO] [1771096636.964832081] [rf2o_laser_odometry]: Laser odom [x,y,yaw]=[-0.722643 -0.223398 1.586688]
[rf2o_laser_odometry_node-5] [INFO] [1771096636.964857911] [rf2o_laser_odometry]: Robot-base odom [x,y,yaw]=[-0.721054 -0.323385 1.586688]
[rf2o_laser_odometry_node-5] [WARN] [1771096637.003144721] [rf2o_laser_odometry]: Waiting for laser_scans....
[rf2o_laser_odometry_node-5] [INFO] [1771096637.063412141] [rf2o_laser_odometry]: execution time (ms): 12.000000
[rf2o_laser_odometry_node-5] [INFO] [1771096637.064219171] [rf2o_laser_odometry]: Laser odom [x,y,yaw]=[-0.723006 -0.227373 1.590293]
[rf2o_laser_odometry_node-5] [INFO] [1771096637.064279741] [rf2o_laser_odometry]: Robot-base odom [x,y,yaw]=[-0.721056 -0.327354 1.590293]
[rf2o_laser_odometry_node-5] [WARN] [1771096637.103017631] [rf2o_laser_odometry]: Waiting for laser_scans....
[rf2o_laser_odometry_node-5] [INFO] [1771096637.165925831] [rf2o_laser_odometry]: execution time (ms): 12.000000
[rf2o_laser_odometry_node-5] [INFO] [1771096637.166099711] [rf2o_laser_odometry]: Laser odom [x,y,yaw]=[-0.723099 -0.226480 1.593797]
[rf2o_laser_odometry_node-5] [INFO] [1771096637.166147051] [rf2o_laser_odometry]: Robot-base odom [x,y,yaw]=[-0.720800 -0.326454 1.593797]
[rf2o_laser_odometry_node-5] [WARN] [1771096637.203104741] [rf2o_laser_odometry]: Waiting for laser_scans....
[rf2o_laser_odometry_node-5] [INFO] [1771096637.263725951] [rf2o_laser_odometry]: execution time (ms): 8.000000
[rf2o_laser_odometry_node-5] [INFO] [1771096637.263885971] [rf2o_laser_odometry]: Laser odom [x,y,yaw]=[-0.723220 -0.222436 1.597418]
[rf2o_laser_odometry_node-5] [INFO] [1771096637.263924851] [rf2o_laser_odometry]: Robot-base odom [x,y,yaw]=[-0.720558 -0.322400 1.597418]
[rf2o_laser_odometry_node-5] [WARN] [1771096637.303015631] [rf2o_laser_odometry]: Waiting for laser_scans....
[rf2o_laser_odometry_node-5] [WARN] [1771096637.353016031] [rf2o_laser_odometry]: Waiting for laser_scans....
[rf2o_laser_odometry_node-5] [INFO] [1771096637.416558821] [rf2o_laser_odometry]: execution time (ms): 12.000000
[rf2o_laser_odometry_node-5] [INFO] [1771096637.416683111] [rf2o_laser_odometry]: Laser odom [x,y,yaw]=[-0.723583 -0.218689 1.601561]
[rf2o_laser_odometry_node-5] [INFO] [1771096637.416707501] [rf2o_laser_odometry]: Robot-base odom [x,y,yaw]=[-0.720507 -0.318641 1.601561]
[rf2o_laser_odometry_node-5] [INFO] [1771096637.464091241] [rf2o_laser_odometry]: execution time (ms): 12.000000
[rf2o_laser_odometry_node-5] [INFO] [1771096637.464271601] [rf2o_laser_odometry]: Laser odom [x,y,yaw]=[-0.723699 -0.220422 1.604909]
[rf2o_laser_odometry_node-5] [INFO] [1771096637.464303641] [rf2o_laser_odometry]: Robot-base odom [x,y,yaw]=[-0.720289 -0.320364 1.604909]
[rf2o_laser_odometry_node-5] [WARN] [1771096637.503067631] [rf2o_laser_odometry]: Waiting for laser_scans....
[rf2o_laser_odometry_node-5] [INFO] [1771096637.564301741] [rf2o_laser_odometry]: execution time (ms): 12.000000
[rf2o_laser_odometry_node-5] [INFO] [1771096637.564468151] [rf2o_laser_odometry]: Laser odom [x,y,yaw]=[-0.723835 -0.224415 1.608627]
[rf2o_laser_odometry_node-5] [INFO] [1771096637.564507121] [rf2o_laser_odometry]: Robot-base odom [x,y,yaw]=[-0.720053 -0.324343 1.608627]
[rf2o_laser_odometry_node-5] [WARN] [1771096637.603110011] [rf2o_laser_odometry]: Waiting for laser_scans....
[rf2o_laser_odometry_node-5] [INFO] [1771096637.665961421] [rf2o_laser_odometry]: execution time (ms): 16.000000
[rf2o_laser_odometry_node-5] [INFO] [1771096637.667258321] [rf2o_laser_odometry]: Laser odom [x,y,yaw]=[-0.724056 -0.228269 1.612394]
[rf2o_laser_odometry_node-5] [INFO] [1771096637.667319161] [rf2o_laser_odometry]: Robot-base odom [x,y,yaw]=[-0.719897 -0.328183 1.612394]
[rf2o_laser_odometry_node-5] [WARN] [1771096637.703038721] [rf2o_laser_odometry]: Waiting for laser_scans....
[rf2o_laser_odometry_node-5] [INFO] [1771096637.764243671] [rf2o_laser_odometry]: execution time (ms): 12.000000
[rf2o_laser_odometry_node-5] [INFO] [1771096637.765187951] [rf2o_laser_odometry]: Laser odom [x,y,yaw]=[-0.724160 -0.226217 1.615687]
[rf2o_laser_odometry_node-5] [INFO] [1771096637.765256171] [rf2o_laser_odometry]: Robot-base odom [x,y,yaw]=[-0.719672 -0.326116 1.615687]
[rf2o_laser_odometry_node-5] [WARN] [1771096637.803013241] [rf2o_laser_odometry]: Waiting for laser_scans....
[rf2o_laser_odometry_node-5] [WARN] [1771096637.853050991] [rf2o_laser_odometry]: Waiting for laser_scans....
[rf2o_laser_odometry_node-5] [INFO] [1771096637.914345221] [rf2o_laser_odometry]: execution time (ms): 12.000000
[rf2o_laser_odometry_node-5] [INFO] [1771096637.914481031] [rf2o_laser_odometry]: Laser odom [x,y,yaw]=[-0.724494 -0.222333 1.619816]
[rf2o_laser_odometry_node-5] [INFO] [1771096637.914508391] [rf2o_laser_odometry]: Robot-base odom [x,y,yaw]=[-0.719594 -0.322212 1.619816]
[rf2o_laser_odometry_node-5] [INFO] [1771096637.965165611] [rf2o_laser_odometry]: execution time (ms): 12.000000
[rf2o_laser_odometry_node-5] [INFO] [1771096637.965400241] [rf2o_laser_odometry]: Laser odom [x,y,yaw]=[-0.725035 -0.218634 1.623768]
[rf2o_laser_odometry_node-5] [INFO] [1771096637.965459191] [rf2o_laser_odometry]: Robot-base odom [x,y,yaw]=[-0.719741 -0.318494 1.623768]
[rf2o_laser_odometry_node-5] [WARN] [1771096638.003106101] [rf2o_laser_odometry]: Waiting for laser_scans....
[rf2o_laser_odometry_node-5] [INFO] [1771096638.064263261] [rf2o_laser_odometry]: execution time (ms): 12.000000
[rf2o_laser_odometry_node-5] [INFO] [1771096638.064405191] [rf2o_laser_odometry]: Laser odom [x,y,yaw]=[-0.725655 -0.214701 1.627720]
[rf2o_laser_odometry_node-5] [INFO] [1771096638.064452711] [rf2o_laser_odometry]: Robot-base odom [x,y,yaw]=[-0.719966 -0.314539 1.627720]
[rf2o_laser_odometry_node-5] [WARN] [1771096638.103021491] [rf2o_laser_odometry]: Waiting for laser_scans....
[rf2o_laser_odometry_node-5] [INFO] [1771096638.163266501] [rf2o_laser_odometry]: execution time (ms): 8.000000
[rf2o_laser_odometry_node-5] [INFO] [1771096638.163407981] [rf2o_laser_odometry]: Laser odom [x,y,yaw]=[-0.725606 -0.218138 1.629339]
[rf2o_laser_odometry_node-5] [INFO] [1771096638.163458741] [rf2o_laser_odometry]: Robot-base odom [x,y,yaw]=[-0.719755 -0.317967 1.629339]
[rf2o_laser_odometry_node-5] [WARN] [1771096638.203081781] [rf2o_laser_odometry]: Waiting for laser_scans....
[rf2o_laser_odometry_node-5] [INFO] [1771096638.264714231] [rf2o_laser_odometry]: execution time (ms): 12.000000
[rf2o_laser_odometry_node-5] [INFO] [1771096638.264871191] [rf2o_laser_odometry]: Laser odom [x,y,yaw]=[-0.725575 -0.222170 1.632757]
[rf2o_laser_odometry_node-5] [INFO] [1771096638.264897471] [rf2o_laser_odometry]: Robot-base odom [x,y,yaw]=[-0.719383 -0.321978 1.632757]
[rf2o_laser_odometry_node-5] [WARN] [1771096638.303058551] [rf2o_laser_odometry]: Waiting for laser_scans....
[rf2o_laser_odometry_node-5] [WARN] [1771096638.352978671] [rf2o_laser_odometry]: Waiting for laser_scans....
[rf2o_laser_odometry_node-5] [INFO] [1771096638.413807511] [rf2o_laser_odometry]: execution time (ms): 12.000000
[rf2o_laser_odometry_node-5] [INFO] [1771096638.414000201] [rf2o_laser_odometry]: Laser odom [x,y,yaw]=[-0.725670 -0.226069 1.636739]
[rf2o_laser_odometry_node-5] [INFO] [1771096638.414049341] [rf2o_laser_odometry]: Robot-base odom [x,y,yaw]=[-0.719081 -0.325852 1.636739]
[rf2o_laser_odometry_node-5] [INFO] [1771096638.467829291] [rf2o_laser_odometry]: execution time (ms): 12.000000
[rf2o_laser_odometry_node-5] [INFO] [1771096638.467966361] [rf2o_laser_odometry]: Laser odom [x,y,yaw]=[-0.725841 -0.229933 1.640260]
[rf2o_laser_odometry_node-5] [INFO] [1771096638.467992101] [rf2o_laser_odometry]: Robot-base odom [x,y,yaw]=[-0.718900 -0.329692 1.640260]
[rf2o_laser_odometry_node-5] [WARN] [1771096638.503036661] [rf2o_laser_odometry]: Waiting for laser_scans....
[rf2o_laser_odometry_node-5] [INFO] [1771096638.564453021] [rf2o_laser_odometry]: execution time (ms): 12.000000
[rf2o_laser_odometry_node-5] [INFO] [1771096638.564614481] [rf2o_laser_odometry]: Laser odom [x,y,yaw]=[-0.726162 -0.233950 1.643897]
[rf2o_laser_odometry_node-5] [INFO] [1771096638.564657501] [rf2o_laser_odometry]: Robot-base odom [x,y,yaw]=[-0.718858 -0.333683 1.643897]
[rf2o_laser_odometry_node-5] [WARN] [1771096638.603329511] [rf2o_laser_odometry]: Waiting for laser_scans....
[rf2o_laser_odometry_node-5] [INFO] [1771096638.662662371] [rf2o_laser_odometry]: execution time (ms): 8.000000
[rf2o_laser_odometry_node-5] [INFO] [1771096638.662815731] [rf2o_laser_odometry]: Laser odom [x,y,yaw]=[-0.726043 -0.229826 1.640276]
[rf2o_laser_odometry_node-5] [INFO] [1771096638.662842551] [rf2o_laser_odometry]: Robot-base odom [x,y,yaw]=[-0.719100 -0.329584 1.640276]
[rf2o_laser_odometry_node-5] [WARN] [1771096638.703036011] [rf2o_laser_odometry]: Waiting for laser_scans....
[rf2o_laser_odometry_node-5] [WARN] [1771096638.752974851] [rf2o_laser_odometry]: Waiting for laser_scans....
[rf2o_laser_odometry_node-5] [INFO] [1771096638.814071531] [rf2o_laser_odometry]: execution time (ms): 12.000000
[rf2o_laser_odometry_node-5] [INFO] [1771096638.814852461] [rf2o_laser_odometry]: Laser odom [x,y,yaw]=[-0.725563 -0.225279 1.636416]
[rf2o_laser_odometry_node-5] [INFO] [1771096638.814914561] [rf2o_laser_odometry]: Robot-base odom [x,y,yaw]=[-0.719005 -0.325064 1.636416]
[rf2o_laser_odometry_node-5] [WARN] [1771096638.853001301] [rf2o_laser_odometry]: Waiting for laser_scans....
[rf2o_laser_odometry_node-5] [INFO] [1771096638.915517191] [rf2o_laser_odometry]: execution time (ms): 12.000000
[rf2o_laser_odometry_node-5] [INFO] [1771096638.915666681] [rf2o_laser_odometry]: Laser odom [x,y,yaw]=[-0.724779 -0.220268 1.631101]
[rf2o_laser_odometry_node-5] [INFO] [1771096638.915707091] [rf2o_laser_odometry]: Robot-base odom [x,y,yaw]=[-0.718753 -0.320086 1.631101]
[rf2o_laser_odometry_node-5] [WARN] [1771096638.953018301] [rf2o_laser_odometry]: Waiting for laser_scans....
[rf2o_laser_odometry_node-5] [INFO] [1771096639.014989691] [rf2o_laser_odometry]: execution time (ms): 12.000000
[rf2o_laser_odometry_node-5] [INFO] [1771096639.015215501] [rf2o_laser_odometry]: Laser odom [x,y,yaw]=[-0.723723 -0.214914 1.624059]
[rf2o_laser_odometry_node-5] [INFO] [1771096639.015250511] [rf2o_laser_odometry]: Robot-base odom [x,y,yaw]=[-0.718400 -0.314773 1.624059]
[rf2o_laser_odometry_node-5] [WARN] [1771096639.053033591] [rf2o_laser_odometry]: Waiting for laser_scans....
[rf2o_laser_odometry_node-5] [INFO] [1771096639.116596091] [rf2o_laser_odometry]: execution time (ms): 8.000000
[rf2o_laser_odometry_node-5] [INFO] [1771096639.117620021] [rf2o_laser_odometry]: Laser odom [x,y,yaw]=[-0.722724 -0.210445 1.617692]
[rf2o_laser_odometry_node-5] [INFO] [1771096639.118537031] [rf2o_laser_odometry]: Robot-base odom [x,y,yaw]=[-0.718036 -0.310335 1.617692]
[rf2o_laser_odometry_node-5] [WARN] [1771096639.153000281] [rf2o_laser_odometry]: Waiting for laser_scans....
[rf2o_laser_odometry_node-5] [INFO] [1771096639.216423641] [rf2o_laser_odometry]: execution time (ms): 12.000000
[rf2o_laser_odometry_node-5] [INFO] [1771096639.216549731] [rf2o_laser_odometry]: Laser odom [x,y,yaw]=[-0.722966 -0.214123 1.621443]
[rf2o_laser_odometry_node-5] [INFO] [1771096639.216593741] [rf2o_laser_odometry]: Robot-base odom [x,y,yaw]=[-0.717903 -0.313995 1.621443]
[rf2o_laser_odometry_node-5] [WARN] [1771096639.253055441] [rf2o_laser_odometry]: Waiting for laser_scans....
[rf2o_laser_odometry_node-5] [INFO] [1771096639.313004351] [rf2o_laser_odometry]: execution time (ms): 12.000000
[rf2o_laser_odometry_node-5] [INFO] [1771096639.313130801] [rf2o_laser_odometry]: Laser odom [x,y,yaw]=[-0.723045 -0.218532 1.624878]
[rf2o_laser_odometry_node-5] [INFO] [1771096639.313155281] [rf2o_laser_odometry]: Robot-base odom [x,y,yaw]=[-0.717639 -0.318386 1.624878]
[rf2o_laser_odometry_node-5] [WARN] [1771096639.352968941] [rf2o_laser_odometry]: Waiting for laser_scans....
[rf2o_laser_odometry_node-5] [INFO] [1771096639.415387361] [rf2o_laser_odometry]: execution time (ms): 12.000000
[rf2o_laser_odometry_node-5] [INFO] [1771096639.415515251] [rf2o_laser_odometry]: Laser odom [x,y,yaw]=[-0.723682 -0.223696 1.630103]
[rf2o_laser_odometry_node-5] [INFO] [1771096639.415539731] [rf2o_laser_odometry]: Robot-base odom [x,y,yaw]=[-0.717755 -0.323520 1.630103]
[rf2o_laser_odometry_node-5] [WARN] [1771096639.452989631] [rf2o_laser_odometry]: Waiting for laser_scans....
[rf2o_laser_odometry_node-5] [INFO] [1771096639.514214111] [rf2o_laser_odometry]: execution time (ms): 8.000000
[rf2o_laser_odometry_node-5] [INFO] [1771096639.514423811] [rf2o_laser_odometry]: Laser odom [x,y,yaw]=[-0.724092 -0.228431 1.633822]
[rf2o_laser_odometry_node-5] [INFO] [1771096639.514489241] [rf2o_laser_odometry]: Robot-base odom [x,y,yaw]=[-0.717793 -0.328232 1.633822]
[rf2o_laser_odometry_node-5] [WARN] [1771096639.553178801] [rf2o_laser_odometry]: Waiting for laser_scans....
[rf2o_laser_odometry_node-5] [INFO] [1771096639.615222101] [rf2o_laser_odometry]: execution time (ms): 12.000000
[rf2o_laser_odometry_node-5] [INFO] [1771096639.615352511] [rf2o_laser_odometry]: Laser odom [x,y,yaw]=[-0.724153 -0.233116 1.637788]
[rf2o_laser_odometry_node-5] [INFO] [1771096639.615376721] [rf2o_laser_odometry]: Robot-base odom [x,y,yaw]=[-0.717458 -0.332892 1.637788]
[rf2o_laser_odometry_node-5] [WARN] [1771096639.653021201] [rf2o_laser_odometry]: Waiting for laser_scans....
[rf2o_laser_odometry_node-5] [INFO] [1771096639.714848051] [rf2o_laser_odometry]: execution time (ms): 12.000000
[rf2o_laser_odometry_node-5] [INFO] [1771096639.715022651] [rf2o_laser_odometry]: Laser odom [x,y,yaw]=[-0.724162 -0.236393 1.641410]
[rf2o_laser_odometry_node-5] [INFO] [1771096639.715069001] [rf2o_laser_odometry]: Robot-base odom [x,y,yaw]=[-0.717107 -0.336144 1.641410]
[rf2o_laser_odometry_node-5] [WARN] [1771096639.753037931] [rf2o_laser_odometry]: Waiting for laser_scans....
[rf2o_laser_odometry_node-5] [INFO] [1771096639.815125691] [rf2o_laser_odometry]: execution time (ms): 12.000000
[rf2o_laser_odometry_node-5] [INFO] [1771096639.815248541] [rf2o_laser_odometry]: Laser odom [x,y,yaw]=[-0.724078 -0.231594 1.637458]
[rf2o_laser_odometry_node-5] [INFO] [1771096639.815273831] [rf2o_laser_odometry]: Robot-base odom [x,y,yaw]=[-0.717416 -0.331372 1.637458]
[rf2o_laser_odometry_node-5] [WARN] [1771096639.853013891] [rf2o_laser_odometry]: Waiting for laser_scans....
[rf2o_laser_odometry_node-5] [INFO] [1771096639.915524831] [rf2o_laser_odometry]: execution time (ms): 12.000000
[rf2o_laser_odometry_node-5] [INFO] [1771096639.916416641] [rf2o_laser_odometry]: Laser odom [x,y,yaw]=[-0.723942 -0.226963 1.633598]
[rf2o_laser_odometry_node-5] [INFO] [1771096639.917530211] [rf2o_laser_odometry]: Robot-base odom [x,y,yaw]=[-0.717666 -0.326766 1.633598]
[rf2o_laser_odometry_node-5] [WARN] [1771096639.953020631] [rf2o_laser_odometry]: Waiting for laser_scans....
[rf2o_laser_odometry_node-5] [INFO] [1771096640.015084991] [rf2o_laser_odometry]: execution time (ms): 12.000000
[rf2o_laser_odometry_node-5] [INFO] [1771096640.015214321] [rf2o_laser_odometry]: Laser odom [x,y,yaw]=[-0.723432 -0.221769 1.629483]
[rf2o_laser_odometry_node-5] [INFO] [1771096640.015238891] [rf2o_laser_odometry]: Robot-base odom [x,y,yaw]=[-0.717566 -0.321597 1.629483]
[rf2o_laser_odometry_node-5] [WARN] [1771096640.053114761] [rf2o_laser_odometry]: Waiting for laser_scans....
[rf2o_laser_odometry_node-5] [INFO] [1771096640.113866381] [rf2o_laser_odometry]: execution time (ms): 12.000000
[rf2o_laser_odometry_node-5] [INFO] [1771096640.114698611] [rf2o_laser_odometry]: Laser odom [x,y,yaw]=[-0.723093 -0.219304 1.625895]
[rf2o_laser_odometry_node-5] [INFO] [1771096640.114768541] [rf2o_laser_odometry]: Robot-base odom [x,y,yaw]=[-0.717586 -0.319153 1.625895]
[rf2o_laser_odometry_node-5] [WARN] [1771096640.153087841] [rf2o_laser_odometry]: Waiting for laser_scans....
[rf2o_laser_odometry_node-5] [INFO] [1771096640.212798251] [rf2o_laser_odometry]: execution time (ms): 12.000000
[rf2o_laser_odometry_node-5] [INFO] [1771096640.213651901] [rf2o_laser_odometry]: Laser odom [x,y,yaw]=[-0.723270 -0.223887 1.629755]
[rf2o_laser_odometry_node-5] [INFO] [1771096640.213714361] [rf2o_laser_odometry]: Robot-base odom [x,y,yaw]=[-0.717378 -0.323713 1.629755]
[rf2o_laser_odometry_node-5] [WARN] [1771096640.253100611] [rf2o_laser_odometry]: Waiting for laser_scans....
[rf2o_laser_odometry_node-5] [INFO] [1771096640.314860231] [rf2o_laser_odometry]: execution time (ms): 12.000000
[rf2o_laser_odometry_node-5] [INFO] [1771096640.315015031] [rf2o_laser_odometry]: Laser odom [x,y,yaw]=[-0.723385 -0.228509 1.633538]
[rf2o_laser_odometry_node-5] [INFO] [1771096640.315044911] [rf2o_laser_odometry]: Robot-base odom [x,y,yaw]=[-0.717115 -0.328313 1.633538]
[rf2o_laser_odometry_node-5] [WARN] [1771096640.352983331] [rf2o_laser_odometry]: Waiting for laser_scans....
[rf2o_laser_odometry_node-5] [INFO] [1771096640.413948971] [rf2o_laser_odometry]: execution time (ms): 8.000000
[rf2o_laser_odometry_node-5] [INFO] [1771096640.414134371] [rf2o_laser_odometry]: Laser odom [x,y,yaw]=[-0.723451 -0.233204 1.637398]
[rf2o_laser_odometry_node-5] [INFO] [1771096640.414182071] [rf2o_laser_odometry]: Robot-base odom [x,y,yaw]=[-0.716796 -0.332983 1.637398]
[rf2o_laser_odometry_node-5] [WARN] [1771096640.453009061] [rf2o_laser_odometry]: Waiting for laser_scans....
[rf2o_laser_odometry_node-5] [INFO] [1771096640.513688051] [rf2o_laser_odometry]: execution time (ms): 12.000000
[rf2o_laser_odometry_node-5] [INFO] [1771096640.513816391] [rf2o_laser_odometry]: Laser odom [x,y,yaw]=[-0.723494 -0.234940 1.639958]
[rf2o_laser_odometry_node-5] [INFO] [1771096640.513849871] [rf2o_laser_odometry]: Robot-base odom [x,y,yaw]=[-0.716583 -0.334700 1.639958]
[rf2o_laser_odometry_node-5] [WARN] [1771096640.553237651] [rf2o_laser_odometry]: Waiting for laser_scans....
[rf2o_laser_odometry_node-5] [INFO] [1771096640.614799541] [rf2o_laser_odometry]: execution time (ms): 12.000000
[rf2o_laser_odometry_node-5] [INFO] [1771096640.615002221] [rf2o_laser_odometry]: Laser odom [x,y,yaw]=[-0.723400 -0.230143 1.636022]
[rf2o_laser_odometry_node-5] [INFO] [1771096640.615040741] [rf2o_laser_odometry]: Robot-base odom [x,y,yaw]=[-0.716882 -0.329930 1.636022]
[rf2o_laser_odometry_node-5] [WARN] [1771096640.653006431] [rf2o_laser_odometry]: Waiting for laser_scans....
[rf2o_laser_odometry_node-5] [INFO] [1771096640.716176171] [rf2o_laser_odometry]: execution time (ms): 16.000000
[rf2o_laser_odometry_node-5] [INFO] [1771096640.716298751] [rf2o_laser_odometry]: Laser odom [x,y,yaw]=[-0.723316 -0.225318 1.632240]
[rf2o_laser_odometry_node-5] [INFO] [1771096640.716335831] [rf2o_laser_odometry]: Robot-base odom [x,y,yaw]=[-0.717175 -0.325129 1.632240]
[rf2o_laser_odometry_node-5] [WARN] [1771096640.753072661] [rf2o_laser_odometry]: Waiting for laser_scans....
[rf2o_laser_odometry_node-5] [WARN] [1771096640.803042461] [rf2o_laser_odometry]: Waiting for laser_scans....
[rf2o_laser_odometry_node-5] [INFO] [1771096640.866135881] [rf2o_laser_odometry]: execution time (ms): 12.000000
[rf2o_laser_odometry_node-5] [INFO] [1771096640.866282851] [rf2o_laser_odometry]: Laser odom [x,y,yaw]=[-0.723229 -0.220421 1.628569]
[rf2o_laser_odometry_node-5] [INFO] [1771096640.866320741] [rf2o_laser_odometry]: Robot-base odom [x,y,yaw]=[-0.717455 -0.320254 1.628569]
[rf2o_laser_odometry_node-5] [INFO] [1771096640.913835971] [rf2o_laser_odometry]: execution time (ms): 8.000000
[rf2o_laser_odometry_node-5] [INFO] [1771096640.914713741] [rf2o_laser_odometry]: Laser odom [x,y,yaw]=[-0.723136 -0.215451 1.625048]
[rf2o_laser_odometry_node-5] [INFO] [1771096640.914764771] [rf2o_laser_odometry]: Robot-base odom [x,y,yaw]=[-0.717714 -0.315304 1.625048]
[rf2o_laser_odometry_node-5] [WARN] [1771096640.953050501] [rf2o_laser_odometry]: Waiting for laser_scans....
[rf2o_laser_odometry_node-5] [INFO] [1771096641.013727331] [rf2o_laser_odometry]: execution time (ms): 12.000000
[rf2o_laser_odometry_node-5] [INFO] [1771096641.014875821] [rf2o_laser_odometry]: Laser odom [x,y,yaw]=[-0.723084 -0.214117 1.623429]
[rf2o_laser_odometry_node-5] [INFO] [1771096641.014953401] [rf2o_laser_odometry]: Robot-base odom [x,y,yaw]=[-0.717823 -0.313979 1.623429]
[rf2o_laser_odometry_node-5] [WARN] [1771096641.052999911] [rf2o_laser_odometry]: Waiting for laser_scans....
[rf2o_laser_odometry_node-5] [INFO] [1771096641.115895421] [rf2o_laser_odometry]: execution time (ms): 12.000000
[rf2o_laser_odometry_node-5] [INFO] [1771096641.116036451] [rf2o_laser_odometry]: Laser odom [x,y,yaw]=[-0.723033 -0.219182 1.626686]
[rf2o_laser_odometry_node-5] [INFO] [1771096641.116066691] [rf2o_laser_odometry]: Robot-base odom [x,y,yaw]=[-0.717447 -0.319026 1.626686]
[rf2o_laser_odometry_node-5] [WARN] [1771096641.153024921] [rf2o_laser_odometry]: Waiting for laser_scans....
[rf2o_laser_odometry_node-5] [INFO] [1771096641.213655311] [rf2o_laser_odometry]: execution time (ms): 12.000000
[rf2o_laser_odometry_node-5] [INFO] [1771096641.213818661] [rf2o_laser_odometry]: Laser odom [x,y,yaw]=[-0.722944 -0.224259 1.629888]
[rf2o_laser_odometry_node-5] [INFO] [1771096641.213857541] [rf2o_laser_odometry]: Robot-base odom [x,y,yaw]=[-0.717039 -0.324085 1.629888]
[rf2o_laser_odometry_node-5] [WARN] [1771096641.253053351] [rf2o_laser_odometry]: Waiting for laser_scans....
[rf2o_laser_odometry_node-5] [INFO] [1771096641.313425531] [rf2o_laser_odometry]: execution time (ms): 12.000000
[rf2o_laser_odometry_node-5] [INFO] [1771096641.314843211] [rf2o_laser_odometry]: Laser odom [x,y,yaw]=[-0.722833 -0.229356 1.632898]
[rf2o_laser_odometry_node-5] [INFO] [1771096641.315632241] [rf2o_laser_odometry]: Robot-base odom [x,y,yaw]=[-0.716626 -0.329164 1.632898]
[rf2o_laser_odometry_node-5] [WARN] [1771096641.352976391] [rf2o_laser_odometry]: Waiting for laser_scans....
[rf2o_laser_odometry_node-5] [INFO] [1771096641.415393641] [rf2o_laser_odometry]: execution time (ms): 12.000000
[rf2o_laser_odometry_node-5] [INFO] [1771096641.415517301] [rf2o_laser_odometry]: Laser odom [x,y,yaw]=[-0.722700 -0.234474 1.635787]
[rf2o_laser_odometry_node-5] [INFO] [1771096641.415541961] [rf2o_laser_odometry]: Robot-base odom [x,y,yaw]=[-0.716205 -0.334263 1.635787]
[rf2o_laser_odometry_node-5] [WARN] [1771096641.452974491] [rf2o_laser_odometry]: Waiting for laser_scans....
[rf2o_laser_odometry_node-5] [INFO] [1771096641.514241811] [rf2o_laser_odometry]: execution time (ms): 12.000000
[rf2o_laser_odometry_node-5] [INFO] [1771096641.514371951] [rf2o_laser_odometry]: Laser odom [x,y,yaw]=[-0.722703 -0.234567 1.635787]
[rf2o_laser_odometry_node-5] [INFO] [1771096641.514396341] [rf2o_laser_odometry]: Robot-base odom [x,y,yaw]=[-0.716208 -0.334356 1.635787]
[rf2o_laser_odometry_node-5] [WARN] [1771096641.553015431] [rf2o_laser_odometry]: Waiting for laser_scans....
[rf2o_laser_odometry_node-5] [INFO] [1771096641.614729871] [rf2o_laser_odometry]: execution time (ms): 8.000000
[rf2o_laser_odometry_node-5] [INFO] [1771096641.614850021] [rf2o_laser_odometry]: Laser odom [x,y,yaw]=[-0.722742 -0.229419 1.633249]
[rf2o_laser_odometry_node-5] [INFO] [1771096641.614874861] [rf2o_laser_odometry]: Robot-base odom [x,y,yaw]=[-0.716501 -0.329224 1.633249]
[rf2o_laser_odometry_node-5] [WARN] [1771096641.653199021] [rf2o_laser_odometry]: Waiting for laser_scans....
[rf2o_laser_odometry_node-5] [INFO] [1771096641.714399291] [rf2o_laser_odometry]: execution time (ms): 12.000000
[rf2o_laser_odometry_node-5] [INFO] [1771096641.714648951] [rf2o_laser_odometry]: Laser odom [x,y,yaw]=[-0.722782 -0.224267 1.630760]
[rf2o_laser_odometry_node-5] [INFO] [1771096641.714795021] [rf2o_laser_odometry]: Robot-base odom [x,y,yaw]=[-0.716789 -0.324087 1.630760]
[rf2o_laser_odometry_node-5] [WARN] [1771096641.753139431] [rf2o_laser_odometry]: Waiting for laser_scans....
[rf2o_laser_odometry_node-5] [WARN] [1771096641.803102931] [rf2o_laser_odometry]: Waiting for laser_scans....
[rf2o_laser_odometry_node-5] [INFO] [1771096641.862704171] [rf2o_laser_odometry]: execution time (ms): 12.000000
[rf2o_laser_odometry_node-5] [INFO] [1771096641.863362161] [rf2o_laser_odometry]: Laser odom [x,y,yaw]=[-0.722818 -0.219097 1.628368]
[rf2o_laser_odometry_node-5] [INFO] [1771096641.863414001] [rf2o_laser_odometry]: Robot-base odom [x,y,yaw]=[-0.717064 -0.318932 1.628368]
[rf2o_laser_odometry_node-5] [WARN] [1771096641.903079971] [rf2o_laser_odometry]: Waiting for laser_scans....
[rf2o_laser_odometry_node-5] [INFO] [1771096641.962741331] [rf2o_laser_odometry]: execution time (ms): 8.000000
[rf2o_laser_odometry_node-5] [INFO] [1771096641.962870121] [rf2o_laser_odometry]: Laser odom [x,y,yaw]=[-0.722822 -0.219872 1.628368]
[rf2o_laser_odometry_node-5] [INFO] [1771096641.962895231] [rf2o_laser_odometry]: Robot-base odom [x,y,yaw]=[-0.717068 -0.319707 1.628368]
[rf2o_laser_odometry_node-5] [WARN] [1771096642.002970971] [rf2o_laser_odometry]: Waiting for laser_scans....
[rf2o_laser_odometry_node-5] [INFO] [1771096642.063923201] [rf2o_laser_odometry]: execution time (ms): 8.000000
[rf2o_laser_odometry_node-5] [INFO] [1771096642.064053701] [rf2o_laser_odometry]: Laser odom [x,y,yaw]=[-0.722716 -0.225137 1.630227]
[rf2o_laser_odometry_node-5] [INFO] [1771096642.064078001] [rf2o_laser_odometry]: Robot-base odom [x,y,yaw]=[-0.716776 -0.324961 1.630227]
[rf2o_laser_odometry_node-5] [WARN] [1771096642.103017041] [rf2o_laser_odometry]: Waiting for laser_scans....
[rf2o_laser_odometry_node-5] [INFO] [1771096642.163429991] [rf2o_laser_odometry]: execution time (ms): 12.000000
[rf2o_laser_odometry_node-5] [INFO] [1771096642.164213261] [rf2o_laser_odometry]: Laser odom [x,y,yaw]=[-0.722592 -0.230409 1.632054]
[rf2o_laser_odometry_node-5] [INFO] [1771096642.164253491] [rf2o_laser_odometry]: Robot-base odom [x,y,yaw]=[-0.716470 -0.330221 1.632054]
[rf2o_laser_odometry_node-5] [WARN] [1771096642.203002901] [rf2o_laser_odometry]: Waiting for laser_scans....
[rf2o_laser_odometry_node-5] [INFO] [1771096642.264551921] [rf2o_laser_odometry]: execution time (ms): 8.000000
[rf2o_laser_odometry_node-5] [INFO] [1771096642.264700871] [rf2o_laser_odometry]: Laser odom [x,y,yaw]=[-0.722596 -0.229640 1.632054]
[rf2o_laser_odometry_node-5] [INFO] [1771096642.264736691] [rf2o_laser_odometry]: Robot-base odom [x,y,yaw]=[-0.716475 -0.329453 1.632054]
[rf2o_laser_odometry_node-5] [WARN] [1771096642.302966441] [rf2o_laser_odometry]: Waiting for laser_scans....
[rf2o_laser_odometry_node-5] [INFO] [1771096642.365724341] [rf2o_laser_odometry]: execution time (ms): 16.000000
[rf2o_laser_odometry_node-5] [INFO] [1771096642.366546671] [rf2o_laser_odometry]: Laser odom [x,y,yaw]=[-0.722661 -0.224389 1.630398]
[rf2o_laser_odometry_node-5] [INFO] [1771096642.366615521] [rf2o_laser_odometry]: Robot-base odom [x,y,yaw]=[-0.716704 -0.324212 1.630398]
[rf2o_laser_odometry_node-5] [WARN] [1771096642.403093061] [rf2o_laser_odometry]: Waiting for laser_scans....
[rf2o_laser_odometry_node-5] [INFO] [1771096642.464876891] [rf2o_laser_odometry]: execution time (ms): 12.000000
[rf2o_laser_odometry_node-5] [INFO] [1771096642.465002531] [rf2o_laser_odometry]: Laser odom [x,y,yaw]=[-0.722723 -0.219137 1.628742]
[rf2o_laser_odometry_node-5] [INFO] [1771096642.465026831] [rf2o_laser_odometry]: Robot-base odom [x,y,yaw]=[-0.716932 -0.318970 1.628742]
[rf2o_laser_odometry_node-5] [WARN] [1771096642.503043731] [rf2o_laser_odometry]: Waiting for laser_scans....
[rf2o_laser_odometry_node-5] [INFO] [1771096642.563291081] [rf2o_laser_odometry]: execution time (ms): 12.000000
[rf2o_laser_odometry_node-5] [INFO] [1771096642.563447321] [rf2o_laser_odometry]: Laser odom [x,y,yaw]=[-0.722780 -0.213879 1.627160]
[rf2o_laser_odometry_node-5] [INFO] [1771096642.563489531] [rf2o_laser_odometry]: Robot-base odom [x,y,yaw]=[-0.717146 -0.313720 1.627160]
[rf2o_laser_odometry_node-5] [WARN] [1771096642.603064961] [rf2o_laser_odometry]: Waiting for laser_scans....
[rf2o_laser_odometry_node-5] [INFO] [1771096642.663691301] [rf2o_laser_odometry]: execution time (ms): 12.000000
[rf2o_laser_odometry_node-5] [INFO] [1771096642.665229131] [rf2o_laser_odometry]: Laser odom [x,y,yaw]=[-0.722772 -0.215958 1.627160]
[rf2o_laser_odometry_node-5] [INFO] [1771096642.666034721] [rf2o_laser_odometry]: Robot-base odom [x,y,yaw]=[-0.717139 -0.315799 1.627160]
[rf2o_laser_odometry_node-5] [WARN] [1771096642.703022381] [rf2o_laser_odometry]: Waiting for laser_scans....
[rf2o_laser_odometry_node-5] [INFO] [1771096642.762758081] [rf2o_laser_odometry]: execution time (ms): 8.000000
[rf2o_laser_odometry_node-5] [INFO] [1771096642.762875801] [rf2o_laser_odometry]: Laser odom [x,y,yaw]=[-0.722666 -0.221277 1.628405]
[rf2o_laser_odometry_node-5] [INFO] [1771096642.762899831] [rf2o_laser_odometry]: Robot-base odom [x,y,yaw]=[-0.716908 -0.321112 1.628405]
[rf2o_laser_odometry_node-5] [WARN] [1771096642.802956311] [rf2o_laser_odometry]: Waiting for laser_scans....
[rf2o_laser_odometry_node-5] [INFO] [1771096642.863834381] [rf2o_laser_odometry]: execution time (ms): 8.000000
[rf2o_laser_odometry_node-5] [INFO] [1771096642.863987381] [rf2o_laser_odometry]: Laser odom [x,y,yaw]=[-0.722550 -0.226602 1.629650]
[rf2o_laser_odometry_node-5] [INFO] [1771096642.864029411] [rf2o_laser_odometry]: Robot-base odom [x,y,yaw]=[-0.716668 -0.326429 1.629650]
[rf2o_laser_odometry_node-5] [WARN] [1771096642.903115691] [rf2o_laser_odometry]: Waiting for laser_scans....
[rf2o_laser_odometry_node-5] [INFO] [1771096642.965654621] [rf2o_laser_odometry]: execution time (ms): 12.000000
[rf2o_laser_odometry_node-5] [INFO] [1771096642.965831831] [rf2o_laser_odometry]: Laser odom [x,y,yaw]=[-0.722425 -0.231930 1.630846]
[rf2o_laser_odometry_node-5] [INFO] [1771096642.965869001] [rf2o_laser_odometry]: Robot-base odom [x,y,yaw]=[-0.716423 -0.331750 1.630846]
[rf2o_laser_odometry_node-5] [WARN] [1771096643.003044491] [rf2o_laser_odometry]: Waiting for laser_scans....
[rf2o_laser_odometry_node-5] [INFO] [1771096643.063604951] [rf2o_laser_odometry]: execution time (ms): 8.000000
[rf2o_laser_odometry_node-5] [INFO] [1771096643.063834091] [rf2o_laser_odometry]: Laser odom [x,y,yaw]=[-0.722465 -0.229017 1.630357]
[rf2o_laser_odometry_node-5] [INFO] [1771096643.063867571] [rf2o_laser_odometry]: Robot-base odom [x,y,yaw]=[-0.716512 -0.328840 1.630357]
[rf2o_laser_odometry_node-5] [WARN] [1771096643.103174261] [rf2o_laser_odometry]: Waiting for laser_scans....
[rf2o_laser_odometry_node-5] [INFO] [1771096643.167021971] [rf2o_laser_odometry]: execution time (ms): 8.000000
[rf2o_laser_odometry_node-5] [INFO] [1771096643.169289341] [rf2o_laser_odometry]: Laser odom [x,y,yaw]=[-0.722553 -0.223730 1.629212]
[rf2o_laser_odometry_node-5] [INFO] [1771096643.169385551] [rf2o_laser_odometry]: Robot-base odom [x,y,yaw]=[-0.716714 -0.323560 1.629212]
[rf2o_laser_odometry_node-5] [WARN] [1771096643.202991731] [rf2o_laser_odometry]: Waiting for laser_scans....
[rf2o_laser_odometry_node-5] [INFO] [1771096643.264853411] [rf2o_laser_odometry]: execution time (ms): 12.000000
[rf2o_laser_odometry_node-5] [INFO] [1771096643.264982561] [rf2o_laser_odometry]: Laser odom [x,y,yaw]=[-0.722637 -0.218493 1.628067]
[rf2o_laser_odometry_node-5] [INFO] [1771096643.265006681] [rf2o_laser_odometry]: Robot-base odom [x,y,yaw]=[-0.716913 -0.318329 1.628067]
[rf2o_laser_odometry_node-5] [WARN] [1771096643.302990371] [rf2o_laser_odometry]: Waiting for laser_scans....
[rf2o_laser_odometry_node-5] [INFO] [1771096643.364311601] [rf2o_laser_odometry]: execution time (ms): 12.000000
[rf2o_laser_odometry_node-5] [INFO] [1771096643.364438501] [rf2o_laser_odometry]: Laser odom [x,y,yaw]=[-0.722576 -0.222668 1.628665]
[rf2o_laser_odometry_node-5] [INFO] [1771096643.364463521] [rf2o_laser_odometry]: Robot-base odom [x,y,yaw]=[-0.716793 -0.322501 1.628665]
[rf2o_laser_odometry_node-5] [WARN] [1771096643.403170721] [rf2o_laser_odometry]: Waiting for laser_scans....
[rf2o_laser_odometry_node-5] [INFO] [1771096643.462617341] [rf2o_laser_odometry]: execution time (ms): 8.000000
[rf2o_laser_odometry_node-5] [INFO] [1771096643.462770971] [rf2o_laser_odometry]: Laser odom [x,y,yaw]=[-0.722459 -0.228026 1.629579]
[rf2o_laser_odometry_node-5] [INFO] [1771096643.462799501] [rf2o_laser_odometry]: Robot-base odom [x,y,yaw]=[-0.716585 -0.327854 1.629579]
[rf2o_laser_odometry_node-5] [WARN] [1771096643.502990711] [rf2o_laser_odometry]: Waiting for laser_scans....
[rf2o_laser_odometry_node-5] [INFO] [1771096643.564092701] [rf2o_laser_odometry]: execution time (ms): 8.000000
[rf2o_laser_odometry_node-5] [INFO] [1771096643.564217531] [rf2o_laser_odometry]: Laser odom [x,y,yaw]=[-0.722339 -0.233339 1.630492]
[rf2o_laser_odometry_node-5] [INFO] [1771096643.564242281] [rf2o_laser_odometry]: Robot-base odom [x,y,yaw]=[-0.716373 -0.333161 1.630492]
[rf2o_laser_odometry_node-5] [WARN] [1771096643.603117421] [rf2o_laser_odometry]: Waiting for laser_scans....
[rf2o_laser_odometry_node-5] [INFO] [1771096643.664127251] [rf2o_laser_odometry]: execution time (ms): 12.000000
[rf2o_laser_odometry_node-5] [INFO] [1771096643.664286821] [rf2o_laser_odometry]: Laser odom [x,y,yaw]=[-0.722407 -0.229210 1.629894]
[rf2o_laser_odometry_node-5] [INFO] [1771096643.664321831] [rf2o_laser_odometry]: Robot-base odom [x,y,yaw]=[-0.716501 -0.329035 1.629894]
[rf2o_laser_odometry_node-5] [WARN] [1771096643.703009681] [rf2o_laser_odometry]: Waiting for laser_scans....
[rf2o_laser_odometry_node-5] [INFO] [1771096643.762983791] [rf2o_laser_odometry]: execution time (ms): 8.000000
[rf2o_laser_odometry_node-5] [INFO] [1771096643.763158211] [rf2o_laser_odometry]: Laser odom [x,y,yaw]=[-0.722504 -0.223900 1.628981]
[rf2o_laser_odometry_node-5] [INFO] [1771096643.763197631] [rf2o_laser_odometry]: Robot-base odom [x,y,yaw]=[-0.716688 -0.323731 1.628981]
[rf2o_laser_odometry_node-5] [WARN] [1771096643.802990951] [rf2o_laser_odometry]: Waiting for laser_scans....
[rf2o_laser_odometry_node-5] [INFO] [1771096643.864190411] [rf2o_laser_odometry]: execution time (ms): 8.000000
[rf2o_laser_odometry_node-5] [INFO] [1771096643.864403621] [rf2o_laser_odometry]: Laser odom [x,y,yaw]=[-0.722591 -0.218743 1.628067]
[rf2o_laser_odometry_node-5] [INFO] [1771096643.864439531] [rf2o_laser_odometry]: Robot-base odom [x,y,yaw]=[-0.716867 -0.318579 1.628067]
[rf2o_laser_odometry_node-5] [WARN] [1771096643.903064561] [rf2o_laser_odometry]: Waiting for laser_scans....
[rf2o_laser_odometry_node-5] [INFO] [1771096643.965069341] [rf2o_laser_odometry]: execution time (ms): 12.000000
[rf2o_laser_odometry_node-5] [INFO] [1771096643.966103261] [rf2o_laser_odometry]: Laser odom [x,y,yaw]=[-0.722516 -0.223251 1.628665]
[rf2o_laser_odometry_node-5] [INFO] [1771096643.966176701] [rf2o_laser_odometry]: Robot-base odom [x,y,yaw]=[-0.716733 -0.323084 1.628665]
[rf2o_laser_odometry_node-5] [WARN] [1771096644.003111081] [rf2o_laser_odometry]: Waiting for laser_scans....
[rf2o_laser_odometry_node-5] [INFO] [1771096644.071298501] [rf2o_laser_odometry]: execution time (ms): 20.000000
[rf2o_laser_odometry_node-5] [INFO] [1771096644.071578761] [rf2o_laser_odometry]: Laser odom [x,y,yaw]=[-0.722398 -0.228625 1.629511]
[rf2o_laser_odometry_node-5] [INFO] [1771096644.071631501] [rf2o_laser_odometry]: Robot-base odom [x,y,yaw]=[-0.716530 -0.328453 1.629511]
[rf2o_laser_odometry_node-5] [WARN] [1771096644.103004331] [rf2o_laser_odometry]: Waiting for laser_scans....
[rf2o_laser_odometry_node-5] [WARN] [1771096644.152999781] [rf2o_laser_odometry]: Waiting for laser_scans....
[rf2o_laser_odometry_node-5] [INFO] [1771096644.213448191] [rf2o_laser_odometry]: execution time (ms): 12.000000
[rf2o_laser_odometry_node-5] [INFO] [1771096644.214626111] [rf2o_laser_odometry]: Laser odom [x,y,yaw]=[-0.722307 -0.233239 1.630202]
[rf2o_laser_odometry_node-5] [INFO] [1771096644.215410101] [rf2o_laser_odometry]: Robot-base odom [x,y,yaw]=[-0.716369 -0.333063 1.630202]
[rf2o_laser_odometry_node-5] [WARN] [1771096644.252986811] [rf2o_laser_odometry]: Waiting for laser_scans....
[rf2o_laser_odometry_node-5] [INFO] [1771096644.312681831] [rf2o_laser_odometry]: execution time (ms): 8.000000
[rf2o_laser_odometry_node-5] [INFO] [1771096644.312832941] [rf2o_laser_odometry]: Laser odom [x,y,yaw]=[-0.722403 -0.228128 1.629511]
[rf2o_laser_odometry_node-5] [INFO] [1771096644.312857781] [rf2o_laser_odometry]: Robot-base odom [x,y,yaw]=[-0.716535 -0.327956 1.629511]
[rf2o_laser_odometry_node-5] [WARN] [1771096644.352953501] [rf2o_laser_odometry]: Waiting for laser_scans....
[rf2o_laser_odometry_node-5] [INFO] [1771096644.414794751] [rf2o_laser_odometry]: execution time (ms): 12.000000
[rf2o_laser_odometry_node-5] [INFO] [1771096644.415082031] [rf2o_laser_odometry]: Laser odom [x,y,yaw]=[-0.722502 -0.222809 1.628597]
[rf2o_laser_odometry_node-5] [INFO] [1771096644.415129731] [rf2o_laser_odometry]: Robot-base odom [x,y,yaw]=[-0.716726 -0.322642 1.628597]
[rf2o_laser_odometry_node-5] [WARN] [1771096644.453095691] [rf2o_laser_odometry]: Waiting for laser_scans....
[rf2o_laser_odometry_node-5] [INFO] [1771096644.514789791] [rf2o_laser_odometry]: execution time (ms): 8.000000
[rf2o_laser_odometry_node-5] [INFO] [1771096644.515857641] [rf2o_laser_odometry]: Laser odom [x,y,yaw]=[-0.722595 -0.217493 1.627684]
[rf2o_laser_odometry_node-5] [INFO] [1771096644.515932971] [rf2o_laser_odometry]: Robot-base odom [x,y,yaw]=[-0.716910 -0.317331 1.627684]
[rf2o_laser_odometry_node-5] [WARN] [1771096644.553054821] [rf2o_laser_odometry]: Waiting for laser_scans....
[rf2o_laser_odometry_node-5] [INFO] [1771096644.614106861] [rf2o_laser_odometry]: execution time (ms): 12.000000
[rf2o_laser_odometry_node-5] [INFO] [1771096644.614232681] [rf2o_laser_odometry]: Laser odom [x,y,yaw]=[-0.722651 -0.213590 1.627086]
[rf2o_laser_odometry_node-5] [INFO] [1771096644.614256891] [rf2o_laser_odometry]: Robot-base odom [x,y,yaw]=[-0.717025 -0.313432 1.627086]
[rf2o_laser_odometry_node-5] [WARN] [1771096644.652980561] [rf2o_laser_odometry]: Waiting for laser_scans....
[rf2o_laser_odometry_node-5] [INFO] [1771096644.714840171] [rf2o_laser_odometry]: execution time (ms): 12.000000
[rf2o_laser_odometry_node-5] [INFO] [1771096644.714967341] [rf2o_laser_odometry]: Laser odom [x,y,yaw]=[-0.722547 -0.218952 1.627684]
[rf2o_laser_odometry_node-5] [INFO] [1771096644.714992451] [rf2o_laser_odometry]: Robot-base odom [x,y,yaw]=[-0.716861 -0.318790 1.627684]
[rf2o_laser_odometry_node-5] [WARN] [1771096644.752966151] [rf2o_laser_odometry]: Waiting for laser_scans....
[rf2o_laser_odometry_node-5] [WARN] [1771096644.803004981] [rf2o_laser_odometry]: Waiting for laser_scans....
[rf2o_laser_odometry_node-5] [INFO] [1771096644.863871801] [rf2o_laser_odometry]: execution time (ms): 8.000000
[rf2o_laser_odometry_node-5] [INFO] [1771096644.863994921] [rf2o_laser_odometry]: Laser odom [x,y,yaw]=[-0.722433 -0.224336 1.628456]
[rf2o_laser_odometry_node-5] [INFO] [1771096644.864035871] [rf2o_laser_odometry]: Robot-base odom [x,y,yaw]=[-0.716670 -0.324170 1.628456]
[rf2o_laser_odometry_node-5] [INFO] [1771096644.915980451] [rf2o_laser_odometry]: execution time (ms): 12.000000
[rf2o_laser_odometry_node-5] [INFO] [1771096644.916136421] [rf2o_laser_odometry]: Laser odom [x,y,yaw]=[-0.722314 -0.229720 1.629228]
[rf2o_laser_odometry_node-5] [INFO] [1771096644.916175121] [rf2o_laser_odometry]: Robot-base odom [x,y,yaw]=[-0.716474 -0.329549 1.629228]
[rf2o_laser_odometry_node-5] [WARN] [1771096644.953063421] [rf2o_laser_odometry]: Waiting for laser_scans....
[rf2o_laser_odometry_node-5] [INFO] [1771096645.014984141] [rf2o_laser_odometry]: execution time (ms): 12.000000
[rf2o_laser_odometry_node-5] [INFO] [1771096645.015232001] [rf2o_laser_odometry]: Laser odom [x,y,yaw]=[-0.722255 -0.233272 1.629716]
[rf2o_laser_odometry_node-5] [INFO] [1771096645.015270521] [rf2o_laser_odometry]: Robot-base odom [x,y,yaw]=[-0.716367 -0.333098 1.629716]
[rf2o_laser_odometry_node-5] [WARN] [1771096645.053007971] [rf2o_laser_odometry]: Waiting for laser_scans....
[rf2o_laser_odometry_node-5] [INFO] [1771096645.118491341] [rf2o_laser_odometry]: execution time (ms): 16.000000
[rf2o_laser_odometry_node-5] [INFO] [1771096645.118652981] [rf2o_laser_odometry]: Laser odom [x,y,yaw]=[-0.722359 -0.227952 1.629026]
[rf2o_laser_odometry_node-5] [INFO] [1771096645.118698341] [rf2o_laser_odometry]: Robot-base odom [x,y,yaw]=[-0.716539 -0.327782 1.629026]
[rf2o_laser_odometry_node-5] [WARN] [1771096645.153014351] [rf2o_laser_odometry]: Waiting for laser_scans....
[rf2o_laser_odometry_node-5] [INFO] [1771096645.213530351] [rf2o_laser_odometry]: execution time (ms): 12.000000
[rf2o_laser_odometry_node-5] [INFO] [1771096645.213651041] [rf2o_laser_odometry]: Laser odom [x,y,yaw]=[-0.722458 -0.222626 1.628254]
[rf2o_laser_odometry_node-5] [INFO] [1771096645.213676061] [rf2o_laser_odometry]: Robot-base odom [x,y,yaw]=[-0.716716 -0.322461 1.628254]
[rf2o_laser_odometry_node-5] [WARN] [1771096645.253755581] [rf2o_laser_odometry]: Waiting for laser_scans....
[rf2o_laser_odometry_node-5] [INFO] [1771096645.312871631] [rf2o_laser_odometry]: execution time (ms): 8.000000
[rf2o_laser_odometry_node-5] [INFO] [1771096645.313023101] [rf2o_laser_odometry]: Laser odom [x,y,yaw]=[-0.722495 -0.219967 1.627909]
[rf2o_laser_odometry_node-5] [INFO] [1771096645.313059101] [rf2o_laser_odometry]: Robot-base odom [x,y,yaw]=[-0.716787 -0.319804 1.627909]
[rf2o_laser_odometry_node-5] [WARN] [1771096645.353040341] [rf2o_laser_odometry]: Waiting for laser_scans....
[rf2o_laser_odometry_node-5] [INFO] [1771096645.413613761] [rf2o_laser_odometry]: execution time (ms): 8.000000
[rf2o_laser_odometry_node-5] [INFO] [1771096645.413753621] [rf2o_laser_odometry]: Laser odom [x,y,yaw]=[-0.722384 -0.225353 1.628507]
[rf2o_laser_odometry_node-5] [INFO] [1771096645.413780441] [rf2o_laser_odometry]: Robot-base odom [x,y,yaw]=[-0.716616 -0.325187 1.628507]
[rf2o_laser_odometry_node-5] [WARN] [1771096645.453016301] [rf2o_laser_odometry]: Waiting for laser_scans....
[rf2o_laser_odometry_node-5] [INFO] [1771096645.513884471] [rf2o_laser_odometry]: execution time (ms): 12.000000
[rf2o_laser_odometry_node-5] [INFO] [1771096645.514127831] [rf2o_laser_odometry]: Laser odom [x,y,yaw]=[-0.722356 -0.227607 1.628507]
[rf2o_laser_odometry_node-5] [INFO] [1771096645.514174541] [rf2o_laser_odometry]: Robot-base odom [x,y,yaw]=[-0.716588 -0.327441 1.628507]
[controller_server-13] [ERROR] [1771096645.521263481] [controller_server]: Failed to make progress
[controller_server-13] [WARN] [1771096645.521419901] [controller_server]: [follow_path] [ActionServer] Aborting handle.
[rf2o_laser_odometry_node-5] [WARN] [1771096645.553061111] [rf2o_laser_odometry]: Waiting for laser_scans....
[rf2o_laser_odometry_node-5] [INFO] [1771096645.614751341] [rf2o_laser_odometry]: execution time (ms): 12.000000
[rf2o_laser_odometry_node-5] [INFO] [1771096645.614875361] [rf2o_laser_odometry]: Laser odom [x,y,yaw]=[-0.722411 -0.224262 1.628018]
[rf2o_laser_odometry_node-5] [INFO] [1771096645.614900201] [rf2o_laser_odometry]: Robot-base odom [x,y,yaw]=[-0.716692 -0.324099 1.628018]
[rf2o_laser_odometry_node-5] [WARN] [1771096649.236637054] [rf2o_laser_odometry]: Waiting for laser_scans....
[rf2o_laser_odometry_node-5] [WARN] [1771096649.236866194] [rf2o_laser_odometry]: Waiting for laser_scans....
[rf2o_laser_odometry_node-5] [WARN] [1771096649.288445194] [rf2o_laser_odometry]: WARNING: Eigensolver couldn't find a solution. Pose is not updated
[rf2o_laser_odometry_node-5] [WARN] [1771096649.338903064] [rf2o_laser_odometry]: Waiting for laser_scans....
[rf2o_laser_odometry_node-5] [WARN] [1771096649.389143494] [rf2o_laser_odometry]: Waiting for laser_scans....
[rf2o_laser_odometry_node-5] [WARN] [1771096649.441149274] [rf2o_laser_odometry]: WARNING: Eigensolver couldn't find a solution. Pose is not updated
[rf2o_laser_odometry_node-5] [WARN] [1771096649.493139124] [rf2o_laser_odometry]: WARNING: Eigensolver couldn't find a solution. Pose is not updated
[rf2o_laser_odometry_node-5] [WARN] [1771096649.543465774] [rf2o_laser_odometry]: Waiting for laser_scans....
[rf2o_laser_odometry_node-5] [WARN] [1771096649.595212264] [rf2o_laser_odometry]: WARNING: Eigensolver couldn't find a solution. Pose is not updated
[controller_server-13] [WARN] [1771096649.634899294] [controller_server]: Control loop missed its desired rate of 10.0000Hz
[rf2o_laser_odometry_node-5] [WARN] [1771096649.645559794] [rf2o_laser_odometry]: Waiting for laser_scans....
[rf2o_laser_odometry_node-5] [INFO] [1771096649.708333894] [rf2o_laser_odometry]: execution time (ms): 12.000000
[rf2o_laser_odometry_node-5] [INFO] [1771096649.708465564] [rf2o_laser_odometry]: Laser odom [x,y,yaw]=[-0.722419 -0.223529 1.628018]
[rf2o_laser_odometry_node-5] [INFO] [1771096649.708493554] [rf2o_laser_odometry]: Robot-base odom [x,y,yaw]=[-0.716700 -0.323365 1.628018]
[rf2o_laser_odometry_node-5] [WARN] [1771096649.758747844] [rf2o_laser_odometry]: Waiting for laser_scans....
[rf2o_laser_odometry_node-5] [INFO] [1771096649.820644894] [rf2o_laser_odometry]: execution time (ms): 12.000000
[rf2o_laser_odometry_node-5] [INFO] [1771096649.820868094] [rf2o_laser_odometry]: Laser odom [x,y,yaw]=[-0.722495 -0.218961 1.627420]
[rf2o_laser_odometry_node-5] [INFO] [1771096649.820916334] [rf2o_laser_odometry]: Robot-base odom [x,y,yaw]=[-0.716835 -0.318801 1.627420]
[rf2o_laser_odometry_node-5] [WARN] [1771096649.871243254] [rf2o_laser_odometry]: Waiting for laser_scans....
[rf2o_laser_odometry_node-5] [INFO] [1771096649.937025604] [rf2o_laser_odometry]: execution time (ms): 12.000000
[rf2o_laser_odometry_node-5] [INFO] [1771096649.937182204] [rf2o_laser_odometry]: Laser odom [x,y,yaw]=[-0.722395 -0.224144 1.628018]
[rf2o_laser_odometry_node-5] [INFO] [1771096649.937223964] [rf2o_laser_odometry]: Robot-base odom [x,y,yaw]=[-0.716676 -0.323980 1.628018]
[rf2o_laser_odometry_node-5] [INFO] [1771096650.000313424] [rf2o_laser_odometry]: execution time (ms): 12.000000
[rf2o_laser_odometry_node-5] [INFO] [1771096650.000504944] [rf2o_laser_odometry]: Laser odom [x,y,yaw]=[-0.722277 -0.229534 1.628616]
[rf2o_laser_odometry_node-5] [INFO] [1771096650.000542654] [rf2o_laser_odometry]: Robot-base odom [x,y,yaw]=[-0.716498 -0.329367 1.628616]
[rf2o_laser_odometry_node-5] [WARN] [1771096650.037997054] [rf2o_laser_odometry]: Waiting for laser_scans....
[rf2o_laser_odometry_node-5] [INFO] [1771096650.098400284] [rf2o_laser_odometry]: execution time (ms): 12.000000
[rf2o_laser_odometry_node-5] [INFO] [1771096650.099842984] [rf2o_laser_odometry]: Laser odom [x,y,yaw]=[-0.722207 -0.233502 1.629105]
[rf2o_laser_odometry_node-5] [INFO] [1771096650.099945044] [rf2o_laser_odometry]: Robot-base odom [x,y,yaw]=[-0.716379 -0.333332 1.629105]
[rf2o_laser_odometry_node-5] [WARN] [1771096650.136856114] [rf2o_laser_odometry]: Waiting for laser_scans....
[rf2o_laser_odometry_node-5] [INFO] [1771096650.197373644] [rf2o_laser_odometry]: execution time (ms): 12.000000
[rf2o_laser_odometry_node-5] [INFO] [1771096650.197545634] [rf2o_laser_odometry]: Laser odom [x,y,yaw]=[-0.722310 -0.228193 1.628507]
[rf2o_laser_odometry_node-5] [INFO] [1771096650.197600174] [rf2o_laser_odometry]: Robot-base odom [x,y,yaw]=[-0.716543 -0.328027 1.628507]
[rf2o_laser_odometry_node-5] [WARN] [1771096650.236898944] [rf2o_laser_odometry]: Waiting for laser_scans....
[rf2o_laser_odometry_node-5] [INFO] [1771096650.297773504] [rf2o_laser_odometry]: execution time (ms): 12.000000
[rf2o_laser_odometry_node-5] [INFO] [1771096650.297919034] [rf2o_laser_odometry]: Laser odom [x,y,yaw]=[-0.722408 -0.222864 1.627816]
[rf2o_laser_odometry_node-5] [INFO] [1771096650.297944864] [rf2o_laser_odometry]: Robot-base odom [x,y,yaw]=[-0.716710 -0.322702 1.627816]
[rf2o_laser_odometry_node-5] [WARN] [1771096650.336949154] [rf2o_laser_odometry]: Waiting for laser_scans....
[rf2o_laser_odometry_node-5] [WARN] [1771096650.386921114] [rf2o_laser_odometry]: Waiting for laser_scans....
[rf2o_laser_odometry_node-5] [INFO] [1771096650.459082304] [rf2o_laser_odometry]: execution time (ms): 16.000000
[rf2o_laser_odometry_node-5] [INFO] [1771096650.460131884] [rf2o_laser_odometry]: Laser odom [x,y,yaw]=[-0.722471 -0.218946 1.627218]
[rf2o_laser_odometry_node-5] [INFO] [1771096650.460839374] [rf2o_laser_odometry]: Robot-base odom [x,y,yaw]=[-0.716832 -0.318787 1.627218]
[rf2o_laser_odometry_node-5] [WARN] [1771096650.487108124] [rf2o_laser_odometry]: Waiting for laser_scans....
[rf2o_laser_odometry_node-5] [INFO] [1771096650.549762254] [rf2o_laser_odometry]: execution time (ms): 12.000000
[rf2o_laser_odometry_node-5] [INFO] [1771096650.549886454] [rf2o_laser_odometry]: Laser odom [x,y,yaw]=[-0.722365 -0.224321 1.627706]
[rf2o_laser_odometry_node-5] [INFO] [1771096650.549910844] [rf2o_laser_odometry]: Robot-base odom [x,y,yaw]=[-0.716677 -0.324159 1.627706]
[rf2o_laser_odometry_node-5] [WARN] [1771096650.587033324] [rf2o_laser_odometry]: Waiting for laser_scans....
[rf2o_laser_odometry_node-5] [INFO] [1771096650.651295124] [rf2o_laser_odometry]: execution time (ms): 16.000000
[rf2o_laser_odometry_node-5] [INFO] [1771096650.652830974] [rf2o_laser_odometry]: Laser odom [x,y,yaw]=[-0.722248 -0.229713 1.628304]
[rf2o_laser_odometry_node-5] [INFO] [1771096650.652925474] [rf2o_laser_odometry]: Robot-base odom [x,y,yaw]=[-0.716501 -0.329548 1.628304]
[rf2o_laser_odometry_node-5] [WARN] [1771096650.686970494] [rf2o_laser_odometry]: Waiting for laser_scans....
[rf2o_laser_odometry_node-5] [INFO] [1771096650.753420914] [rf2o_laser_odometry]: execution time (ms): 16.000000
[rf2o_laser_odometry_node-5] [INFO] [1771096650.753693704] [rf2o_laser_odometry]: Laser odom [x,y,yaw]=[-0.722240 -0.231104 1.628304]
[rf2o_laser_odometry_node-5] [INFO] [1771096650.753792884] [rf2o_laser_odometry]: Robot-base odom [x,y,yaw]=[-0.716492 -0.330939 1.628304]
[rf2o_laser_odometry_node-5] [WARN] [1771096650.787428134] [rf2o_laser_odometry]: Waiting for laser_scans....
[frontier_explore-19] [WARN] [1771096650.810390554] [frontier_explore]: Goal stuck for 30s wall time; canceling
[rf2o_laser_odometry_node-5] [INFO] [1771096650.851037974] [rf2o_laser_odometry]: execution time (ms): 12.000000
[rf2o_laser_odometry_node-5] [INFO] [1771096650.851170724] [rf2o_laser_odometry]: Laser odom [x,y,yaw]=[-0.722340 -0.225778 1.627706]
[rf2o_laser_odometry_node-5] [INFO] [1771096650.851196194] [rf2o_laser_odometry]: Robot-base odom [x,y,yaw]=[-0.716652 -0.325616 1.627706]
[rf2o_laser_odometry_node-5] [WARN] [1771096650.886853564] [rf2o_laser_odometry]: Waiting for laser_scans....
[bt_navigator-15] [ERROR] [1771096650.924386984] [bt_navigator_navigate_to_pose_rclcpp_node]: Failed to get result for follow_path in node halt!
[rf2o_laser_odometry_node-5] [INFO] [1771096650.948410954] [rf2o_laser_odometry]: execution time (ms): 12.000000
[rf2o_laser_odometry_node-5] [INFO] [1771096650.948692564] [rf2o_laser_odometry]: Laser odom [x,y,yaw]=[-0.722433 -0.220449 1.627108]
[rf2o_laser_odometry_node-5] [INFO] [1771096650.948829544] [rf2o_laser_odometry]: Robot-base odom [x,y,yaw]=[-0.716805 -0.320291 1.627108]
[rf2o_laser_odometry_node-5] [WARN] [1771096650.986967134] [rf2o_laser_odometry]: Waiting for laser_scans....
[rf2o_laser_odometry_node-5] [WARN] [1771096651.036834784] [rf2o_laser_odometry]: Waiting for laser_scans....
[rf2o_laser_odometry_node-5] [INFO] [1771096651.099224944] [rf2o_laser_odometry]: execution time (ms): 12.000000
[rf2o_laser_odometry_node-5] [INFO] [1771096651.099362464] [rf2o_laser_odometry]: Laser odom [x,y,yaw]=[-0.722462 -0.218167 1.627108]
[rf2o_laser_odometry_node-5] [INFO] [1771096651.099388564] [rf2o_laser_odometry]: Robot-base odom [x,y,yaw]=[-0.716834 -0.318009 1.627108]
[rf2o_laser_odometry_node-5] [WARN] [1771096651.138929974] [rf2o_laser_odometry]: WARNING: Eigensolver couldn't find a solution. Pose is not updated
[rf2o_laser_odometry_node-5] [WARN] [1771096651.186938494] [rf2o_laser_odometry]: Waiting for laser_scans....
[rf2o_laser_odometry_node-5] [WARN] [1771096651.238554034] [rf2o_laser_odometry]: WARNING: Eigensolver couldn't find a solution. Pose is not updated
[rf2o_laser_odometry_node-5] [WARN] [1771096651.286854334] [rf2o_laser_odometry]: Waiting for laser_scans....
[rf2o_laser_odometry_node-5] [WARN] [1771096651.338600194] [rf2o_laser_odometry]: WARNING: Eigensolver couldn't find a solution. Pose is not updated
[rf2o_laser_odometry_node-5] [WARN] [1771096651.386922364] [rf2o_laser_odometry]: Waiting for laser_scans....
[rf2o_laser_odometry_node-5] [WARN] [1771096651.438154594] [rf2o_laser_odometry]: WARNING: Eigensolver couldn't find a solution. Pose is not updated
[rf2o_laser_odometry_node-5] [WARN] [1771096651.486826504] [rf2o_laser_odometry]: Waiting for laser_scans....
[rf2o_laser_odometry_node-5] [WARN] [1771096651.538334854] [rf2o_laser_odometry]: WARNING: Eigensolver couldn't find a solution. Pose is not updated
[cmd_vel_mux-7] [WARN] [1771096651.563555284] [cmd_vel_mux]: No auto cmd_vel for 0.6s (timeout=0.5s); sent stop
[rf2o_laser_odometry_node-5] [WARN] [1771096651.586857184] [rf2o_laser_odometry]: Waiting for laser_scans....
[rf2o_laser_odometry_node-5] [WARN] [1771096651.638354824] [rf2o_laser_odometry]: WARNING: Eigensolver couldn't find a solution. Pose is not updated
[rf2o_laser_odometry_node-5] [WARN] [1771096651.686889214] [rf2o_laser_odometry]: Waiting for laser_scans....
[rf2o_laser_odometry_node-5] [WARN] [1771096651.738270574] [rf2o_laser_odometry]: WARNING: Eigensolver couldn't find a solution. Pose is not updated
[rf2o_laser_odometry_node-5] [WARN] [1771096651.786876424] [rf2o_laser_odometry]: Waiting for laser_scans....
[rf2o_laser_odometry_node-5] [WARN] [1771096651.838099384] [rf2o_laser_odometry]: WARNING: Eigensolver couldn't find a solution. Pose is not updated
[rf2o_laser_odometry_node-5] [WARN] [1771096651.886930594] [rf2o_laser_odometry]: Waiting for laser_scans....
[rf2o_laser_odometry_node-5] [WARN] [1771096651.938057434] [rf2o_laser_odometry]: WARNING: Eigensolver couldn't find a solution. Pose is not updated
[rf2o_laser_odometry_node-5] [WARN] [1771096651.986871724] [rf2o_laser_odometry]: Waiting for laser_scans....
[rf2o_laser_odometry_node-5] [WARN] [1771096652.038654754] [rf2o_laser_odometry]: WARNING: Eigensolver couldn't find a solution. Pose is not updated
[rf2o_laser_odometry_node-5] [WARN] [1771096652.086871984] [rf2o_laser_odometry]: Waiting for laser_scans....
[rf2o_laser_odometry_node-5] [WARN] [1771096652.138141024] [rf2o_laser_odometry]: WARNING: Eigensolver couldn't find a solution. Pose is not updated
[rf2o_laser_odometry_node-5] [WARN] [1771096652.186991224] [rf2o_laser_odometry]: Waiting for laser_scans....
[rf2o_laser_odometry_node-5] [WARN] [1771096652.238279884] [rf2o_laser_odometry]: WARNING: Eigensolver couldn't find a solution. Pose is not updated
[rf2o_laser_odometry_node-5] [WARN] [1771096652.286846674] [rf2o_laser_odometry]: Waiting for laser_scans....
[rf2o_laser_odometry_node-5] [WARN] [1771096652.338648514] [rf2o_laser_odometry]: WARNING: Eigensolver couldn't find a solution. Pose is not updated
[rf2o_laser_odometry_node-5] [WARN] [1771096652.386834964] [rf2o_laser_odometry]: Waiting for laser_scans....
[rf2o_laser_odometry_node-5] [WARN] [1771096652.436880364] [rf2o_laser_odometry]: Waiting for laser_scans....
[rf2o_laser_odometry_node-5] [WARN] [1771096652.488593734] [rf2o_laser_odometry]: WARNING: Eigensolver couldn't find a solution. Pose is not updated
[rf2o_laser_odometry_node-5] [WARN] [1771096652.538770894] [rf2o_laser_odometry]: WARNING: Eigensolver couldn't find a solution. Pose is not updated
[rf2o_laser_odometry_node-5] [WARN] [1771096652.586838724] [rf2o_laser_odometry]: Waiting for laser_scans....
[rf2o_laser_odometry_node-5] [WARN] [1771096652.638461284] [rf2o_laser_odometry]: WARNING: Eigensolver couldn't find a solution. Pose is not updated
[rf2o_laser_odometry_node-5] [WARN] [1771096652.686965794] [rf2o_laser_odometry]: Waiting for laser_scans....
[rf2o_laser_odometry_node-5] [WARN] [1771096652.738657834] [rf2o_laser_odometry]: WARNING: Eigensolver couldn't find a solution. Pose is not updated
[rf2o_laser_odometry_node-5] [WARN] [1771096652.786932124] [rf2o_laser_odometry]: Waiting for laser_scans....
[rf2o_laser_odometry_node-5] [WARN] [1771096652.838648824] [rf2o_laser_odometry]: WARNING: Eigensolver couldn't find a solution. Pose is not updated
[frontier_explore-19] [INFO] [1771096652.865292874] [frontier_explore]: Goal #2: x=-2.23 y=-0.36 dist=1.5m
[rf2o_laser_odometry_node-5] [WARN] [1771096652.886991424] [rf2o_laser_odometry]: Waiting for laser_scans....
[rf2o_laser_odometry_node-5] [WARN] [1771096652.936849624] [rf2o_laser_odometry]: Waiting for laser_scans....
[rf2o_laser_odometry_node-5] [WARN] [1771096652.986849844] [rf2o_laser_odometry]: Waiting for laser_scans....
[rf2o_laser_odometry_node-5] [WARN] [1771096653.038554304] [rf2o_laser_odometry]: WARNING: Eigensolver couldn't find a solution. Pose is not updated
[rf2o_laser_odometry_node-5] [WARN] [1771096653.088239794] [rf2o_laser_odometry]: WARNING: Eigensolver couldn't find a solution. Pose is not updated
[rf2o_laser_odometry_node-5] [WARN] [1771096653.136899644] [rf2o_laser_odometry]: Waiting for laser_scans....
[rf2o_laser_odometry_node-5] [INFO] [1771096653.199925204] [rf2o_laser_odometry]: execution time (ms): 12.000000
[rf2o_laser_odometry_node-5] [INFO] [1771096653.200755184] [rf2o_laser_odometry]: Laser odom [x,y,yaw]=[-0.722498 -0.215288 1.627954]
[rf2o_laser_odometry_node-5] [INFO] [1771096653.200822774] [rf2o_laser_odometry]: Robot-base odom [x,y,yaw]=[-0.716785 -0.315125 1.627954]
[rf2o_laser_odometry_node-5] [WARN] [1771096653.236874254] [rf2o_laser_odometry]: Waiting for laser_scans....
[rf2o_laser_odometry_node-5] [INFO] [1771096653.297900914] [rf2o_laser_odometry]: execution time (ms): 12.000000
[rf2o_laser_odometry_node-5] [INFO] [1771096653.298038704] [rf2o_laser_odometry]: Laser odom [x,y,yaw]=[-0.722918 -0.210298 1.632083]
[rf2o_laser_odometry_node-5] [INFO] [1771096653.298063094] [rf2o_laser_odometry]: Robot-base odom [x,y,yaw]=[-0.716793 -0.310110 1.632083]
[rf2o_laser_odometry_node-5] [WARN] [1771096653.336936164] [rf2o_laser_odometry]: Waiting for laser_scans....
[rf2o_laser_odometry_node-5] [INFO] [1771096653.398380694] [rf2o_laser_odometry]: execution time (ms): 12.000000
[rf2o_laser_odometry_node-5] [INFO] [1771096653.398577074] [rf2o_laser_odometry]: Laser odom [x,y,yaw]=[-0.723579 -0.205738 1.635943]
[rf2o_laser_odometry_node-5] [INFO] [1771096653.398605244] [rf2o_laser_odometry]: Robot-base odom [x,y,yaw]=[-0.717068 -0.305526 1.635943]
[rf2o_laser_odometry_node-5] [WARN] [1771096653.436834544] [rf2o_laser_odometry]: Waiting for laser_scans....
[rf2o_laser_odometry_node-5] [INFO] [1771096653.499762634] [rf2o_laser_odometry]: execution time (ms): 12.000000
[rf2o_laser_odometry_node-5] [INFO] [1771096653.499955144] [rf2o_laser_odometry]: Laser odom [x,y,yaw]=[-0.724541 -0.201005 1.639662]
[rf2o_laser_odometry_node-5] [INFO] [1771096653.499988534] [rf2o_laser_odometry]: Robot-base odom [x,y,yaw]=[-0.717660 -0.300768 1.639662]
[rf2o_laser_odometry_node-5] [WARN] [1771096653.536895104] [rf2o_laser_odometry]: Waiting for laser_scans....
[rf2o_laser_odometry_node-5] [INFO] [1771096653.599714294] [rf2o_laser_odometry]: execution time (ms): 12.000000
[rf2o_laser_odometry_node-5] [INFO] [1771096653.599843354] [rf2o_laser_odometry]: Laser odom [x,y,yaw]=[-0.725997 -0.195602 1.644433]
[rf2o_laser_odometry_node-5] [INFO] [1771096653.599882414] [rf2o_laser_odometry]: Robot-base odom [x,y,yaw]=[-0.718640 -0.295331 1.644433]
[rf2o_laser_odometry_node-5] [WARN] [1771096653.637678994] [rf2o_laser_odometry]: Waiting for laser_scans....
[rf2o_laser_odometry_node-5] [INFO] [1771096653.697574984] [rf2o_laser_odometry]: execution time (ms): 12.000000
[rf2o_laser_odometry_node-5] [INFO] [1771096653.697737254] [rf2o_laser_odometry]: Laser odom [x,y,yaw]=[-0.726515 -0.193900 1.648430]
[rf2o_laser_odometry_node-5] [INFO] [1771096653.697782074] [rf2o_laser_odometry]: Robot-base odom [x,y,yaw]=[-0.718759 -0.293599 1.648430]
[rf2o_laser_odometry_node-5] [WARN] [1771096653.736892024] [rf2o_laser_odometry]: Waiting for laser_scans....
[rf2o_laser_odometry_node-5] [INFO] [1771096653.797814374] [rf2o_laser_odometry]: execution time (ms): 8.000000
[rf2o_laser_odometry_node-5] [INFO] [1771096653.798026774] [rf2o_laser_odometry]: Laser odom [x,y,yaw]=[-0.725176 -0.199200 1.644695]
[rf2o_laser_odometry_node-5] [INFO] [1771096653.798066014] [rf2o_laser_odometry]: Robot-base odom [x,y,yaw]=[-0.717793 -0.298927 1.644695]
[rf2o_laser_odometry_node-5] [WARN] [1771096653.836853674] [rf2o_laser_odometry]: Waiting for laser_scans....
[rf2o_laser_odometry_node-5] [INFO] [1771096653.897030644] [rf2o_laser_odometry]: execution time (ms): 12.000000
[rf2o_laser_odometry_node-5] [INFO] [1771096653.897163934] [rf2o_laser_odometry]: Laser odom [x,y,yaw]=[-0.723283 -0.205423 1.638949]
[rf2o_laser_odometry_node-5] [INFO] [1771096653.897196424] [rf2o_laser_odometry]: Robot-base odom [x,y,yaw]=[-0.716473 -0.305191 1.638949]
[rf2o_laser_odometry_node-5] [WARN] [1771096653.936958694] [rf2o_laser_odometry]: Waiting for laser_scans....
[rf2o_laser_odometry_node-5] [INFO] [1771096653.999013244] [rf2o_laser_odometry]: execution time (ms): 12.000000
[rf2o_laser_odometry_node-5] [INFO] [1771096653.999164804] [rf2o_laser_odometry]: Laser odom [x,y,yaw]=[-0.721158 -0.211550 1.631674]
[rf2o_laser_odometry_node-5] [INFO] [1771096653.999192884] [rf2o_laser_odometry]: Robot-base odom [x,y,yaw]=[-0.715074 -0.311365 1.631674]
[rf2o_laser_odometry_node-5] [WARN] [1771096654.036865984] [rf2o_laser_odometry]: Waiting for laser_scans....
[rf2o_laser_odometry_node-5] [INFO] [1771096654.097951594] [rf2o_laser_odometry]: execution time (ms): 8.000000
[rf2o_laser_odometry_node-5] [INFO] [1771096654.098189824] [rf2o_laser_odometry]: Laser odom [x,y,yaw]=[-0.720762 -0.212544 1.627589]
[rf2o_laser_odometry_node-5] [INFO] [1771096654.098388004] [rf2o_laser_odometry]: Robot-base odom [x,y,yaw]=[-0.715086 -0.312383 1.627589]
[rf2o_laser_odometry_node-5] [WARN] [1771096654.137177284] [rf2o_laser_odometry]: Waiting for laser_scans....
[rf2o_laser_odometry_node-5] [INFO] [1771096654.200145244] [rf2o_laser_odometry]: execution time (ms): 12.000000
[rf2o_laser_odometry_node-5] [INFO] [1771096654.201521254] [rf2o_laser_odometry]: Laser odom [x,y,yaw]=[-0.722088 -0.207145 1.632246]
[rf2o_laser_odometry_node-5] [INFO] [1771096654.201600724] [rf2o_laser_odometry]: Robot-base odom [x,y,yaw]=[-0.715947 -0.306956 1.632246]
[rf2o_laser_odometry_node-5] [WARN] [1771096654.236878114] [rf2o_laser_odometry]: Waiting for laser_scans....
[rf2o_laser_odometry_node-5] [INFO] [1771096654.299179354] [rf2o_laser_odometry]: execution time (ms): 12.000000
[rf2o_laser_odometry_node-5] [INFO] [1771096654.299944444] [rf2o_laser_odometry]: Laser odom [x,y,yaw]=[-0.724170 -0.201089 1.640533]
[rf2o_laser_odometry_node-5] [INFO] [1771096654.299996914] [rf2o_laser_odometry]: Robot-base odom [x,y,yaw]=[-0.717202 -0.300846 1.640533]
[rf2o_laser_odometry_node-5] [WARN] [1771096654.336910234] [rf2o_laser_odometry]: Waiting for laser_scans....
[rf2o_laser_odometry_node-5] [INFO] [1771096654.399417844] [rf2o_laser_odometry]: execution time (ms): 8.000000
[rf2o_laser_odometry_node-5] [INFO] [1771096654.399581464] [rf2o_laser_odometry]: Laser odom [x,y,yaw]=[-0.726443 -0.194991 1.649437]
[rf2o_laser_odometry_node-5] [INFO] [1771096654.399624034] [rf2o_laser_odometry]: Robot-base odom [x,y,yaw]=[-0.718587 -0.294682 1.649437]
[rf2o_laser_odometry_node-5] [WARN] [1771096654.436834084] [rf2o_laser_odometry]: Waiting for laser_scans....
[rf2o_laser_odometry_node-5] [INFO] [1771096654.502002544] [rf2o_laser_odometry]: execution time (ms): 12.000000
[rf2o_laser_odometry_node-5] [INFO] [1771096654.503317624] [rf2o_laser_odometry]: Laser odom [x,y,yaw]=[-0.728842 -0.188913 1.659190]
[rf2o_laser_odometry_node-5] [INFO] [1771096654.504727204] [rf2o_laser_odometry]: Robot-base odom [x,y,yaw]=[-0.720015 -0.288523 1.659190]
[rf2o_laser_odometry_node-5] [WARN] [1771096654.536889514] [rf2o_laser_odometry]: Waiting for laser_scans....
[rf2o_laser_odometry_node-5] [INFO] [1771096654.597554554] [rf2o_laser_odometry]: execution time (ms): 12.000000
[rf2o_laser_odometry_node-5] [INFO] [1771096654.597677944] [rf2o_laser_odometry]: Laser odom [x,y,yaw]=[-0.731428 -0.182917 1.669691]
[rf2o_laser_odometry_node-5] [INFO] [1771096654.597702604] [rf2o_laser_odometry]: Robot-base odom [x,y,yaw]=[-0.721554 -0.282429 1.669691]
[rf2o_laser_odometry_node-5] [WARN] [1771096654.637198564] [rf2o_laser_odometry]: Waiting for laser_scans....
[rf2o_laser_odometry_node-5] [INFO] [1771096654.699864844] [rf2o_laser_odometry]: execution time (ms): 12.000000
[rf2o_laser_odometry_node-5] [INFO] [1771096654.700047094] [rf2o_laser_odometry]: Laser odom [x,y,yaw]=[-0.734210 -0.177022 1.680680]
[rf2o_laser_odometry_node-5] [INFO] [1771096654.700091014] [rf2o_laser_odometry]: Robot-base odom [x,y,yaw]=[-0.723244 -0.276419 1.680680]
[rf2o_laser_odometry_node-5] [WARN] [1771096654.736865824] [rf2o_laser_odometry]: Waiting for laser_scans....
[rf2o_laser_odometry_node-5] [INFO] [1771096654.799237264] [rf2o_laser_odometry]: execution time (ms): 12.000000
[rf2o_laser_odometry_node-5] [INFO] [1771096654.799378384] [rf2o_laser_odometry]: Laser odom [x,y,yaw]=[-0.737103 -0.171226 1.692058]
[rf2o_laser_odometry_node-5] [INFO] [1771096654.799405924] [rf2o_laser_odometry]: Robot-base odom [x,y,yaw]=[-0.725006 -0.270492 1.692058]
[rf2o_laser_odometry_node-5] [WARN] [1771096654.837690214] [rf2o_laser_odometry]: Waiting for laser_scans....
[rf2o_laser_odometry_node-5] [INFO] [1771096654.897836584] [rf2o_laser_odometry]: execution time (ms): 8.000000
[rf2o_laser_odometry_node-5] [INFO] [1771096654.898040794] [rf2o_laser_odometry]: Laser odom [x,y,yaw]=[-0.740162 -0.165516 1.703833]
[rf2o_laser_odometry_node-5] [INFO] [1771096654.898111714] [rf2o_laser_odometry]: Robot-base odom [x,y,yaw]=[-0.726898 -0.264632 1.703833]
[rf2o_laser_odometry_node-5] [WARN] [1771096654.936903874] [rf2o_laser_odometry]: Waiting for laser_scans....
[rf2o_laser_odometry_node-5] [INFO] [1771096654.998105584] [rf2o_laser_odometry]: execution time (ms): 12.000000
[rf2o_laser_odometry_node-5] [INFO] [1771096654.998279284] [rf2o_laser_odometry]: Laser odom [x,y,yaw]=[-0.743401 -0.159900 1.716030]
[rf2o_laser_odometry_node-5] [INFO] [1771096654.998324284] [rf2o_laser_odometry]: Robot-base odom [x,y,yaw]=[-0.728929 -0.258848 1.716030]
[rf2o_laser_odometry_node-5] [WARN] [1771096655.036884244] [rf2o_laser_odometry]: Waiting for laser_scans....
[rf2o_laser_odometry_node-5] [INFO] [1771096655.097631274] [rf2o_laser_odometry]: execution time (ms): 12.000000
[rf2o_laser_odometry_node-5] [INFO] [1771096655.097814874] [rf2o_laser_odometry]: Laser odom [x,y,yaw]=[-0.746813 -0.154405 1.728412]
[rf2o_laser_odometry_node-5] [INFO] [1771096655.097854564] [rf2o_laser_odometry]: Robot-base odom [x,y,yaw]=[-0.731117 -0.253165 1.728412]
[rf2o_laser_odometry_node-5] [WARN] [1771096655.136918704] [rf2o_laser_odometry]: Waiting for laser_scans....
[rf2o_laser_odometry_node-5] [INFO] [1771096655.197366034] [rf2o_laser_odometry]: execution time (ms): 8.000000
[rf2o_laser_odometry_node-5] [INFO] [1771096655.197491224] [rf2o_laser_odometry]: Laser odom [x,y,yaw]=[-0.750387 -0.149006 1.740875]
[rf2o_laser_odometry_node-5] [INFO] [1771096655.197515974] [rf2o_laser_odometry]: Robot-base odom [x,y,yaw]=[-0.733461 -0.247563 1.740875]
[rf2o_laser_odometry_node-5] [WARN] [1771096655.236926254] [rf2o_laser_odometry]: Waiting for laser_scans....
[rf2o_laser_odometry_node-5] [INFO] [1771096655.298148484] [rf2o_laser_odometry]: execution time (ms): 12.000000
[rf2o_laser_odometry_node-5] [INFO] [1771096655.298382214] [rf2o_laser_odometry]: Laser odom [x,y,yaw]=[-0.754175 -0.143672 1.753343]
[rf2o_laser_odometry_node-5] [INFO] [1771096655.298431984] [rf2o_laser_odometry]: Robot-base odom [x,y,yaw]=[-0.736022 -0.242011 1.753343]
[rf2o_laser_odometry_node-5] [WARN] [1771096655.336906624] [rf2o_laser_odometry]: Waiting for laser_scans....
[rf2o_laser_odometry_node-5] [INFO] [1771096655.399469404] [rf2o_laser_odometry]: execution time (ms): 12.000000
[rf2o_laser_odometry_node-5] [INFO] [1771096655.399604854] [rf2o_laser_odometry]: Laser odom [x,y,yaw]=[-0.758128 -0.138409 1.765897]
[rf2o_laser_odometry_node-5] [INFO] [1771096655.399630684] [rf2o_laser_odometry]: Robot-base odom [x,y,yaw]=[-0.738741 -0.236511 1.765897]
[rf2o_laser_odometry_node-5] [WARN] [1771096655.436832814] [rf2o_laser_odometry]: Waiting for laser_scans....
[rf2o_laser_odometry_node-5] [INFO] [1771096655.498274464] [rf2o_laser_odometry]: execution time (ms): 12.000000
[rf2o_laser_odometry_node-5] [INFO] [1771096655.498401814] [rf2o_laser_odometry]: Laser odom [x,y,yaw]=[-0.762153 -0.133220 1.778658]
[rf2o_laser_odometry_node-5] [INFO] [1771096655.498426924] [rf2o_laser_odometry]: Robot-base odom [x,y,yaw]=[-0.741516 -0.231068 1.778658]
[rf2o_laser_odometry_node-5] [WARN] [1771096655.536891664] [rf2o_laser_odometry]: Waiting for laser_scans....
[rf2o_laser_odometry_node-5] [INFO] [1771096655.598338894] [rf2o_laser_odometry]: execution time (ms): 12.000000
[rf2o_laser_odometry_node-5] [INFO] [1771096655.598493784] [rf2o_laser_odometry]: Laser odom [x,y,yaw]=[-0.766361 -0.128088 1.791451]
[rf2o_laser_odometry_node-5] [INFO] [1771096655.598521054] [rf2o_laser_odometry]: Robot-base odom [x,y,yaw]=[-0.744474 -0.225663 1.791451]
[rf2o_laser_odometry_node-5] [WARN] [1771096655.636928554] [rf2o_laser_odometry]: Waiting for laser_scans....
[rf2o_laser_odometry_node-5] [WARN] [1771096655.686865864] [rf2o_laser_odometry]: Waiting for laser_scans....
[rf2o_laser_odometry_node-5] [INFO] [1771096655.752800134] [rf2o_laser_odometry]: execution time (ms): 16.000000
[rf2o_laser_odometry_node-5] [INFO] [1771096655.752965014] [rf2o_laser_odometry]: Laser odom [x,y,yaw]=[-0.770696 -0.123001 1.804268]
[rf2o_laser_odometry_node-5] [INFO] [1771096655.753016764] [rf2o_laser_odometry]: Robot-base odom [x,y,yaw]=[-0.747560 -0.220288 1.804268]
[rf2o_laser_odometry_node-5] [WARN] [1771096655.786878364] [rf2o_laser_odometry]: Waiting for laser_scans....
[rf2o_laser_odometry_node-5] [INFO] [1771096655.847998354] [rf2o_laser_odometry]: execution time (ms): 12.000000
[rf2o_laser_odometry_node-5] [INFO] [1771096655.848130654] [rf2o_laser_odometry]: Laser odom [x,y,yaw]=[-0.775180 -0.117847 1.817205]
[rf2o_laser_odometry_node-5] [INFO] [1771096655.848155764] [rf2o_laser_odometry]: Robot-base odom [x,y,yaw]=[-0.750788 -0.214827 1.817205]
[rf2o_laser_odometry_node-5] [WARN] [1771096655.886864584] [rf2o_laser_odometry]: Waiting for laser_scans....
[rf2o_laser_odometry_node-5] [INFO] [1771096655.946402824] [rf2o_laser_odometry]: execution time (ms): 12.000000
[rf2o_laser_odometry_node-5] [INFO] [1771096655.946534674] [rf2o_laser_odometry]: Laser odom [x,y,yaw]=[-0.779713 -0.112788 1.830398]
[rf2o_laser_odometry_node-5] [INFO] [1771096655.946560234] [rf2o_laser_odometry]: Robot-base odom [x,y,yaw]=[-0.754043 -0.209437 1.830398]
[rf2o_laser_odometry_node-5] [WARN] [1771096655.986843154] [rf2o_laser_odometry]: Waiting for laser_scans....
[rf2o_laser_odometry_node-5] [INFO] [1771096656.048491354] [rf2o_laser_odometry]: execution time (ms): 12.000000
[rf2o_laser_odometry_node-5] [INFO] [1771096656.048744074] [rf2o_laser_odometry]: Laser odom [x,y,yaw]=[-0.784355 -0.107809 1.843622]
[rf2o_laser_odometry_node-5] [INFO] [1771096656.048795104] [rf2o_laser_odometry]: Robot-base odom [x,y,yaw]=[-0.757409 -0.204110 1.843622]
[rf2o_laser_odometry_node-5] [WARN] [1771096656.086834954] [rf2o_laser_odometry]: Waiting for laser_scans....
[rf2o_laser_odometry_node-5] [INFO] [1771096656.147731834] [rf2o_laser_odometry]: execution time (ms): 12.000000
[rf2o_laser_odometry_node-5] [INFO] [1771096656.147898334] [rf2o_laser_odometry]: Laser odom [x,y,yaw]=[-0.789007 -0.102880 1.856860]
[rf2o_laser_odometry_node-5] [INFO] [1771096656.147942614] [rf2o_laser_odometry]: Robot-base odom [x,y,yaw]=[-0.760789 -0.198816 1.856860]
[rf2o_laser_odometry_node-5] [WARN] [1771096656.186856634] [rf2o_laser_odometry]: Waiting for laser_scans....
[rf2o_laser_odometry_node-5] [INFO] [1771096656.248535254] [rf2o_laser_odometry]: execution time (ms): 8.000000
[rf2o_laser_odometry_node-5] [INFO] [1771096656.248715434] [rf2o_laser_odometry]: Laser odom [x,y,yaw]=[-0.793725 -0.098026 1.870152]
[rf2o_laser_odometry_node-5] [INFO] [1771096656.248758724] [rf2o_laser_odometry]: Robot-base odom [x,y,yaw]=[-0.764234 -0.193579 1.870152]
[rf2o_laser_odometry_node-5] [WARN] [1771096656.286927364] [rf2o_laser_odometry]: Waiting for laser_scans....
[rf2o_laser_odometry_node-5] [INFO] [1771096656.347585474] [rf2o_laser_odometry]: execution time (ms): 12.000000
[rf2o_laser_odometry_node-5] [INFO] [1771096656.347746034] [rf2o_laser_odometry]: Laser odom [x,y,yaw]=[-0.798512 -0.093192 1.883300]
[rf2o_laser_odometry_node-5] [INFO] [1771096656.347772404] [rf2o_laser_odometry]: Robot-base odom [x,y,yaw]=[-0.767768 -0.188349 1.883300]
[rf2o_laser_odometry_node-5] [WARN] [1771096656.387043184] [rf2o_laser_odometry]: Waiting for laser_scans....
[rf2o_laser_odometry_node-5] [INFO] [1771096656.446365694] [rf2o_laser_odometry]: execution time (ms): 8.000000
[rf2o_laser_odometry_node-5] [INFO] [1771096656.446488364] [rf2o_laser_odometry]: Laser odom [x,y,yaw]=[-0.803363 -0.088413 1.896433]
[rf2o_laser_odometry_node-5] [INFO] [1771096656.446513024] [rf2o_laser_odometry]: Robot-base odom [x,y,yaw]=[-0.771371 -0.183158 1.896433]
[rf2o_laser_odometry_node-5] [WARN] [1771096656.486888014] [rf2o_laser_odometry]: Waiting for laser_scans....
[rf2o_laser_odometry_node-5] [INFO] [1771096656.549510644] [rf2o_laser_odometry]: execution time (ms): 12.000000
[rf2o_laser_odometry_node-5] [INFO] [1771096656.549659144] [rf2o_laser_odometry]: Laser odom [x,y,yaw]=[-0.808271 -0.083710 1.909617]
[rf2o_laser_odometry_node-5] [INFO] [1771096656.549687404] [rf2o_laser_odometry]: Robot-base odom [x,y,yaw]=[-0.775033 -0.178024 1.909617]
[rf2o_laser_odometry_node-5] [WARN] [1771096656.586953704] [rf2o_laser_odometry]: Waiting for laser_scans....
[rf2o_laser_odometry_node-5] [INFO] [1771096656.649536734] [rf2o_laser_odometry]: execution time (ms): 12.000000
[rf2o_laser_odometry_node-5] [INFO] [1771096656.649845794] [rf2o_laser_odometry]: Laser odom [x,y,yaw]=[-0.813260 -0.079048 1.922778]
[rf2o_laser_odometry_node-5] [INFO] [1771096656.650500814] [rf2o_laser_odometry]: Robot-base odom [x,y,yaw]=[-0.778784 -0.172917 1.922778]
[rf2o_laser_odometry_node-5] [WARN] [1771096656.687037484] [rf2o_laser_odometry]: Waiting for laser_scans....
[rf2o_laser_odometry_node-5] [INFO] [1771096656.750376874] [rf2o_laser_odometry]: execution time (ms): 12.000000
[rf2o_laser_odometry_node-5] [INFO] [1771096656.750542474] [rf2o_laser_odometry]: Laser odom [x,y,yaw]=[-0.818287 -0.074478 1.936083]
[rf2o_laser_odometry_node-5] [INFO] [1771096656.750582524] [rf2o_laser_odometry]: Robot-base odom [x,y,yaw]=[-0.782565 -0.167881 1.936083]
[rf2o_laser_odometry_node-5] [WARN] [1771096656.786856844] [rf2o_laser_odometry]: Waiting for laser_scans....
[rf2o_laser_odometry_node-5] [INFO] [1771096656.848346014] [rf2o_laser_odometry]: execution time (ms): 8.000000
[rf2o_laser_odometry_node-5] [INFO] [1771096656.848469584] [rf2o_laser_odometry]: Laser odom [x,y,yaw]=[-0.823410 -0.069926 1.949240]
[rf2o_laser_odometry_node-5] [INFO] [1771096656.848494064] [rf2o_laser_odometry]: Robot-base odom [x,y,yaw]=[-0.786463 -0.162850 1.949240]
[rf2o_laser_odometry_node-5] [WARN] [1771096656.886940174] [rf2o_laser_odometry]: Waiting for laser_scans....
[rf2o_laser_odometry_node-5] [INFO] [1771096656.946682804] [rf2o_laser_odometry]: execution time (ms): 8.000000
[rf2o_laser_odometry_node-5] [INFO] [1771096656.947714744] [rf2o_laser_odometry]: Laser odom [x,y,yaw]=[-0.828592 -0.065445 1.962455]
[rf2o_laser_odometry_node-5] [INFO] [1771096656.947759564] [rf2o_laser_odometry]: Robot-base odom [x,y,yaw]=[-0.790419 -0.157872 1.962455]
[rf2o_laser_odometry_node-5] [WARN] [1771096656.986907044] [rf2o_laser_odometry]: Waiting for laser_scans....
[rf2o_laser_odometry_node-5] [INFO] [1771096657.053579314] [rf2o_laser_odometry]: execution time (ms): 12.000000
[rf2o_laser_odometry_node-5] [INFO] [1771096657.053869384] [rf2o_laser_odometry]: Laser odom [x,y,yaw]=[-0.833894 -0.060929 1.975585]
[rf2o_laser_odometry_node-5] [INFO] [1771096657.053958304] [rf2o_laser_odometry]: Robot-base odom [x,y,yaw]=[-0.794512 -0.152848 1.975585]
[rf2o_laser_odometry_node-5] [WARN] [1771096657.089870464] [rf2o_laser_odometry]: Waiting for laser_scans....
[rf2o_laser_odometry_node-5] [INFO] [1771096657.150017194] [rf2o_laser_odometry]: execution time (ms): 12.000000
[rf2o_laser_odometry_node-5] [INFO] [1771096657.150183964] [rf2o_laser_odometry]: Laser odom [x,y,yaw]=[-0.839395 -0.056290 1.989046]
[rf2o_laser_odometry_node-5] [INFO] [1771096657.150230044] [rf2o_laser_odometry]: Robot-base odom [x,y,yaw]=[-0.798779 -0.147670 1.989046]
[rf2o_laser_odometry_node-5] [WARN] [1771096657.192632374] [rf2o_laser_odometry]: Waiting for laser_scans....
[rf2o_laser_odometry_node-5] [WARN] [1771096657.238015864] [rf2o_laser_odometry]: Waiting for laser_scans....
[rf2o_laser_odometry_node-5] [INFO] [1771096657.314345404] [rf2o_laser_odometry]: execution time (ms): 8.000000
[rf2o_laser_odometry_node-5] [INFO] [1771096657.314499664] [rf2o_laser_odometry]: Laser odom [x,y,yaw]=[-0.844949 -0.051731 2.002520]
[rf2o_laser_odometry_node-5] [INFO] [1771096657.314529724] [rf2o_laser_odometry]: Robot-base odom [x,y,yaw]=[-0.803105 -0.142556 2.002520]
[rf2o_laser_odometry_node-5] [WARN] [1771096657.337013074] [rf2o_laser_odometry]: Waiting for laser_scans....
[rf2o_laser_odometry_node-5] [WARN] [1771096657.386902144] [rf2o_laser_odometry]: Waiting for laser_scans....
[rf2o_laser_odometry_node-5] [INFO] [1771096657.464130964] [rf2o_laser_odometry]: execution time (ms): 16.000000
[rf2o_laser_odometry_node-5] [INFO] [1771096657.467785774] [rf2o_laser_odometry]: Laser odom [x,y,yaw]=[-0.850591 -0.047198 2.015950]
[rf2o_laser_odometry_node-5] [INFO] [1771096657.467943904] [rf2o_laser_odometry]: Robot-base odom [x,y,yaw]=[-0.807531 -0.137453 2.015950]
[rf2o_laser_odometry_node-5] [WARN] [1771096657.492093694] [rf2o_laser_odometry]: Waiting for laser_scans....
[rf2o_laser_odometry_node-5] [INFO] [1771096657.550144954] [rf2o_laser_odometry]: execution time (ms): 16.000000
[rf2o_laser_odometry_node-5] [INFO] [1771096657.550320004] [rf2o_laser_odometry]: Laser odom [x,y,yaw]=[-0.856275 -0.042694 2.029380]
[rf2o_laser_odometry_node-5] [INFO] [1771096657.550370944] [rf2o_laser_odometry]: Robot-base odom [x,y,yaw]=[-0.812007 -0.132362 2.029380]
[rf2o_laser_odometry_node-5] [WARN] [1771096657.586887274] [rf2o_laser_odometry]: Waiting for laser_scans....
[rf2o_laser_odometry_node-5] [INFO] [1771096657.655458184] [rf2o_laser_odometry]: execution time (ms): 16.000000
[rf2o_laser_odometry_node-5] [INFO] [1771096657.656414704] [rf2o_laser_odometry]: Laser odom [x,y,yaw]=[-0.862009 -0.038285 2.042828]
[rf2o_laser_odometry_node-5] [INFO] [1771096657.657217504] [rf2o_laser_odometry]: Robot-base odom [x,y,yaw]=[-0.816539 -0.127350 2.042828]
[rf2o_laser_odometry_node-5] [WARN] [1771096657.686879884] [rf2o_laser_odometry]: Waiting for laser_scans....
[rf2o_laser_odometry_node-5] [INFO] [1771096657.753812614] [rf2o_laser_odometry]: execution time (ms): 16.000000
[rf2o_laser_odometry_node-5] [INFO] [1771096657.754011694] [rf2o_laser_odometry]: Laser odom [x,y,yaw]=[-0.867799 -0.033988 2.056285]
[rf2o_laser_odometry_node-5] [INFO] [1771096657.754129684] [rf2o_laser_odometry]: Robot-base odom [x,y,yaw]=[-0.821135 -0.122432 2.056285]
[rf2o_laser_odometry_node-5] [WARN] [1771096657.786878164] [rf2o_laser_odometry]: Waiting for laser_scans....
[rf2o_laser_odometry_node-5] [INFO] [1771096657.853262704] [rf2o_laser_odometry]: execution time (ms): 16.000000
[rf2o_laser_odometry_node-5] [INFO] [1771096657.853424794] [rf2o_laser_odometry]: Laser odom [x,y,yaw]=[-0.873611 -0.029806 2.069799]
[rf2o_laser_odometry_node-5] [INFO] [1771096657.853463944] [rf2o_laser_odometry]: Robot-base odom [x,y,yaw]=[-0.825756 -0.117612 2.069799]
[rf2o_laser_odometry_node-5] [WARN] [1771096657.886911184] [rf2o_laser_odometry]: Waiting for laser_scans....
[rf2o_laser_odometry_node-5] [INFO] [1771096657.959508154] [rf2o_laser_odometry]: execution time (ms): 16.000000
[rf2o_laser_odometry_node-5] [INFO] [1771096657.960266314] [rf2o_laser_odometry]: Laser odom [x,y,yaw]=[-0.879449 -0.025780 2.083453]
[rf2o_laser_odometry_node-5] [INFO] [1771096657.960483394] [rf2o_laser_odometry]: Robot-base odom [x,y,yaw]=[-0.830399 -0.112924 2.083453]
[rf2o_laser_odometry_node-5] [WARN] [1771096657.987154984] [rf2o_laser_odometry]: Waiting for laser_scans....
[rf2o_laser_odometry_node-5] [WARN] [1771096658.037814904] [rf2o_laser_odometry]: Waiting for laser_scans....
[rf2o_laser_odometry_node-5] [INFO] [1771096658.129283614] [rf2o_laser_odometry]: execution time (ms): 20.000000
[rf2o_laser_odometry_node-5] [INFO] [1771096658.130354344] [rf2o_laser_odometry]: Laser odom [x,y,yaw]=[-0.885325 -0.021857 2.097147]
[rf2o_laser_odometry_node-5] [INFO] [1771096658.131479164] [rf2o_laser_odometry]: Robot-base odom [x,y,yaw]=[-0.835087 -0.108321 2.097147]
[rf2o_laser_odometry_node-5] [WARN] [1771096658.138110364] [rf2o_laser_odometry]: Waiting for laser_scans....
[rf2o_laser_odometry_node-5] [INFO] [1771096658.206802144] [rf2o_laser_odometry]: execution time (ms): 16.000000
[rf2o_laser_odometry_node-5] [INFO] [1771096658.207572094] [rf2o_laser_odometry]: Laser odom [x,y,yaw]=[-0.891329 -0.017934 2.110692]
[rf2o_laser_odometry_node-5] [INFO] [1771096658.207632754] [rf2o_laser_odometry]: Robot-base odom [x,y,yaw]=[-0.839925 -0.103710 2.110692]
[rf2o_laser_odometry_node-5] [WARN] [1771096658.239602734] [rf2o_laser_odometry]: Waiting for laser_scans....
[rf2o_laser_odometry_node-5] [INFO] [1771096658.303504894] [rf2o_laser_odometry]: execution time (ms): 20.000000
[rf2o_laser_odometry_node-5] [INFO] [1771096658.304639794] [rf2o_laser_odometry]: Laser odom [x,y,yaw]=[-0.897560 -0.013831 2.124932]
[rf2o_laser_odometry_node-5] [INFO] [1771096658.305644284] [rf2o_laser_odometry]: Robot-base odom [x,y,yaw]=[-0.844939 -0.098867 2.124932]
[rf2o_laser_odometry_node-5] [WARN] [1771096658.337244994] [rf2o_laser_odometry]: Waiting for laser_scans....
[rf2o_laser_odometry_node-5] [WARN] [1771096658.387033084] [rf2o_laser_odometry]: Waiting for laser_scans....
[rf2o_laser_odometry_node-5] [INFO] [1771096658.455075694] [rf2o_laser_odometry]: execution time (ms): 12.000000
[rf2o_laser_odometry_node-5] [INFO] [1771096658.455207634] [rf2o_laser_odometry]: Laser odom [x,y,yaw]=[-0.903898 -0.009743 2.139309]
[rf2o_laser_odometry_node-5] [INFO] [1771096658.455234544] [rf2o_laser_odometry]: Robot-base odom [x,y,yaw]=[-0.850060 -0.094013 2.139309]
[rf2o_laser_odometry_node-5] [WARN] [1771096658.487444194] [rf2o_laser_odometry]: Waiting for laser_scans....
[rf2o_laser_odometry_node-5] [INFO] [1771096658.557784954] [rf2o_laser_odometry]: execution time (ms): 20.000000
[rf2o_laser_odometry_node-5] [INFO] [1771096658.557980524] [rf2o_laser_odometry]: Laser odom [x,y,yaw]=[-0.910293 -0.005752 2.153708]
[rf2o_laser_odometry_node-5] [INFO] [1771096658.558047844] [rf2o_laser_odometry]: Robot-base odom [x,y,yaw]=[-0.855248 -0.089239 2.153708]
[rf2o_laser_odometry_node-5] [WARN] [1771096658.586968804] [rf2o_laser_odometry]: Waiting for laser_scans....
[rf2o_laser_odometry_node-5] [INFO] [1771096658.649864944] [rf2o_laser_odometry]: execution time (ms): 16.000000
[rf2o_laser_odometry_node-5] [INFO] [1771096658.650818854] [rf2o_laser_odometry]: Laser odom [x,y,yaw]=[-0.916773 -0.001808 2.168155]
[rf2o_laser_odometry_node-5] [INFO] [1771096658.650884194] [rf2o_laser_odometry]: Robot-base odom [x,y,yaw]=[-0.860527 -0.084490 2.168155]
[rf2o_laser_odometry_node-5] [WARN] [1771096658.686961054] [rf2o_laser_odometry]: Waiting for laser_scans....
[rf2o_laser_odometry_node-5] [INFO] [1771096658.754884144] [rf2o_laser_odometry]: execution time (ms): 16.000000
[rf2o_laser_odometry_node-5] [INFO] [1771096658.755059104] [rf2o_laser_odometry]: Laser odom [x,y,yaw]=[-0.923368 0.002092 2.182653]
[rf2o_laser_odometry_node-5] [INFO] [1771096658.755099514] [rf2o_laser_odometry]: Robot-base odom [x,y,yaw]=[-0.865929 -0.079766 2.182653]
[rf2o_laser_odometry_node-5] [WARN] [1771096658.788728104] [rf2o_laser_odometry]: Waiting for laser_scans....
[rf2o_laser_odometry_node-5] [INFO] [1771096658.853136334] [rf2o_laser_odometry]: execution time (ms): 8.000000
[rf2o_laser_odometry_node-5] [INFO] [1771096658.854137944] [rf2o_laser_odometry]: Laser odom [x,y,yaw]=[-0.929966 0.005841 2.197142]
[rf2o_laser_odometry_node-5] [INFO] [1771096658.854582814] [rf2o_laser_odometry]: Robot-base odom [x,y,yaw]=[-0.871348 -0.075177 2.197142]
[rf2o_laser_odometry_node-5] [WARN] [1771096658.886895604] [rf2o_laser_odometry]: Waiting for laser_scans....
[rf2o_laser_odometry_node-5] [INFO] [1771096658.956400174] [rf2o_laser_odometry]: execution time (ms): 20.000000
[rf2o_laser_odometry_node-5] [INFO] [1771096658.956729304] [rf2o_laser_odometry]: Laser odom [x,y,yaw]=[-0.936659 0.009518 2.211668]
[rf2o_laser_odometry_node-5] [INFO] [1771096658.956784654] [rf2o_laser_odometry]: Robot-base odom [x,y,yaw]=[-0.876869 -0.070640 2.211668]
[rf2o_laser_odometry_node-5] [WARN] [1771096658.986912514] [rf2o_laser_odometry]: Waiting for laser_scans....
[rf2o_laser_odometry_node-5] [INFO] [1771096659.052569314] [rf2o_laser_odometry]: execution time (ms): 16.000000
[rf2o_laser_odometry_node-5] [INFO] [1771096659.052755884] [rf2o_laser_odometry]: Laser odom [x,y,yaw]=[-0.943500 0.013146 2.226235]
[rf2o_laser_odometry_node-5] [INFO] [1771096659.052807184] [rf2o_laser_odometry]: Robot-base odom [x,y,yaw]=[-0.882550 -0.066132 2.226235]
[rf2o_laser_odometry_node-5] [WARN] [1771096659.087014654] [rf2o_laser_odometry]: Waiting for laser_scans....
[rf2o_laser_odometry_node-5] [INFO] [1771096659.153361304] [rf2o_laser_odometry]: execution time (ms): 16.000000
[rf2o_laser_odometry_node-5] [INFO] [1771096659.153533024] [rf2o_laser_odometry]: Laser odom [x,y,yaw]=[-0.950535 0.016718 2.240793]
[rf2o_laser_odometry_node-5] [INFO] [1771096659.153573074] [rf2o_laser_odometry]: Robot-base odom [x,y,yaw]=[-0.888437 -0.061664 2.240793]
[rf2o_laser_odometry_node-5] [WARN] [1771096659.186872984] [rf2o_laser_odometry]: Waiting for laser_scans....
[rf2o_laser_odometry_node-5] [INFO] [1771096659.258385454] [rf2o_laser_odometry]: execution time (ms): 16.000000
[rf2o_laser_odometry_node-5] [INFO] [1771096659.259732484] [rf2o_laser_odometry]: Laser odom [x,y,yaw]=[-0.957731 0.020250 2.255377]
[rf2o_laser_odometry_node-5] [INFO] [1771096659.260954504] [rf2o_laser_odometry]: Robot-base odom [x,y,yaw]=[-0.894496 -0.057218 2.255377]
[rf2o_laser_odometry_node-5] [WARN] [1771096659.286984844] [rf2o_laser_odometry]: Waiting for laser_scans....
[rf2o_laser_odometry_node-5] [WARN] [1771096659.336897044] [rf2o_laser_odometry]: Waiting for laser_scans....
[rf2o_laser_odometry_node-5] [INFO] [1771096659.399646124] [rf2o_laser_odometry]: execution time (ms): 8.000000
[rf2o_laser_odometry_node-5] [INFO] [1771096659.399804794] [rf2o_laser_odometry]: Laser odom [x,y,yaw]=[-0.964943 0.023659 2.269968]
[rf2o_laser_odometry_node-5] [INFO] [1771096659.399860684] [rf2o_laser_odometry]: Robot-base odom [x,y,yaw]=[-0.900585 -0.052879 2.269968]
[rf2o_laser_odometry_node-5] [WARN] [1771096659.437197274] [rf2o_laser_odometry]: Waiting for laser_scans....
[rf2o_laser_odometry_node-5] [INFO] [1771096659.504746144] [rf2o_laser_odometry]: execution time (ms): 16.000000
[rf2o_laser_odometry_node-5] [INFO] [1771096659.505870964] [rf2o_laser_odometry]: Laser odom [x,y,yaw]=[-0.972677 0.027211 2.285405]
[rf2o_laser_odometry_node-5] [INFO] [1771096659.506776544] [rf2o_laser_odometry]: Robot-base odom [x,y,yaw]=[-0.907145 -0.048324 2.285405]
[rf2o_laser_odometry_node-5] [WARN] [1771096659.539825894] [rf2o_laser_odometry]: Waiting for laser_scans....
[rf2o_laser_odometry_node-5] [INFO] [1771096659.602944694] [rf2o_laser_odometry]: execution time (ms): 8.000000
[rf2o_laser_odometry_node-5] [INFO] [1771096659.603982574] [rf2o_laser_odometry]: Laser odom [x,y,yaw]=[-0.980957 0.030929 2.301964]
[rf2o_laser_odometry_node-5] [INFO] [1771096659.604085894] [rf2o_laser_odometry]: Robot-base odom [x,y,yaw]=[-0.914183 -0.043511 2.301964]
[rf2o_laser_odometry_node-5] [WARN] [1771096659.637194554] [rf2o_laser_odometry]: Waiting for laser_scans....
[rf2o_laser_odometry_node-5] [WARN] [1771096659.686883104] [rf2o_laser_odometry]: Waiting for laser_scans....
[rf2o_laser_odometry_node-5] [INFO] [1771096659.752022944] [rf2o_laser_odometry]: execution time (ms): 12.000000
[rf2o_laser_odometry_node-5] [INFO] [1771096659.755301914] [rf2o_laser_odometry]: Laser odom [x,y,yaw]=[-0.989271 0.034479 2.318400]
[rf2o_laser_odometry_node-5] [INFO] [1771096659.756943874] [rf2o_laser_odometry]: Robot-base odom [x,y,yaw]=[-0.921283 -0.038853 2.318400]
[rf2o_laser_odometry_node-5] [WARN] [1771096659.787025384] [rf2o_laser_odometry]: Waiting for laser_scans....
[rf2o_laser_odometry_node-5] [INFO] [1771096659.859905854] [rf2o_laser_odometry]: execution time (ms): 24.000000
[rf2o_laser_odometry_node-5] [INFO] [1771096659.860120954] [rf2o_laser_odometry]: Laser odom [x,y,yaw]=[-0.997519 0.037800 2.334671]
[rf2o_laser_odometry_node-5] [INFO] [1771096659.860163704] [rf2o_laser_odometry]: Robot-base odom [x,y,yaw]=[-0.928346 -0.034416 2.334671]
[rf2o_laser_odometry_node-5] [WARN] [1771096659.888176114] [rf2o_laser_odometry]: Waiting for laser_scans....
[rf2o_laser_odometry_node-5] [INFO] [1771096659.951388964] [rf2o_laser_odometry]: execution time (ms): 12.000000
[rf2o_laser_odometry_node-5] [INFO] [1771096659.951663464] [rf2o_laser_odometry]: Laser odom [x,y,yaw]=[-1.005908 0.041060 2.351111]
[rf2o_laser_odometry_node-5] [INFO] [1771096659.951727724] [rf2o_laser_odometry]: Robot-base odom [x,y,yaw]=[-0.935558 -0.030009 2.351111]
[rf2o_laser_odometry_node-5] [WARN] [1771096659.987038684] [rf2o_laser_odometry]: Waiting for laser_scans....
[rf2o_laser_odometry_node-5] [INFO] [1771096660.050069554] [rf2o_laser_odometry]: execution time (ms): 12.000000
[rf2o_laser_odometry_node-5] [INFO] [1771096660.050274664] [rf2o_laser_odometry]: Laser odom [x,y,yaw]=[-1.014424 0.044224 2.367669]
[rf2o_laser_odometry_node-5] [INFO] [1771096660.050341894] [rf2o_laser_odometry]: Robot-base odom [x,y,yaw]=[-0.942907 -0.025670 2.367669]
[rf2o_laser_odometry_node-5] [WARN] [1771096660.086952364] [rf2o_laser_odometry]: Waiting for laser_scans....
[rf2o_laser_odometry_node-5] [INFO] [1771096660.153288304] [rf2o_laser_odometry]: execution time (ms): 16.000000
[rf2o_laser_odometry_node-5] [INFO] [1771096660.154572064] [rf2o_laser_odometry]: Laser odom [x,y,yaw]=[-1.023036 0.047286 2.384300]
[rf2o_laser_odometry_node-5] [INFO] [1771096660.155935564] [rf2o_laser_odometry]: Robot-base odom [x,y,yaw]=[-0.950366 -0.021409 2.384300]
[rf2o_laser_odometry_node-5] [WARN] [1771096660.186945964] [rf2o_laser_odometry]: Waiting for laser_scans....
[rf2o_laser_odometry_node-5] [INFO] [1771096660.247026814] [rf2o_laser_odometry]: execution time (ms): 8.000000
[rf2o_laser_odometry_node-5] [INFO] [1771096660.247148224] [rf2o_laser_odometry]: Laser odom [x,y,yaw]=[-1.031804 0.050265 2.401204]
[rf2o_laser_odometry_node-5] [INFO] [1771096660.247173154] [rf2o_laser_odometry]: Robot-base odom [x,y,yaw]=[-0.957984 -0.017193 2.401204]
[rf2o_laser_odometry_node-5] [WARN] [1771096660.286873864] [rf2o_laser_odometry]: Waiting for laser_scans....
[rf2o_laser_odometry_node-5] [INFO] [1771096660.355428394] [rf2o_laser_odometry]: execution time (ms): 12.000000
[rf2o_laser_odometry_node-5] [INFO] [1771096660.355990174] [rf2o_laser_odometry]: Laser odom [x,y,yaw]=[-1.040619 0.053092 2.418129]
[rf2o_laser_odometry_node-5] [INFO] [1771096660.356082874] [rf2o_laser_odometry]: Robot-base odom [x,y,yaw]=[-0.965668 -0.013107 2.418129]
[rf2o_laser_odometry_node-5] [WARN] [1771096660.386914084] [rf2o_laser_odometry]: Waiting for laser_scans....
[rf2o_laser_odometry_node-5] [INFO] [1771096660.450894994] [rf2o_laser_odometry]: execution time (ms): 16.000000
[rf2o_laser_odometry_node-5] [INFO] [1771096660.451781224] [rf2o_laser_odometry]: Laser odom [x,y,yaw]=[-1.049353 0.055708 2.434810]
[rf2o_laser_odometry_node-5] [INFO] [1771096660.451870414] [rf2o_laser_odometry]: Robot-base odom [x,y,yaw]=[-0.973308 -0.009231 2.434810]
[rf2o_laser_odometry_node-5] [WARN] [1771096660.486852154] [rf2o_laser_odometry]: Waiting for laser_scans....
[rf2o_laser_odometry_node-5] [INFO] [1771096660.551013784] [rf2o_laser_odometry]: execution time (ms): 12.000000
[rf2o_laser_odometry_node-5] [INFO] [1771096660.551182984] [rf2o_laser_odometry]: Laser odom [x,y,yaw]=[-1.057036 0.057689 2.449580]
[rf2o_laser_odometry_node-5] [INFO] [1771096660.551221594] [rf2o_laser_odometry]: Robot-base odom [x,y,yaw]=[-0.980039 -0.006120 2.449580]
[rf2o_laser_odometry_node-5] [WARN] [1771096660.586901554] [rf2o_laser_odometry]: Waiting for laser_scans....
[rf2o_laser_odometry_node-5] [INFO] [1771096660.654077374] [rf2o_laser_odometry]: execution time (ms): 16.000000
[rf2o_laser_odometry_node-5] [INFO] [1771096660.654385354] [rf2o_laser_odometry]: Laser odom [x,y,yaw]=[-1.064313 0.059394 2.463635]
[rf2o_laser_odometry_node-5] [INFO] [1771096660.654427924] [rf2o_laser_odometry]: Robot-base odom [x,y,yaw]=[-0.986428 -0.003326 2.463635]
[rf2o_laser_odometry_node-5] [WARN] [1771096660.689494804] [rf2o_laser_odometry]: Waiting for laser_scans....
[rf2o_laser_odometry_node-5] [INFO] [1771096660.754183384] [rf2o_laser_odometry]: execution time (ms): 12.000000
[rf2o_laser_odometry_node-5] [INFO] [1771096660.756260314] [rf2o_laser_odometry]: Laser odom [x,y,yaw]=[-1.072510 0.061380 2.478924]
[rf2o_laser_odometry_node-5] [INFO] [1771096660.757432294] [rf2o_laser_odometry]: Robot-base odom [x,y,yaw]=[-0.993674 -0.000143 2.478924]
[rf2o_laser_odometry_node-5] [WARN] [1771096660.788752294] [rf2o_laser_odometry]: Waiting for laser_scans....
[rf2o_laser_odometry_node-5] [INFO] [1771096660.848372974] [rf2o_laser_odometry]: execution time (ms): 12.000000
[rf2o_laser_odometry_node-5] [INFO] [1771096660.848534344] [rf2o_laser_odometry]: Laser odom [x,y,yaw]=[-1.082102 0.063684 2.497402]
[rf2o_laser_odometry_node-5] [INFO] [1771096660.848565214] [rf2o_laser_odometry]: Robot-base odom [x,y,yaw]=[-1.002143 0.003629 2.497402]
[rf2o_laser_odometry_node-5] [WARN] [1771096660.887004484] [rf2o_laser_odometry]: Waiting for laser_scans....
[rf2o_laser_odometry_node-5] [INFO] [1771096660.948619294] [rf2o_laser_odometry]: execution time (ms): 12.000000
[rf2o_laser_odometry_node-5] [INFO] [1771096660.948753304] [rf2o_laser_odometry]: Laser odom [x,y,yaw]=[-1.091811 0.065824 2.516976]
[rf2o_laser_odometry_node-5] [INFO] [1771096660.948779044] [rf2o_laser_odometry]: Robot-base odom [x,y,yaw]=[-1.010692 0.007346 2.516976]
[rf2o_laser_odometry_node-5] [WARN] [1771096660.987317764] [rf2o_laser_odometry]: Waiting for laser_scans....
[rf2o_laser_odometry_node-5] [INFO] [1771096661.047280084] [rf2o_laser_odometry]: execution time (ms): 12.000000
[rf2o_laser_odometry_node-5] [INFO] [1771096661.047407704] [rf2o_laser_odometry]: Laser odom [x,y,yaw]=[-1.101541 0.067792 2.536617]
[rf2o_laser_odometry_node-5] [INFO] [1771096661.047432454] [rf2o_laser_odometry]: Robot-base odom [x,y,yaw]=[-1.019290 0.010918 2.536617]
[rf2o_laser_odometry_node-5] [WARN] [1771096661.086862084] [rf2o_laser_odometry]: Waiting for laser_scans....
[rf2o_laser_odometry_node-5] [INFO] [1771096661.148404624] [rf2o_laser_odometry]: execution time (ms): 12.000000
[rf2o_laser_odometry_node-5] [INFO] [1771096661.148556004] [rf2o_laser_odometry]: Laser odom [x,y,yaw]=[-1.111318 0.069578 2.556377]
[rf2o_laser_odometry_node-5] [INFO] [1771096661.148609284] [rf2o_laser_odometry]: Robot-base odom [x,y,yaw]=[-1.027959 0.014340 2.556377]
[rf2o_laser_odometry_node-5] [WARN] [1771096661.186890424] [rf2o_laser_odometry]: Waiting for laser_scans....
[rf2o_laser_odometry_node-5] [INFO] [1771096661.248158914] [rf2o_laser_odometry]: execution time (ms): 12.000000
[rf2o_laser_odometry_node-5] [INFO] [1771096661.248289054] [rf2o_laser_odometry]: Laser odom [x,y,yaw]=[-1.121099 0.071179 2.574989]
[rf2o_laser_odometry_node-5] [INFO] [1771096661.248314704] [rf2o_laser_odometry]: Robot-base odom [x,y,yaw]=[-1.036726 0.017502 2.574989]
[rf2o_laser_odometry_node-5] [WARN] [1771096661.286995624] [rf2o_laser_odometry]: Waiting for laser_scans....
[rf2o_laser_odometry_node-5] [INFO] [1771096661.349894554] [rf2o_laser_odometry]: execution time (ms): 12.000000
[rf2o_laser_odometry_node-5] [INFO] [1771096661.350057274] [rf2o_laser_odometry]: Laser odom [x,y,yaw]=[-1.130931 0.072544 2.593701]
[rf2o_laser_odometry_node-5] [INFO] [1771096661.350096244] [rf2o_laser_odometry]: Robot-base odom [x,y,yaw]=[-1.045568 0.020455 2.593701]
[rf2o_laser_odometry_node-5] [WARN] [1771096661.386887164] [rf2o_laser_odometry]: Waiting for laser_scans....
[rf2o_laser_odometry_node-5] [INFO] [1771096661.447751284] [rf2o_laser_odometry]: execution time (ms): 8.000000
[rf2o_laser_odometry_node-5] [INFO] [1771096661.447921384] [rf2o_laser_odometry]: Laser odom [x,y,yaw]=[-1.140895 0.073737 2.613132]
[rf2o_laser_odometry_node-5] [INFO] [1771096661.447969714] [rf2o_laser_odometry]: Robot-base odom [x,y,yaw]=[-1.054537 0.023316 2.613132]
[rf2o_laser_odometry_node-5] [WARN] [1771096661.486941334] [rf2o_laser_odometry]: Waiting for laser_scans....
[rf2o_laser_odometry_node-5] [INFO] [1771096661.551587614] [rf2o_laser_odometry]: execution time (ms): 16.000000
[rf2o_laser_odometry_node-5] [INFO] [1771096661.552644574] [rf2o_laser_odometry]: Laser odom [x,y,yaw]=[-1.150902 0.074756 2.632439]
[rf2o_laser_odometry_node-5] [INFO] [1771096661.553568064] [rf2o_laser_odometry]: Robot-base odom [x,y,yaw]=[-1.063586 0.026012 2.632439]
[rf2o_laser_odometry_node-5] [WARN] [1771096661.586937724] [rf2o_laser_odometry]: Waiting for laser_scans....
[rf2o_laser_odometry_node-5] [WARN] [1771096661.636922734] [rf2o_laser_odometry]: Waiting for laser_scans....
[rf2o_laser_odometry_node-5] [INFO] [1771096661.698517744] [rf2o_laser_odometry]: execution time (ms): 12.000000
[rf2o_laser_odometry_node-5] [INFO] [1771096661.698755974] [rf2o_laser_odometry]: Laser odom [x,y,yaw]=[-1.160920 0.075763 2.651706]
[rf2o_laser_odometry_node-5] [INFO] [1771096661.698800704] [rf2o_laser_odometry]: Robot-base odom [x,y,yaw]=[-1.072682 0.028711 2.651706]
[rf2o_laser_odometry_node-5] [WARN] [1771096661.736859994] [rf2o_laser_odometry]: Waiting for laser_scans....
[rf2o_laser_odometry_node-5] [INFO] [1771096661.798116874] [rf2o_laser_odometry]: execution time (ms): 12.000000
[rf2o_laser_odometry_node-5] [INFO] [1771096661.798296064] [rf2o_laser_odometry]: Laser odom [x,y,yaw]=[-1.171042 0.076447 2.671423]
[rf2o_laser_odometry_node-5] [INFO] [1771096661.798335844] [rf2o_laser_odometry]: Robot-base odom [x,y,yaw]=[-1.081893 0.031144 2.671423]
[rf2o_laser_odometry_node-5] [WARN] [1771096661.836838744] [rf2o_laser_odometry]: Waiting for laser_scans....
[rf2o_laser_odometry_node-5] [INFO] [1771096661.897176454] [rf2o_laser_odometry]: execution time (ms): 8.000000
[rf2o_laser_odometry_node-5] [INFO] [1771096661.897301464] [rf2o_laser_odometry]: Laser odom [x,y,yaw]=[-1.181223 0.076951 2.691407]
[rf2o_laser_odometry_node-5] [INFO] [1771096661.897325674] [rf2o_laser_odometry]: Robot-base odom [x,y,yaw]=[-1.091186 0.033437 2.691407]
[rf2o_laser_odometry_node-5] [WARN] [1771096661.936842604] [rf2o_laser_odometry]: Waiting for laser_scans....
[rf2o_laser_odometry_node-5] [INFO] [1771096661.998422314] [rf2o_laser_odometry]: execution time (ms): 12.000000
[rf2o_laser_odometry_node-5] [INFO] [1771096661.998560374] [rf2o_laser_odometry]: Laser odom [x,y,yaw]=[-1.191415 0.077192 2.712135]
[rf2o_laser_odometry_node-5] [INFO] [1771096661.998618604] [rf2o_laser_odometry]: Robot-base odom [x,y,yaw]=[-1.100496 0.035554 2.712135]
[rf2o_laser_odometry_node-5] [WARN] [1771096662.037030694] [rf2o_laser_odometry]: Waiting for laser_scans....
[rf2o_laser_odometry_node-5] [INFO] [1771096662.097360214] [rf2o_laser_odometry]: execution time (ms): 12.000000
[rf2o_laser_odometry_node-5] [INFO] [1771096662.097546424] [rf2o_laser_odometry]: Laser odom [x,y,yaw]=[-1.201900 0.076937 2.735461]
[rf2o_laser_odometry_node-5] [INFO] [1771096662.097587284] [rf2o_laser_odometry]: Robot-base odom [x,y,yaw]=[-1.110034 0.037431 2.735461]
[rf2o_laser_odometry_node-5] [WARN] [1771096662.136946804] [rf2o_laser_odometry]: Waiting for laser_scans....
[rf2o_laser_odometry_node-5] [INFO] [1771096662.199086314] [rf2o_laser_odometry]: execution time (ms): 12.000000
[rf2o_laser_odometry_node-5] [INFO] [1771096662.199210514] [rf2o_laser_odometry]: Laser odom [x,y,yaw]=[-1.212053 0.076072 2.760215]
[rf2o_laser_odometry_node-5] [INFO] [1771096662.199236344] [rf2o_laser_odometry]: Robot-base odom [x,y,yaw]=[-1.119238 0.038852 2.760215]
[rf2o_laser_odometry_node-5] [WARN] [1771096662.236867684] [rf2o_laser_odometry]: Waiting for laser_scans....
[rf2o_laser_odometry_node-5] [INFO] [1771096662.298294574] [rf2o_laser_odometry]: execution time (ms): 12.000000
[rf2o_laser_odometry_node-5] [INFO] [1771096662.298423994] [rf2o_laser_odometry]: Laser odom [x,y,yaw]=[-1.222177 0.074876 2.785111]
[rf2o_laser_odometry_node-5] [INFO] [1771096662.298448834] [rf2o_laser_odometry]: Robot-base odom [x,y,yaw]=[-1.128463 0.039978 2.785111]
[rf2o_laser_odometry_node-5] [WARN] [1771096662.336888284] [rf2o_laser_odometry]: Waiting for laser_scans....
[rf2o_laser_odometry_node-5] [INFO] [1771096662.398947244] [rf2o_laser_odometry]: execution time (ms): 12.000000
[rf2o_laser_odometry_node-5] [INFO] [1771096662.399569774] [rf2o_laser_odometry]: Laser odom [x,y,yaw]=[-1.232354 0.073383 2.810316]
[rf2o_laser_odometry_node-5] [INFO] [1771096662.399621974] [rf2o_laser_odometry]: Robot-base odom [x,y,yaw]=[-1.137791 0.040858 2.810316]
[rf2o_laser_odometry_node-5] [WARN] [1771096662.436877474] [rf2o_laser_odometry]: Waiting for laser_scans....
[rf2o_laser_odometry_node-5] [INFO] [1771096662.499670294] [rf2o_laser_odometry]: execution time (ms): 16.000000
[rf2o_laser_odometry_node-5] [INFO] [1771096662.499834004] [rf2o_laser_odometry]: Laser odom [x,y,yaw]=[-1.242768 0.071724 2.835964]
[rf2o_laser_odometry_node-5] [INFO] [1771096662.499878914] [rf2o_laser_odometry]: Robot-base odom [x,y,yaw]=[-1.147402 0.041635 2.835964]
[rf2o_laser_odometry_node-5] [WARN] [1771096662.536873504] [rf2o_laser_odometry]: Waiting for laser_scans....
[rf2o_laser_odometry_node-5] [INFO] [1771096662.597411464] [rf2o_laser_odometry]: execution time (ms): 8.000000
[rf2o_laser_odometry_node-5] [INFO] [1771096662.597601004] [rf2o_laser_odometry]: Laser odom [x,y,yaw]=[-1.253015 0.069417 2.861846]
[rf2o_laser_odometry_node-5] [INFO] [1771096662.597653474] [rf2o_laser_odometry]: Robot-base odom [x,y,yaw]=[-1.156902 0.041806 2.861846]
[rf2o_laser_odometry_node-5] [WARN] [1771096662.636854594] [rf2o_laser_odometry]: Waiting for laser_scans....
[rf2o_laser_odometry_node-5] [INFO] [1771096662.700583324] [rf2o_laser_odometry]: execution time (ms): 8.000000
[rf2o_laser_odometry_node-5] [INFO] [1771096662.700828844] [rf2o_laser_odometry]: Laser odom [x,y,yaw]=[-1.263309 0.066703 2.888049]
[rf2o_laser_odometry_node-5] [INFO] [1771096662.700878074] [rf2o_laser_odometry]: Robot-base odom [x,y,yaw]=[-1.166506 0.041620 2.888049]
[rf2o_laser_odometry_node-5] [WARN] [1771096662.736930184] [rf2o_laser_odometry]: Waiting for laser_scans....
[rf2o_laser_odometry_node-5] [INFO] [1771096662.803999084] [rf2o_laser_odometry]: execution time (ms): 16.000000
[rf2o_laser_odometry_node-5] [INFO] [1771096662.806375984] [rf2o_laser_odometry]: Laser odom [x,y,yaw]=[-1.273687 0.063545 2.914563]
[rf2o_laser_odometry_node-5] [INFO] [1771096662.806448524] [rf2o_laser_odometry]: Robot-base odom [x,y,yaw]=[-1.176253 0.041036 2.914563]
[rf2o_laser_odometry_node-5] [WARN] [1771096662.837073004] [rf2o_laser_odometry]: Waiting for laser_scans....
[rf2o_laser_odometry_node-5] [INFO] [1771096662.897843344] [rf2o_laser_odometry]: execution time (ms): 12.000000
[rf2o_laser_odometry_node-5] [INFO] [1771096662.898937654] [rf2o_laser_odometry]: Laser odom [x,y,yaw]=[-1.284104 0.059961 2.940741]
[rf2o_laser_odometry_node-5] [INFO] [1771096662.899029634] [rf2o_laser_odometry]: Robot-base odom [x,y,yaw]=[-1.186114 0.040011 2.940741]
[rf2o_laser_odometry_node-5] [WARN] [1771096662.936807764] [rf2o_laser_odometry]: Waiting for laser_scans....
[rf2o_laser_odometry_node-5] [WARN] [1771096662.986961074] [rf2o_laser_odometry]: Waiting for laser_scans....
[rf2o_laser_odometry_node-5] [INFO] [1771096663.049701784] [rf2o_laser_odometry]: execution time (ms): 12.000000
[rf2o_laser_odometry_node-5] [INFO] [1771096663.049853254] [rf2o_laser_odometry]: Laser odom [x,y,yaw]=[-1.294532 0.056041 2.967318]
[rf2o_laser_odometry_node-5] [INFO] [1771096663.049896094] [rf2o_laser_odometry]: Robot-base odom [x,y,yaw]=[-1.196047 0.038702 2.967318]
[rf2o_laser_odometry_node-5] [INFO] [1771096663.098437234] [rf2o_laser_odometry]: execution time (ms): 12.000000
[rf2o_laser_odometry_node-5] [INFO] [1771096663.098593564] [rf2o_laser_odometry]: Laser odom [x,y,yaw]=[-1.305184 0.051777 2.994125]
[rf2o_laser_odometry_node-5] [INFO] [1771096663.098635234] [rf2o_laser_odometry]: Robot-base odom [x,y,yaw]=[-1.206270 0.037084 2.994125]
[rf2o_laser_odometry_node-5] [WARN] [1771096663.136919434] [rf2o_laser_odometry]: Waiting for laser_scans....
[rf2o_laser_odometry_node-5] [INFO] [1771096663.198490504] [rf2o_laser_odometry]: execution time (ms): 12.000000
[rf2o_laser_odometry_node-5] [INFO] [1771096663.200294644] [rf2o_laser_odometry]: Laser odom [x,y,yaw]=[-1.316203 0.047108 3.021396]
[rf2o_laser_odometry_node-5] [INFO] [1771096663.200364214] [rf2o_laser_odometry]: Robot-base odom [x,y,yaw]=[-1.216925 0.035117 3.021396]
[rf2o_laser_odometry_node-5] [WARN] [1771096663.236865784] [rf2o_laser_odometry]: Waiting for laser_scans....
[rf2o_laser_odometry_node-5] [INFO] [1771096663.299574724] [rf2o_laser_odometry]: execution time (ms): 12.000000
[rf2o_laser_odometry_node-5] [INFO] [1771096663.300380764] [rf2o_laser_odometry]: Laser odom [x,y,yaw]=[-1.329510 0.041743 3.051827]
[rf2o_laser_odometry_node-5] [INFO] [1771096663.301135594] [rf2o_laser_odometry]: Robot-base odom [x,y,yaw]=[-1.229913 0.032778 3.051827]
[rf2o_laser_odometry_node-5] [WARN] [1771096663.336870184] [rf2o_laser_odometry]: Waiting for laser_scans....
[rf2o_laser_odometry_node-5] [INFO] [1771096663.405832414] [rf2o_laser_odometry]: execution time (ms): 16.000000
[rf2o_laser_odometry_node-5] [INFO] [1771096663.405979474] [rf2o_laser_odometry]: Laser odom [x,y,yaw]=[-1.344264 0.035662 3.084727]
[rf2o_laser_odometry_node-5] [INFO] [1771096663.406017634] [rf2o_laser_odometry]: Robot-base odom [x,y,yaw]=[-1.244426 0.029978 3.084727]
[rf2o_laser_odometry_node-5] [WARN] [1771096663.436917064] [rf2o_laser_odometry]: Waiting for laser_scans....
[rf2o_laser_odometry_node-5] [WARN] [1771096663.486922954] [rf2o_laser_odometry]: Waiting for laser_scans....
[rf2o_laser_odometry_node-5] [WARN] [1771096663.536832184] [rf2o_laser_odometry]: Waiting for laser_scans....
[rf2o_laser_odometry_node-5] [INFO] [1771096663.598110124] [rf2o_laser_odometry]: execution time (ms): 12.000000
[rf2o_laser_odometry_node-5] [INFO] [1771096663.598300294] [rf2o_laser_odometry]: Laser odom [x,y,yaw]=[-1.374226 0.022368 -3.129251]
[rf2o_laser_odometry_node-5] [INFO] [1771096663.598351504] [rf2o_laser_odometry]: Robot-base odom [x,y,yaw]=[-1.274234 0.023602 -3.129251]
[rf2o_laser_odometry_node-5] [WARN] [1771096663.636882394] [rf2o_laser_odometry]: Waiting for laser_scans....
[rf2o_laser_odometry_node-5] [INFO] [1771096663.697945954] [rf2o_laser_odometry]: execution time (ms): 8.000000
[rf2o_laser_odometry_node-5] [INFO] [1771096663.699509614] [rf2o_laser_odometry]: Laser odom [x,y,yaw]=[-1.390405 0.014915 -3.094950]
[rf2o_laser_odometry_node-5] [INFO] [1771096663.699604654] [rf2o_laser_odometry]: Robot-base odom [x,y,yaw]=[-1.290514 0.019578 -3.094950]
[rf2o_laser_odometry_node-5] [WARN] [1771096663.736866634] [rf2o_laser_odometry]: Waiting for laser_scans....
[rf2o_laser_odometry_node-5] [INFO] [1771096663.800027374] [rf2o_laser_odometry]: execution time (ms): 12.000000
[rf2o_laser_odometry_node-5] [INFO] [1771096663.800332024] [rf2o_laser_odometry]: Laser odom [x,y,yaw]=[-1.407157 0.006503 -3.057125]
[rf2o_laser_odometry_node-5] [INFO] [1771096663.800371174] [rf2o_laser_odometry]: Robot-base odom [x,y,yaw]=[-1.307513 0.014940 -3.057125]
[rf2o_laser_odometry_node-5] [WARN] [1771096663.836903074] [rf2o_laser_odometry]: Waiting for laser_scans....
[rf2o_laser_odometry_node-5] [INFO] [1771096663.900142384] [rf2o_laser_odometry]: execution time (ms): 16.000000
[rf2o_laser_odometry_node-5] [INFO] [1771096663.901176574] [rf2o_laser_odometry]: Laser odom [x,y,yaw]=[-1.423680 -0.003229 -3.018573]
[rf2o_laser_odometry_node-5] [INFO] [1771096663.901256044] [rf2o_laser_odometry]: Robot-base odom [x,y,yaw]=[-1.324436 0.009042 -3.018573]
[rf2o_laser_odometry_node-5] [WARN] [1771096663.938498404] [rf2o_laser_odometry]: Waiting for laser_scans....
[rf2o_laser_odometry_node-5] [INFO] [1771096663.997451014] [rf2o_laser_odometry]: execution time (ms): 12.000000
[rf2o_laser_odometry_node-5] [INFO] [1771096663.998567824] [rf2o_laser_odometry]: Laser odom [x,y,yaw]=[-1.440698 -0.014413 -2.976634]
[rf2o_laser_odometry_node-5] [INFO] [1771096663.998635054] [rf2o_laser_odometry]: Robot-base odom [x,y,yaw]=[-1.342055 0.002009 -2.976634]
[rf2o_laser_odometry_node-5] [WARN] [1771096664.036886944] [rf2o_laser_odometry]: Waiting for laser_scans....
[rf2o_laser_odometry_node-5] [WARN] [1771096664.086931174] [rf2o_laser_odometry]: Waiting for laser_scans....
[rf2o_laser_odometry_node-5] [INFO] [1771096664.148187424] [rf2o_laser_odometry]: execution time (ms): 12.000000
[rf2o_laser_odometry_node-5] [INFO] [1771096664.148313964] [rf2o_laser_odometry]: Laser odom [x,y,yaw]=[-1.460562 -0.027335 -2.931858]
[rf2o_laser_odometry_node-5] [INFO] [1771096664.148339254] [rf2o_laser_odometry]: Robot-base odom [x,y,yaw]=[-1.362753 -0.006515 -2.931858]
[rf2o_laser_odometry_node-5] [WARN] [1771096664.186880404] [rf2o_laser_odometry]: Waiting for laser_scans....
[rf2o_laser_odometry_node-5] [INFO] [1771096664.252562944] [rf2o_laser_odometry]: execution time (ms): 16.000000
[rf2o_laser_odometry_node-5] [INFO] [1771096664.253572564] [rf2o_laser_odometry]: Laser odom [x,y,yaw]=[-1.481878 -0.042353 -2.885760]
[rf2o_laser_odometry_node-5] [INFO] [1771096664.254542314] [rf2o_laser_odometry]: Robot-base odom [x,y,yaw]=[-1.385133 -0.017048 -2.885760]
[rf2o_laser_odometry_node-5] [WARN] [1771096664.286889934] [rf2o_laser_odometry]: Waiting for laser_scans....
[rf2o_laser_odometry_node-5] [INFO] [1771096664.348129534] [rf2o_laser_odometry]: execution time (ms): 12.000000
[rf2o_laser_odometry_node-5] [INFO] [1771096664.348259494] [rf2o_laser_odometry]: Laser odom [x,y,yaw]=[-1.502866 -0.058599 -2.839880]
[rf2o_laser_odometry_node-5] [INFO] [1771096664.348285504] [rf2o_laser_odometry]: Robot-base odom [x,y,yaw]=[-1.407383 -0.028883 -2.839880]
[rf2o_laser_odometry_node-5] [WARN] [1771096664.386961924] [rf2o_laser_odometry]: Waiting for laser_scans....
[rf2o_laser_odometry_node-5] [INFO] [1771096664.449585814] [rf2o_laser_odometry]: execution time (ms): 12.000000
[rf2o_laser_odometry_node-5] [INFO] [1771096664.449721804] [rf2o_laser_odometry]: Laser odom [x,y,yaw]=[-1.523358 -0.075152 -2.795765]
[rf2o_laser_odometry_node-5] [INFO] [1771096664.449763024] [rf2o_laser_odometry]: Robot-base odom [x,y,yaw]=[-1.429279 -0.041254 -2.795765]
[rf2o_laser_odometry_node-5] [WARN] [1771096664.486873264] [rf2o_laser_odometry]: Waiting for laser_scans....
[rf2o_laser_odometry_node-5] [INFO] [1771096664.547445874] [rf2o_laser_odometry]: execution time (ms): 12.000000
[rf2o_laser_odometry_node-5] [INFO] [1771096664.547564584] [rf2o_laser_odometry]: Laser odom [x,y,yaw]=[-1.542879 -0.091498 -2.756990]
[rf2o_laser_odometry_node-5] [INFO] [1771096664.547588794] [rf2o_laser_odometry]: Robot-base odom [x,y,yaw]=[-1.450184 -0.053979 -2.756990]
[rf2o_laser_odometry_node-5] [WARN] [1771096664.586862724] [rf2o_laser_odometry]: Waiting for laser_scans....
[rf2o_laser_odometry_node-5] [INFO] [1771096664.648643854] [rf2o_laser_odometry]: execution time (ms): 12.000000
[rf2o_laser_odometry_node-5] [INFO] [1771096664.648793704] [rf2o_laser_odometry]: Laser odom [x,y,yaw]=[-1.561316 -0.108057 -2.723225]
[rf2o_laser_odometry_node-5] [INFO] [1771096664.648821514] [rf2o_laser_odometry]: Robot-base odom [x,y,yaw]=[-1.469941 -0.067430 -2.723225]
[rf2o_laser_odometry_node-5] [WARN] [1771096664.686873334] [rf2o_laser_odometry]: Waiting for laser_scans....
[rf2o_laser_odometry_node-5] [INFO] [1771096664.753968694] [rf2o_laser_odometry]: execution time (ms): 16.000000
[rf2o_laser_odometry_node-5] [INFO] [1771096664.754629384] [rf2o_laser_odometry]: Laser odom [x,y,yaw]=[-1.579817 -0.125108 -2.692594]
[rf2o_laser_odometry_node-5] [INFO] [1771096664.754686894] [rf2o_laser_odometry]: Robot-base odom [x,y,yaw]=[-1.489729 -0.081702 -2.692594]
[rf2o_laser_odometry_node-5] [WARN] [1771096664.788173824] [rf2o_laser_odometry]: Waiting for laser_scans....
[rf2o_laser_odometry_node-5] [INFO] [1771096664.848030214] [rf2o_laser_odometry]: execution time (ms): 8.000000
[rf2o_laser_odometry_node-5] [INFO] [1771096664.848293284] [rf2o_laser_odometry]: Laser odom [x,y,yaw]=[-1.598685 -0.141981 -2.665360]
[rf2o_laser_odometry_node-5] [INFO] [1771096664.848381574] [rf2o_laser_odometry]: Robot-base odom [x,y,yaw]=[-1.509812 -0.096137 -2.665360]
[rf2o_laser_odometry_node-5] [WARN] [1771096664.886891584] [rf2o_laser_odometry]: Waiting for laser_scans....
[rf2o_laser_odometry_node-5] [INFO] [1771096664.948572634] [rf2o_laser_odometry]: execution time (ms): 12.000000
[rf2o_laser_odometry_node-5] [INFO] [1771096664.949459494] [rf2o_laser_odometry]: Laser odom [x,y,yaw]=[-1.617392 -0.157926 -2.643431]
[rf2o_laser_odometry_node-5] [INFO] [1771096664.949521594] [rf2o_laser_odometry]: Robot-base odom [x,y,yaw]=[-1.529545 -0.110145 -2.643431]
[rf2o_laser_odometry_node-5] [WARN] [1771096664.986864754] [rf2o_laser_odometry]: Waiting for laser_scans....
[rf2o_laser_odometry_node-5] [INFO] [1771096665.047009414] [rf2o_laser_odometry]: execution time (ms): 8.000000
[rf2o_laser_odometry_node-5] [INFO] [1771096665.047134334] [rf2o_laser_odometry]: Laser odom [x,y,yaw]=[-1.635364 -0.173130 -2.629020]
[rf2o_laser_odometry_node-5] [INFO] [1771096665.047158454] [rf2o_laser_odometry]: Robot-base odom [x,y,yaw]=[-1.548215 -0.124088 -2.629020]
[rf2o_laser_odometry_node-5] [WARN] [1771096665.086845214] [rf2o_laser_odometry]: Waiting for laser_scans....
[rf2o_laser_odometry_node-5] [INFO] [1771096665.149038004] [rf2o_laser_odometry]: execution time (ms): 12.000000
[rf2o_laser_odometry_node-5] [INFO] [1771096665.149245094] [rf2o_laser_odometry]: Laser odom [x,y,yaw]=[-1.653975 -0.188572 -2.616916]
[rf2o_laser_odometry_node-5] [INFO] [1771096665.149290364] [rf2o_laser_odometry]: Robot-base odom [x,y,yaw]=[-1.567426 -0.138479 -2.616916]
[rf2o_laser_odometry_node-5] [WARN] [1771096665.186900374] [rf2o_laser_odometry]: Waiting for laser_scans....
[rf2o_laser_odometry_node-5] [INFO] [1771096665.253792604] [rf2o_laser_odometry]: execution time (ms): 16.000000
[rf2o_laser_odometry_node-5] [INFO] [1771096665.257510594] [rf2o_laser_odometry]: Laser odom [x,y,yaw]=[-1.672912 -0.203410 -2.609495]
[rf2o_laser_odometry_node-5] [INFO] [1771096665.257585294] [rf2o_laser_odometry]: Robot-base odom [x,y,yaw]=[-1.586738 -0.152676 -2.609495]
[rf2o_laser_odometry_node-5] [WARN] [1771096665.286837004] [rf2o_laser_odometry]: Waiting for laser_scans....
[rf2o_laser_odometry_node-5] [INFO] [1771096665.351939764] [rf2o_laser_odometry]: execution time (ms): 16.000000
[rf2o_laser_odometry_node-5] [INFO] [1771096665.352103744] [rf2o_laser_odometry]: Laser odom [x,y,yaw]=[-1.692133 -0.217368 -2.606754]
[rf2o_laser_odometry_node-5] [INFO] [1771096665.352142084] [rf2o_laser_odometry]: Robot-base odom [x,y,yaw]=[-1.606098 -0.166398 -2.606754]
[rf2o_laser_odometry_node-5] [WARN] [1771096665.387128234] [rf2o_laser_odometry]: Waiting for laser_scans....
[rf2o_laser_odometry_node-5] [INFO] [1771096665.449912954] [rf2o_laser_odometry]: execution time (ms): 12.000000
[rf2o_laser_odometry_node-5] [INFO] [1771096665.450055334] [rf2o_laser_odometry]: Laser odom [x,y,yaw]=[-1.711282 -0.230006 -2.610137]
[rf2o_laser_odometry_node-5] [INFO] [1771096665.450101144] [rf2o_laser_odometry]: Robot-base odom [x,y,yaw]=[-1.625075 -0.179327 -2.610137]
[rf2o_laser_odometry_node-5] [WARN] [1771096665.487009784] [rf2o_laser_odometry]: Waiting for laser_scans....
[rf2o_laser_odometry_node-5] [INFO] [1771096665.551881784] [rf2o_laser_odometry]: execution time (ms): 16.000000
[rf2o_laser_odometry_node-5] [INFO] [1771096665.552737414] [rf2o_laser_odometry]: Laser odom [x,y,yaw]=[-1.731088 -0.242389 -2.613431]
[rf2o_laser_odometry_node-5] [INFO] [1771096665.552805814] [rf2o_laser_odometry]: Robot-base odom [x,y,yaw]=[-1.644714 -0.191994 -2.613431]
[rf2o_laser_odometry_node-5] [WARN] [1771096665.586920224] [rf2o_laser_odometry]: Waiting for laser_scans....
[rf2o_laser_odometry_node-5] [WARN] [1771096665.636881114] [rf2o_laser_odometry]: Waiting for laser_scans....
[rf2o_laser_odometry_node-5] [WARN] [1771096665.686914184] [rf2o_laser_odometry]: Waiting for laser_scans....
[rf2o_laser_odometry_node-5] [INFO] [1771096665.750191204] [rf2o_laser_odometry]: execution time (ms): 12.000000
[rf2o_laser_odometry_node-5] [INFO] [1771096665.751138274] [rf2o_laser_odometry]: Laser odom [x,y,yaw]=[-1.771032 -0.264388 -2.631087]
[rf2o_laser_odometry_node-5] [INFO] [1771096665.751204694] [rf2o_laser_odometry]: Robot-base odom [x,y,yaw]=[-1.683782 -0.215526 -2.631087]
[rf2o_laser_odometry_node-5] [WARN] [1771096665.786959624] [rf2o_laser_odometry]: Waiting for laser_scans....
[rf2o_laser_odometry_node-5] [INFO] [1771096665.852460364] [rf2o_laser_odometry]: execution time (ms): 16.000000
[rf2o_laser_odometry_node-5] [INFO] [1771096665.854568974] [rf2o_laser_odometry]: Laser odom [x,y,yaw]=[-1.791494 -0.274443 -2.640748]
[rf2o_laser_odometry_node-5] [INFO] [1771096665.854648624] [rf2o_laser_odometry]: Robot-base odom [x,y,yaw]=[-1.703777 -0.226426 -2.640748]
[rf2o_laser_odometry_node-5] [WARN] [1771096665.886863674] [rf2o_laser_odometry]: Waiting for laser_scans....
[rf2o_laser_odometry_node-5] [INFO] [1771096665.948035504] [rf2o_laser_odometry]: execution time (ms): 4.000000
[rf2o_laser_odometry_node-5] [INFO] [1771096665.948161954] [rf2o_laser_odometry]: Laser odom [x,y,yaw]=[-1.812020 -0.283588 -2.652058]
[rf2o_laser_odometry_node-5] [INFO] [1771096665.948186614] [rf2o_laser_odometry]: Robot-base odom [x,y,yaw]=[-1.723765 -0.236567 -2.652058]
[rf2o_laser_odometry_node-5] [WARN] [1771096665.987007304] [rf2o_laser_odometry]: Waiting for laser_scans....
[rf2o_laser_odometry_node-5] [WARN] [1771096666.037230274] [rf2o_laser_odometry]: Waiting for laser_scans....
[rf2o_laser_odometry_node-5] [INFO] [1771096666.106987024] [rf2o_laser_odometry]: execution time (ms): 16.000000
[rf2o_laser_odometry_node-5] [INFO] [1771096666.108460504] [rf2o_laser_odometry]: Laser odom [x,y,yaw]=[-1.831309 -0.291556 -2.664029]
[rf2o_laser_odometry_node-5] [INFO] [1771096666.110287594] [rf2o_laser_odometry]: Robot-base odom [x,y,yaw]=[-1.742497 -0.245594 -2.664029]
[rf2o_laser_odometry_node-5] [WARN] [1771096666.137282554] [rf2o_laser_odometry]: Waiting for laser_scans....
[rf2o_laser_odometry_node-5] [INFO] [1771096666.203517154] [rf2o_laser_odometry]: execution time (ms): 4.000000
[rf2o_laser_odometry_node-5] [INFO] [1771096666.203829004] [rf2o_laser_odometry]: Laser odom [x,y,yaw]=[-1.849997 -0.298740 -2.676582]
[rf2o_laser_odometry_node-5] [INFO] [1771096666.203894074] [rf2o_laser_odometry]: Robot-base odom [x,y,yaw]=[-1.760616 -0.253897 -2.676582]
[rf2o_laser_odometry_node-5] [WARN] [1771096666.236885824] [rf2o_laser_odometry]: Waiting for laser_scans....
[rf2o_laser_odometry_node-5] [WARN] [1771096666.286913224] [rf2o_laser_odometry]: Waiting for laser_scans....
[rf2o_laser_odometry_node-5] [INFO] [1771096666.352847224] [rf2o_laser_odometry]: execution time (ms): 16.000000
[rf2o_laser_odometry_node-5] [INFO] [1771096666.353019574] [rf2o_laser_odometry]: Laser odom [x,y,yaw]=[-1.867815 -0.305130 -2.689103]
[rf2o_laser_odometry_node-5] [INFO] [1771096666.353065474] [rf2o_laser_odometry]: Robot-base odom [x,y,yaw]=[-1.777879 -0.261410 -2.689103]
[rf2o_laser_odometry_node-5] [WARN] [1771096666.387674164] [rf2o_laser_odometry]: Waiting for laser_scans....
[rf2o_laser_odometry_node-5] [INFO] [1771096666.449187544] [rf2o_laser_odometry]: execution time (ms): 12.000000
[rf2o_laser_odometry_node-5] [INFO] [1771096666.450764344] [rf2o_laser_odometry]: Laser odom [x,y,yaw]=[-1.884878 -0.310829 -2.701339]
[rf2o_laser_odometry_node-5] [INFO] [1771096666.450831394] [rf2o_laser_odometry]: Robot-base odom [x,y,yaw]=[-1.794413 -0.268212 -2.701339]
[rf2o_laser_odometry_node-5] [WARN] [1771096666.487009504] [rf2o_laser_odometry]: Waiting for laser_scans....
[rf2o_laser_odometry_node-5] [INFO] [1771096666.554221144] [rf2o_laser_odometry]: execution time (ms): 16.000000
[rf2o_laser_odometry_node-5] [INFO] [1771096666.554384044] [rf2o_laser_odometry]: Laser odom [x,y,yaw]=[-1.902076 -0.316135 -2.714049]
[rf2o_laser_odometry_node-5] [INFO] [1771096666.554412124] [rf2o_laser_odometry]: Robot-base odom [x,y,yaw]=[-1.811077 -0.274672 -2.714049]
[rf2o_laser_odometry_node-5] [WARN] [1771096666.587275984] [rf2o_laser_odometry]: Waiting for laser_scans....
[rf2o_laser_odometry_node-5] [INFO] [1771096666.650499994] [rf2o_laser_odometry]: execution time (ms): 16.000000
[rf2o_laser_odometry_node-5] [INFO] [1771096666.650683774] [rf2o_laser_odometry]: Laser odom [x,y,yaw]=[-1.918769 -0.320928 -2.725768]
[rf2o_laser_odometry_node-5] [INFO] [1771096666.650723824] [rf2o_laser_odometry]: Robot-base odom [x,y,yaw]=[-1.827291 -0.280533 -2.725768]
[rf2o_laser_odometry_node-5] [WARN] [1771096666.687091474] [rf2o_laser_odometry]: Waiting for laser_scans....
[rf2o_laser_odometry_node-5] [INFO] [1771096666.749640754] [rf2o_laser_odometry]: execution time (ms): 4.000000
[rf2o_laser_odometry_node-5] [INFO] [1771096666.749889064] [rf2o_laser_odometry]: Laser odom [x,y,yaw]=[-1.934804 -0.325918 -2.733731]
[rf2o_laser_odometry_node-5] [INFO] [1771096666.749972314] [rf2o_laser_odometry]: Robot-base odom [x,y,yaw]=[-1.843007 -0.286253 -2.733731]
[rf2o_laser_odometry_node-5] [WARN] [1771096666.786894994] [rf2o_laser_odometry]: Waiting for laser_scans....
[rf2o_laser_odometry_node-5] [INFO] [1771096666.848295514] [rf2o_laser_odometry]: execution time (ms): 8.000000
[rf2o_laser_odometry_node-5] [INFO] [1771096666.848452744] [rf2o_laser_odometry]: Laser odom [x,y,yaw]=[-1.950278 -0.330786 -2.740497]
[rf2o_laser_odometry_node-5] [INFO] [1771096666.848490544] [rf2o_laser_odometry]: Robot-base odom [x,y,yaw]=[-1.858215 -0.291743 -2.740497]
[rf2o_laser_odometry_node-5] [WARN] [1771096666.886861594] [rf2o_laser_odometry]: Waiting for laser_scans....
[rf2o_laser_odometry_node-5] [INFO] [1771096666.965249884] [rf2o_laser_odometry]: execution time (ms): 12.000000
[rf2o_laser_odometry_node-5] [INFO] [1771096666.965432944] [rf2o_laser_odometry]: Laser odom [x,y,yaw]=[-1.964855 -0.335400 -2.746387]
[rf2o_laser_odometry_node-5] [INFO] [1771096666.965491714] [rf2o_laser_odometry]: Robot-base odom [x,y,yaw]=[-1.872564 -0.296900 -2.746387]
[rf2o_laser_odometry_node-5] [WARN] [1771096666.999753274] [rf2o_laser_odometry]: Waiting for laser_scans....
[rf2o_laser_odometry_node-5] [INFO] [1771096667.051109704] [rf2o_laser_odometry]: execution time (ms): 16.000000
[rf2o_laser_odometry_node-5] [INFO] [1771096667.052157124] [rf2o_laser_odometry]: Laser odom [x,y,yaw]=[-1.978508 -0.339743 -2.751318]
[rf2o_laser_odometry_node-5] [INFO] [1771096667.052228764] [rf2o_laser_odometry]: Robot-base odom [x,y,yaw]=[-1.886028 -0.301698 -2.751318]
[rf2o_laser_odometry_node-5] [WARN] [1771096667.087094854] [rf2o_laser_odometry]: Waiting for laser_scans....
[rf2o_laser_odometry_node-5] [WARN] [1771096667.136888704] [rf2o_laser_odometry]: Waiting for laser_scans....
[rf2o_laser_odometry_node-5] [INFO] [1771096667.198757674] [rf2o_laser_odometry]: execution time (ms): 12.000000
[rf2o_laser_odometry_node-5] [INFO] [1771096667.198896724] [rf2o_laser_odometry]: Laser odom [x,y,yaw]=[-1.991965 -0.344029 -2.755780]
[rf2o_laser_odometry_node-5] [INFO] [1771096667.198921474] [rf2o_laser_odometry]: Robot-base odom [x,y,yaw]=[-1.899315 -0.306398 -2.755780]
[rf2o_laser_odometry_node-5] [INFO] [1771096667.249019254] [rf2o_laser_odometry]: execution time (ms): 12.000000
[rf2o_laser_odometry_node-5] [INFO] [1771096667.250766874] [rf2o_laser_odometry]: Laser odom [x,y,yaw]=[-2.004948 -0.348151 -2.759807]
[rf2o_laser_odometry_node-5] [INFO] [1771096667.250841754] [rf2o_laser_odometry]: Robot-base odom [x,y,yaw]=[-1.912148 -0.310894 -2.759807]
[rf2o_laser_odometry_node-5] [WARN] [1771096667.286891344] [rf2o_laser_odometry]: Waiting for laser_scans....
[rf2o_laser_odometry_node-5] [WARN] [1771096667.336867804] [rf2o_laser_odometry]: Waiting for laser_scans....
[rf2o_laser_odometry_node-5] [INFO] [1771096667.399595374] [rf2o_laser_odometry]: execution time (ms): 12.000000
[rf2o_laser_odometry_node-5] [INFO] [1771096667.399730284] [rf2o_laser_odometry]: Laser odom [x,y,yaw]=[-2.017453 -0.352154 -2.763411]
[rf2o_laser_odometry_node-5] [INFO] [1771096667.399755664] [rf2o_laser_odometry]: Robot-base odom [x,y,yaw]=[-1.924520 -0.315231 -2.763411]
[rf2o_laser_odometry_node-5] [WARN] [1771096667.437003154] [rf2o_laser_odometry]: Waiting for laser_scans....
[rf2o_laser_odometry_node-5] [INFO] [1771096667.497508804] [rf2o_laser_odometry]: execution time (ms): 12.000000
[rf2o_laser_odometry_node-5] [INFO] [1771096667.497676114] [rf2o_laser_odometry]: Laser odom [x,y,yaw]=[-2.029535 -0.355989 -2.766794]
[rf2o_laser_odometry_node-5] [INFO] [1771096667.497731644] [rf2o_laser_odometry]: Robot-base odom [x,y,yaw]=[-1.936477 -0.319381 -2.766794]
[rf2o_laser_odometry_node-5] [WARN] [1771096667.536925834] [rf2o_laser_odometry]: Waiting for laser_scans....
[rf2o_laser_odometry_node-5] [INFO] [1771096667.597793014] [rf2o_laser_odometry]: execution time (ms): 12.000000
[rf2o_laser_odometry_node-5] [INFO] [1771096667.599385024] [rf2o_laser_odometry]: Laser odom [x,y,yaw]=[-2.041183 -0.359612 -2.769940]
[rf2o_laser_odometry_node-5] [INFO] [1771096667.599470884] [rf2o_laser_odometry]: Robot-base odom [x,y,yaw]=[-1.948011 -0.323297 -2.769940]
[rf2o_laser_odometry_node-5] [WARN] [1771096667.636828714] [rf2o_laser_odometry]: Waiting for laser_scans....
[rf2o_laser_odometry_node-5] [INFO] [1771096667.700561224] [rf2o_laser_odometry]: execution time (ms): 8.000000
[rf2o_laser_odometry_node-5] [INFO] [1771096667.701453664] [rf2o_laser_odometry]: Laser odom [x,y,yaw]=[-2.052397 -0.362998 -2.772453]
[rf2o_laser_odometry_node-5] [INFO] [1771096667.702227394] [rf2o_laser_odometry]: Robot-base odom [x,y,yaw]=[-1.959133 -0.326917 -2.772453]
[rf2o_laser_odometry_node-5] [WARN] [1771096667.736875144] [rf2o_laser_odometry]: Waiting for laser_scans....
[rf2o_laser_odometry_node-5] [INFO] [1771096667.798731514] [rf2o_laser_odometry]: execution time (ms): 0.000000
[rf2o_laser_odometry_node-5] [INFO] [1771096667.798890814] [rf2o_laser_odometry]: Laser odom [x,y,yaw]=[-2.063206 -0.366239 -2.774691]
[rf2o_laser_odometry_node-5] [INFO] [1771096667.798933744] [rf2o_laser_odometry]: Robot-base odom [x,y,yaw]=[-1.969861 -0.330367 -2.774691]
[rf2o_laser_odometry_node-5] [WARN] [1771096667.836921394] [rf2o_laser_odometry]: Waiting for laser_scans....
[rf2o_laser_odometry_node-5] [INFO] [1771096667.903035214] [rf2o_laser_odometry]: execution time (ms): 16.000000
[rf2o_laser_odometry_node-5] [INFO] [1771096667.904261644] [rf2o_laser_odometry]: Laser odom [x,y,yaw]=[-2.073930 -0.369133 -2.776451]
[rf2o_laser_odometry_node-5] [INFO] [1771096667.905310954] [rf2o_laser_odometry]: Robot-base odom [x,y,yaw]=[-1.980523 -0.333425 -2.776451]
[rf2o_laser_odometry_node-5] [WARN] [1771096667.940592844] [rf2o_laser_odometry]: Waiting for laser_scans....
[rf2o_laser_odometry_node-5] [INFO] [1771096668.008774864] [rf2o_laser_odometry]: execution time (ms): 20.000000
[rf2o_laser_odometry_node-5] [INFO] [1771096668.009960794] [rf2o_laser_odometry]: Laser odom [x,y,yaw]=[-2.083847 -0.371867 -2.777297]
[rf2o_laser_odometry_node-5] [INFO] [1771096668.010887884] [rf2o_laser_odometry]: Robot-base odom [x,y,yaw]=[-1.990409 -0.336238 -2.777297]
[rf2o_laser_odometry_node-5] [WARN] [1771096668.036913094] [rf2o_laser_odometry]: Waiting for laser_scans....
[rf2o_laser_odometry_node-5] [INFO] [1771096668.098824274] [rf2o_laser_odometry]: execution time (ms): 12.000000
[rf2o_laser_odometry_node-5] [INFO] [1771096668.098981774] [rf2o_laser_odometry]: Laser odom [x,y,yaw]=[-2.092762 -0.374625 -2.776952]
[rf2o_laser_odometry_node-5] [INFO] [1771096668.099027764] [rf2o_laser_odometry]: Robot-base odom [x,y,yaw]=[-1.999336 -0.338964 -2.776952]
[rf2o_laser_odometry_node-5] [WARN] [1771096668.136924964] [rf2o_laser_odometry]: Waiting for laser_scans....
[rf2o_laser_odometry_node-5] [INFO] [1771096668.199221524] [rf2o_laser_odometry]: execution time (ms): 12.000000
[rf2o_laser_odometry_node-5] [INFO] [1771096668.199346714] [rf2o_laser_odometry]: Laser odom [x,y,yaw]=[-2.101058 -0.377385 -2.775408]
[rf2o_laser_odometry_node-5] [INFO] [1771096668.199371374] [rf2o_laser_odometry]: Robot-base odom [x,y,yaw]=[-2.007687 -0.341579 -2.775408]
[rf2o_laser_odometry_node-5] [WARN] [1771096668.236872394] [rf2o_laser_odometry]: Waiting for laser_scans....
[rf2o_laser_odometry_node-5] [INFO] [1771096668.301271534] [rf2o_laser_odometry]: execution time (ms): 12.000000
[rf2o_laser_odometry_node-5] [INFO] [1771096668.301433264] [rf2o_laser_odometry]: Laser odom [x,y,yaw]=[-2.108826 -0.380215 -2.773041]
[rf2o_laser_odometry_node-5] [INFO] [1771096668.301473764] [rf2o_laser_odometry]: Robot-base odom [x,y,yaw]=[-2.015541 -0.344189 -2.773041]
[rf2o_laser_odometry_node-5] [WARN] [1771096668.336860954] [rf2o_laser_odometry]: Waiting for laser_scans....
[rf2o_laser_odometry_node-5] [INFO] [1771096668.398532284] [rf2o_laser_odometry]: execution time (ms): 12.000000
[rf2o_laser_odometry_node-5] [INFO] [1771096668.398695634] [rf2o_laser_odometry]: Laser odom [x,y,yaw]=[-2.116118 -0.383074 -2.770071]
[rf2o_laser_odometry_node-5] [INFO] [1771096668.398735054] [rf2o_laser_odometry]: Robot-base odom [x,y,yaw]=[-2.022941 -0.346771 -2.770071]
[rf2o_laser_odometry_node-5] [WARN] [1771096668.437002874] [rf2o_laser_odometry]: Waiting for laser_scans....
[rf2o_laser_odometry_node-5] [INFO] [1771096668.502776674] [rf2o_laser_odometry]: execution time (ms): 16.000000
[rf2o_laser_odometry_node-5] [INFO] [1771096668.502939034] [rf2o_laser_odometry]: Laser odom [x,y,yaw]=[-2.122889 -0.385945 -2.766688]
[rf2o_laser_odometry_node-5] [INFO] [1771096668.502972784] [rf2o_laser_odometry]: Robot-base odom [x,y,yaw]=[-2.029835 -0.349326 -2.766688]
[rf2o_laser_odometry_node-5] [WARN] [1771096668.536903234] [rf2o_laser_odometry]: Waiting for laser_scans....
[rf2o_laser_odometry_node-5] [INFO] [1771096668.598178744] [rf2o_laser_odometry]: execution time (ms): 12.000000
[rf2o_laser_odometry_node-5] [INFO] [1771096668.598343624] [rf2o_laser_odometry]: Laser odom [x,y,yaw]=[-2.129111 -0.388793 -2.763184]
[rf2o_laser_odometry_node-5] [INFO] [1771096668.598384664] [rf2o_laser_odometry]: Robot-base odom [x,y,yaw]=[-2.036186 -0.351848 -2.763184]
[rf2o_laser_odometry_node-5] [WARN] [1771096668.637421714] [rf2o_laser_odometry]: Waiting for laser_scans....
[rf2o_laser_odometry_node-5] [INFO] [1771096668.698206814] [rf2o_laser_odometry]: execution time (ms): 12.000000
[rf2o_laser_odometry_node-5] [INFO] [1771096668.698384564] [rf2o_laser_odometry]: Laser odom [x,y,yaw]=[-2.134932 -0.391620 -2.759513]
[rf2o_laser_odometry_node-5] [INFO] [1771096668.698423084] [rf2o_laser_odometry]: Robot-base odom [x,y,yaw]=[-2.042143 -0.354335 -2.759513]
[rf2o_laser_odometry_node-5] [WARN] [1771096668.736929674] [rf2o_laser_odometry]: Waiting for laser_scans....
[rf2o_laser_odometry_node-5] [WARN] [1771096668.786857534] [rf2o_laser_odometry]: Waiting for laser_scans....
[rf2o_laser_odometry_node-5] [INFO] [1771096668.851092334] [rf2o_laser_odometry]: execution time (ms): 8.000000
[rf2o_laser_odometry_node-5] [INFO] [1771096668.851257574] [rf2o_laser_odometry]: Laser odom [x,y,yaw]=[-2.140392 -0.394403 -2.755876]
[rf2o_laser_odometry_node-5] [INFO] [1771096668.851299694] [rf2o_laser_odometry]: Robot-base odom [x,y,yaw]=[-2.047739 -0.356780 -2.755876]
[rf2o_laser_odometry_node-5] [INFO] [1771096668.907956584] [rf2o_laser_odometry]: execution time (ms): 20.000000
[rf2o_laser_odometry_node-5] [INFO] [1771096668.908203454] [rf2o_laser_odometry]: Laser odom [x,y,yaw]=[-2.145537 -0.397122 -2.752288]
[rf2o_laser_odometry_node-5] [INFO] [1771096668.908246384] [rf2o_laser_odometry]: Robot-base odom [x,y,yaw]=[-2.053020 -0.359168 -2.752288]
[rf2o_laser_odometry_node-5] [WARN] [1771096668.936959624] [rf2o_laser_odometry]: Waiting for laser_scans....
[rf2o_laser_odometry_node-5] [INFO] [1771096668.999104804] [rf2o_laser_odometry]: execution time (ms): 12.000000
[rf2o_laser_odometry_node-5] [INFO] [1771096668.999241244] [rf2o_laser_odometry]: Laser odom [x,y,yaw]=[-2.150394 -0.399768 -2.748700]
[rf2o_laser_odometry_node-5] [INFO] [1771096668.999287054] [rf2o_laser_odometry]: Robot-base odom [x,y,yaw]=[-2.058013 -0.361482 -2.748700]
[rf2o_laser_odometry_node-5] [WARN] [1771096669.036870064] [rf2o_laser_odometry]: Waiting for laser_scans....
[rf2o_laser_odometry_node-5] [INFO] [1771096669.099753784] [rf2o_laser_odometry]: execution time (ms): 8.000000
[rf2o_laser_odometry_node-5] [INFO] [1771096669.099898954] [rf2o_laser_odometry]: Laser odom [x,y,yaw]=[-2.155007 -0.402350 -2.745128]
[rf2o_laser_odometry_node-5] [INFO] [1771096669.099924154] [rf2o_laser_odometry]: Robot-base odom [x,y,yaw]=[-2.062764 -0.363734 -2.745128]
[rf2o_laser_odometry_node-5] [WARN] [1771096669.137005864] [rf2o_laser_odometry]: Waiting for laser_scans....
[rf2o_laser_odometry_node-5] [INFO] [1771096669.198160324] [rf2o_laser_odometry]: execution time (ms): 12.000000
[rf2o_laser_odometry_node-5] [INFO] [1771096669.198324574] [rf2o_laser_odometry]: Laser odom [x,y,yaw]=[-2.159390 -0.404864 -2.741557]
[rf2o_laser_odometry_node-5] [INFO] [1771096669.198363184] [rf2o_laser_odometry]: Robot-base odom [x,y,yaw]=[-2.067285 -0.365918 -2.741557]
[rf2o_laser_odometry_node-5] [WARN] [1771096669.236875804] [rf2o_laser_odometry]: Waiting for laser_scans....
[rf2o_laser_odometry_node-5] [WARN] [1771096669.286940464] [rf2o_laser_odometry]: Waiting for laser_scans....
[rf2o_laser_odometry_node-5] [INFO] [1771096669.349137934] [rf2o_laser_odometry]: execution time (ms): 12.000000
[rf2o_laser_odometry_node-5] [INFO] [1771096669.349382554] [rf2o_laser_odometry]: Laser odom [x,y,yaw]=[-2.163534 -0.407298 -2.738002]
[rf2o_laser_odometry_node-5] [INFO] [1771096669.349446454] [rf2o_laser_odometry]: Robot-base odom [x,y,yaw]=[-2.071569 -0.368025 -2.738002]
[rf2o_laser_odometry_node-5] [WARN] [1771096669.386839924] [rf2o_laser_odometry]: Waiting for laser_scans....
[rf2o_laser_odometry_node-5] [INFO] [1771096669.448788994] [rf2o_laser_odometry]: execution time (ms): 12.000000
[rf2o_laser_odometry_node-5] [INFO] [1771096669.448976014] [rf2o_laser_odometry]: Laser odom [x,y,yaw]=[-2.167479 -0.409674 -2.734464]
[rf2o_laser_odometry_node-5] [INFO] [1771096669.449017774] [rf2o_laser_odometry]: Robot-base odom [x,y,yaw]=[-2.075653 -0.370076 -2.734464]
[rf2o_laser_odometry_node-5] [WARN] [1771096669.486845044] [rf2o_laser_odometry]: Waiting for laser_scans....
[rf2o_laser_odometry_node-5] [INFO] [1771096669.549620944] [rf2o_laser_odometry]: execution time (ms): 12.000000
[rf2o_laser_odometry_node-5] [INFO] [1771096669.549780244] [rf2o_laser_odometry]: Laser odom [x,y,yaw]=[-2.171394 -0.412063 -2.730909]
[rf2o_laser_odometry_node-5] [INFO] [1771096669.549823084] [rf2o_laser_odometry]: Robot-base odom [x,y,yaw]=[-2.079709 -0.372139 -2.730909]
[rf2o_laser_odometry_node-5] [WARN] [1771096669.586889224] [rf2o_laser_odometry]: Waiting for laser_scans....
[rf2o_laser_odometry_node-5] [INFO] [1771096669.650706874] [rf2o_laser_odometry]: execution time (ms): 8.000000
[rf2o_laser_odometry_node-5] [INFO] [1771096669.651065344] [rf2o_laser_odometry]: Laser odom [x,y,yaw]=[-2.175185 -0.414396 -2.727354]
[rf2o_laser_odometry_node-5] [INFO] [1771096669.651121774] [rf2o_laser_odometry]: Robot-base odom [x,y,yaw]=[-2.083643 -0.374147 -2.727354]
[rf2o_laser_odometry_node-5] [WARN] [1771096669.686842504] [rf2o_laser_odometry]: Waiting for laser_scans....
[rf2o_laser_odometry_node-5] [INFO] [1771096669.765916054] [rf2o_laser_odometry]: execution time (ms): 28.000000
[rf2o_laser_odometry_node-5] [INFO] [1771096669.766102534] [rf2o_laser_odometry]: Laser odom [x,y,yaw]=[-2.178960 -0.416747 -2.723817]
[rf2o_laser_odometry_node-5] [INFO] [1771096669.766157974] [rf2o_laser_odometry]: Robot-base odom [x,y,yaw]=[-2.087561 -0.376174 -2.723817]
[rf2o_laser_odometry_node-5] [WARN] [1771096669.787434064] [rf2o_laser_odometry]: Waiting for laser_scans....
[rf2o_laser_odometry_node-5] [INFO] [1771096669.849746194] [rf2o_laser_odometry]: execution time (ms): 12.000000
[rf2o_laser_odometry_node-5] [INFO] [1771096669.849934654] [rf2o_laser_odometry]: Laser odom [x,y,yaw]=[-2.182731 -0.419092 -2.720312]
[rf2o_laser_odometry_node-5] [INFO] [1771096669.849977134] [rf2o_laser_odometry]: Robot-base odom [x,y,yaw]=[-2.091475 -0.378199 -2.720312]
[rf2o_laser_odometry_node-5] [WARN] [1771096669.886984684] [rf2o_laser_odometry]: Waiting for laser_scans....
[rf2o_laser_odometry_node-5] [INFO] [1771096669.953724004] [rf2o_laser_odometry]: execution time (ms): 12.000000
[rf2o_laser_odometry_node-5] [INFO] [1771096669.953849644] [rf2o_laser_odometry]: Laser odom [x,y,yaw]=[-2.186490 -0.421447 -2.716791]
[rf2o_laser_odometry_node-5] [INFO] [1771096669.953889964] [rf2o_laser_odometry]: Robot-base odom [x,y,yaw]=[-2.095378 -0.380233 -2.716791]
[rf2o_laser_odometry_node-5] [WARN] [1771096669.986903224] [rf2o_laser_odometry]: Waiting for laser_scans....
[rf2o_laser_odometry_node-5] [INFO] [1771096670.048274764] [rf2o_laser_odometry]: execution time (ms): 12.000000
[rf2o_laser_odometry_node-5] [INFO] [1771096670.048494814] [rf2o_laser_odometry]: Laser odom [x,y,yaw]=[-2.190241 -0.423790 -2.713237]
[rf2o_laser_odometry_node-5] [INFO] [1771096670.048539454] [rf2o_laser_odometry]: Robot-base odom [x,y,yaw]=[-2.099276 -0.382252 -2.713237]
[rf2o_laser_odometry_node-5] [WARN] [1771096670.086885304] [rf2o_laser_odometry]: Waiting for laser_scans....
[rf2o_laser_odometry_node-5] [INFO] [1771096670.147675534] [rf2o_laser_odometry]: execution time (ms): 12.000000
[rf2o_laser_odometry_node-5] [INFO] [1771096670.147817284] [rf2o_laser_odometry]: Laser odom [x,y,yaw]=[-2.194022 -0.426112 -2.709682]
[rf2o_laser_odometry_node-5] [INFO] [1771096670.147844734] [rf2o_laser_odometry]: Robot-base odom [x,y,yaw]=[-2.103205 -0.384252 -2.709682]
[rf2o_laser_odometry_node-5] [WARN] [1771096670.186922914] [rf2o_laser_odometry]: Waiting for laser_scans....
[rf2o_laser_odometry_node-5] [INFO] [1771096670.247880364] [rf2o_laser_odometry]: execution time (ms): 12.000000
[rf2o_laser_odometry_node-5] [INFO] [1771096670.249297864] [rf2o_laser_odometry]: Laser odom [x,y,yaw]=[-2.197846 -0.428397 -2.706247]
[rf2o_laser_odometry_node-5] [INFO] [1771096670.250958004] [rf2o_laser_odometry]: Robot-base odom [x,y,yaw]=[-2.107174 -0.386225 -2.706247]
[rf2o_laser_odometry_node-5] [WARN] [1771096670.286861884] [rf2o_laser_odometry]: Waiting for laser_scans....
[rf2o_laser_odometry_node-5] [INFO] [1771096670.347815374] [rf2o_laser_odometry]: execution time (ms): 12.000000
[rf2o_laser_odometry_node-5] [INFO] [1771096670.347940294] [rf2o_laser_odometry]: Laser odom [x,y,yaw]=[-2.201819 -0.430650 -2.702864]
[rf2o_laser_odometry_node-5] [INFO] [1771096670.347965404] [rf2o_laser_odometry]: Robot-base odom [x,y,yaw]=[-2.111290 -0.388171 -2.702864]
[rf2o_laser_odometry_node-5] [WARN] [1771096670.386826054] [rf2o_laser_odometry]: Waiting for laser_scans....
[rf2o_laser_odometry_node-5] [INFO] [1771096670.448258704] [rf2o_laser_odometry]: execution time (ms): 12.000000
[rf2o_laser_odometry_node-5] [INFO] [1771096670.448413414] [rf2o_laser_odometry]: Laser odom [x,y,yaw]=[-2.205961 -0.432855 -2.699795]
[rf2o_laser_odometry_node-5] [INFO] [1771096670.448464534] [rf2o_laser_odometry]: Robot-base odom [x,y,yaw]=[-2.115563 -0.390099 -2.699795]
[rf2o_laser_odometry_node-5] [WARN] [1771096670.486919914] [rf2o_laser_odometry]: Waiting for laser_scans....
[rf2o_laser_odometry_node-5] [WARN] [1771096670.536863704] [rf2o_laser_odometry]: Waiting for laser_scans....
[rf2o_laser_odometry_node-5] [INFO] [1771096670.602152044] [rf2o_laser_odometry]: execution time (ms): 12.000000
[rf2o_laser_odometry_node-5] [INFO] [1771096670.603370284] [rf2o_laser_odometry]: Laser odom [x,y,yaw]=[-2.210197 -0.435028 -2.697305]
[rf2o_laser_odometry_node-5] [INFO] [1771096670.604309884] [rf2o_laser_odometry]: Robot-base odom [x,y,yaw]=[-2.119906 -0.392047 -2.697305]
[rf2o_laser_odometry_node-5] [INFO] [1771096670.654624114] [rf2o_laser_odometry]: execution time (ms): 16.000000
[rf2o_laser_odometry_node-5] [INFO] [1771096670.654832104] [rf2o_laser_odometry]: Laser odom [x,y,yaw]=[-2.214517 -0.437130 -2.695446]
[rf2o_laser_odometry_node-5] [INFO] [1771096670.654888084] [rf2o_laser_odometry]: Robot-base odom [x,y,yaw]=[-2.124306 -0.393980 -2.695446]
[rf2o_laser_odometry_node-5] [WARN] [1771096670.687086484] [rf2o_laser_odometry]: Waiting for laser_scans....
[rf2o_laser_odometry_node-5] [INFO] [1771096670.753298674] [rf2o_laser_odometry]: execution time (ms): 16.000000
[rf2o_laser_odometry_node-5] [INFO] [1771096670.753480114] [rf2o_laser_odometry]: Laser odom [x,y,yaw]=[-2.219063 -0.439116 -2.694154]
[rf2o_laser_odometry_node-5] [INFO] [1771096670.753535014] [rf2o_laser_odometry]: Robot-base odom [x,y,yaw]=[-2.128907 -0.395850 -2.694154]
[rf2o_laser_odometry_node-5] [WARN] [1771096670.786846354] [rf2o_laser_odometry]: Waiting for laser_scans....
[rf2o_laser_odometry_node-5] [INFO] [1771096670.850613424] [rf2o_laser_odometry]: execution time (ms): 12.000000
[rf2o_laser_odometry_node-5] [INFO] [1771096670.850749324] [rf2o_laser_odometry]: Laser odom [x,y,yaw]=[-2.224051 -0.441034 -2.694499]
[rf2o_laser_odometry_node-5] [INFO] [1771096670.850796034] [rf2o_laser_odometry]: Robot-base odom [x,y,yaw]=[-2.133881 -0.397799 -2.694499]
[rf2o_laser_odometry_node-5] [WARN] [1771096670.886869384] [rf2o_laser_odometry]: Waiting for laser_scans....
[rf2o_laser_odometry_node-5] [WARN] [1771096670.936924144] [rf2o_laser_odometry]: Waiting for laser_scans....
[rf2o_laser_odometry_node-5] [INFO] [1771096671.000114494] [rf2o_laser_odometry]: execution time (ms): 12.000000
[rf2o_laser_odometry_node-5] [INFO] [1771096671.000318884] [rf2o_laser_odometry]: Laser odom [x,y,yaw]=[-2.229173 -0.442950 -2.695271]
[rf2o_laser_odometry_node-5] [INFO] [1771096671.000360374] [rf2o_laser_odometry]: Robot-base odom [x,y,yaw]=[-2.138969 -0.399785 -2.695271]
[rf2o_laser_odometry_node-5] [WARN] [1771096671.036830894] [rf2o_laser_odometry]: Waiting for laser_scans....
[rf2o_laser_odometry_node-5] [INFO] [1771096671.096906074] [rf2o_laser_odometry]: execution time (ms): 8.000000
[rf2o_laser_odometry_node-5] [INFO] [1771096671.097028924] [rf2o_laser_odometry]: Laser odom [x,y,yaw]=[-2.234301 -0.444851 -2.695616]
[rf2o_laser_odometry_node-5] [INFO] [1771096671.097052504] [rf2o_laser_odometry]: Robot-base odom [x,y,yaw]=[-2.144082 -0.401717 -2.695616]
[rf2o_laser_odometry_node-5] [WARN] [1771096671.136826834] [rf2o_laser_odometry]: Waiting for laser_scans....
[rf2o_laser_odometry_node-5] [INFO] [1771096671.198990554] [rf2o_laser_odometry]: execution time (ms): 12.000000
[rf2o_laser_odometry_node-5] [INFO] [1771096671.199173974] [rf2o_laser_odometry]: Laser odom [x,y,yaw]=[-2.239093 -0.446783 -2.694581]
[rf2o_laser_odometry_node-5] [INFO] [1771096671.199225814] [rf2o_laser_odometry]: Robot-base odom [x,y,yaw]=[-2.148919 -0.403556 -2.694581]
[rf2o_laser_odometry_node-5] [WARN] [1771096671.236864624] [rf2o_laser_odometry]: Waiting for laser_scans....
[rf2o_laser_odometry_node-5] [INFO] [1771096671.299698574] [rf2o_laser_odometry]: execution time (ms): 12.000000
[rf2o_laser_odometry_node-5] [INFO] [1771096671.299853644] [rf2o_laser_odometry]: Laser odom [x,y,yaw]=[-2.243603 -0.448886 -2.691862]
[rf2o_laser_odometry_node-5] [INFO] [1771096671.299894774] [rf2o_laser_odometry]: Robot-base odom [x,y,yaw]=[-2.153547 -0.405414 -2.691862]
[rf2o_laser_odometry_node-5] [WARN] [1771096671.336867944] [rf2o_laser_odometry]: Waiting for laser_scans....
[rf2o_laser_odometry_node-5] [INFO] [1771096671.398194304] [rf2o_laser_odometry]: execution time (ms): 12.000000
[rf2o_laser_odometry_node-5] [INFO] [1771096671.398351624] [rf2o_laser_odometry]: Laser odom [x,y,yaw]=[-2.247709 -0.451164 -2.688291]
[rf2o_laser_odometry_node-5] [INFO] [1771096671.398392934] [rf2o_laser_odometry]: Robot-base odom [x,y,yaw]=[-2.157809 -0.407370 -2.688291]
[rf2o_laser_odometry_node-5] [WARN] [1771096671.436925354] [rf2o_laser_odometry]: Waiting for laser_scans....
[rf2o_laser_odometry_node-5] [INFO] [1771096671.504894164] [rf2o_laser_odometry]: execution time (ms): 16.000000
[rf2o_laser_odometry_node-5] [INFO] [1771096671.505149764] [rf2o_laser_odometry]: Laser odom [x,y,yaw]=[-2.251680 -0.453483 -2.684770]
[rf2o_laser_odometry_node-5] [INFO] [1771096671.505217264] [rf2o_laser_odometry]: Robot-base odom [x,y,yaw]=[-2.161934 -0.409373 -2.684770]
[rf2o_laser_odometry_node-5] [WARN] [1771096671.537931634] [rf2o_laser_odometry]: Waiting for laser_scans....
[rf2o_laser_odometry_node-5] [INFO] [1771096671.599649404] [rf2o_laser_odometry]: execution time (ms): 12.000000
[rf2o_laser_odometry_node-5] [INFO] [1771096671.600525194] [rf2o_laser_odometry]: Laser odom [x,y,yaw]=[-2.255926 -0.455695 -2.681881]
[rf2o_laser_odometry_node-5] [INFO] [1771096671.600587024] [rf2o_laser_odometry]: Robot-base odom [x,y,yaw]=[-2.166308 -0.411326 -2.681881]
[rf2o_laser_odometry_node-5] [WARN] [1771096671.636934784] [rf2o_laser_odometry]: Waiting for laser_scans....
[rf2o_laser_odometry_node-5] [WARN] [1771096671.686847074] [rf2o_laser_odometry]: Waiting for laser_scans....
[rf2o_laser_odometry_node-5] [INFO] [1771096671.748276304] [rf2o_laser_odometry]: execution time (ms): 12.000000
[rf2o_laser_odometry_node-5] [INFO] [1771096671.749277914] [rf2o_laser_odometry]: Laser odom [x,y,yaw]=[-2.260201 -0.457909 -2.679162]
[rf2o_laser_odometry_node-5] [INFO] [1771096671.749346314] [rf2o_laser_odometry]: Robot-base odom [x,y,yaw]=[-2.170704 -0.413297 -2.679162]
[rf2o_laser_odometry_node-5] [INFO] [1771096671.799755584] [rf2o_laser_odometry]: execution time (ms): 12.000000
[rf2o_laser_odometry_node-5] [INFO] [1771096671.799918124] [rf2o_laser_odometry]: Laser odom [x,y,yaw]=[-2.264488 -0.460123 -2.676555]
[rf2o_laser_odometry_node-5] [INFO] [1771096671.799961414] [rf2o_laser_odometry]: Robot-base odom [x,y,yaw]=[-2.175107 -0.415278 -2.676555]
[rf2o_laser_odometry_node-5] [WARN] [1771096671.836905784] [rf2o_laser_odometry]: Waiting for laser_scans....
[rf2o_laser_odometry_node-5] [INFO] [1771096671.898717964] [rf2o_laser_odometry]: execution time (ms): 12.000000
[rf2o_laser_odometry_node-5] [INFO] [1771096671.898849994] [rf2o_laser_odometry]: Laser odom [x,y,yaw]=[-2.268776 -0.462332 -2.673972]
[rf2o_laser_odometry_node-5] [INFO] [1771096671.898874204] [rf2o_laser_odometry]: Robot-base odom [x,y,yaw]=[-2.179512 -0.417255 -2.673972]
[rf2o_laser_odometry_node-5] [WARN] [1771096671.936890924] [rf2o_laser_odometry]: Waiting for laser_scans....
[rf2o_laser_odometry_node-5] [INFO] [1771096671.998690234] [rf2o_laser_odometry]: execution time (ms): 12.000000
[rf2o_laser_odometry_node-5] [INFO] [1771096671.998842424] [rf2o_laser_odometry]: Laser odom [x,y,yaw]=[-2.273086 -0.464563 -2.671482]
[rf2o_laser_odometry_node-5] [INFO] [1771096671.998882114] [rf2o_laser_odometry]: Robot-base odom [x,y,yaw]=[-2.183934 -0.419265 -2.671482]
[rf2o_laser_odometry_node-5] [WARN] [1771096672.037009624] [rf2o_laser_odometry]: Waiting for laser_scans....
[rf2o_laser_odometry_node-5] [INFO] [1771096672.098359834] [rf2o_laser_odometry]: execution time (ms): 12.000000
[rf2o_laser_odometry_node-5] [INFO] [1771096672.099205294] [rf2o_laser_odometry]: Laser odom [x,y,yaw]=[-2.271517 -0.463881 -2.672574]
[rf2o_laser_odometry_node-5] [INFO] [1771096672.099272524] [rf2o_laser_odometry]: Robot-base odom [x,y,yaw]=[-2.182315 -0.418680 -2.672574]
[rf2o_laser_odometry_node-5] [WARN] [1771096672.137148214] [rf2o_laser_odometry]: Waiting for laser_scans....
[rf2o_laser_odometry_node-5] [WARN] [1771096672.186858274] [rf2o_laser_odometry]: Waiting for laser_scans....
[rf2o_laser_odometry_node-5] [INFO] [1771096672.249372184] [rf2o_laser_odometry]: execution time (ms): 12.000000
[rf2o_laser_odometry_node-5] [INFO] [1771096672.249502144] [rf2o_laser_odometry]: Laser odom [x,y,yaw]=[-2.267157 -0.461702 -2.674941]
[rf2o_laser_odometry_node-5] [INFO] [1771096672.249546154] [rf2o_laser_odometry]: Robot-base odom [x,y,yaw]=[-2.177849 -0.416712 -2.674941]
[rf2o_laser_odometry_node-5] [INFO] [1771096672.298653574] [rf2o_laser_odometry]: execution time (ms): 12.000000
[rf2o_laser_odometry_node-5] [INFO] [1771096672.298817284] [rf2o_laser_odometry]: Laser odom [x,y,yaw]=[-2.262776 -0.459543 -2.677283]
[rf2o_laser_odometry_node-5] [INFO] [1771096672.298876054] [rf2o_laser_odometry]: Robot-base odom [x,y,yaw]=[-2.173363 -0.414762 -2.677283]
[rf2o_laser_odometry_node-5] [WARN] [1771096672.337281754] [rf2o_laser_odometry]: Waiting for laser_scans....
[rf2o_laser_odometry_node-5] [INFO] [1771096672.401908594] [rf2o_laser_odometry]: execution time (ms): 12.000000
[rf2o_laser_odometry_node-5] [INFO] [1771096672.402043594] [rf2o_laser_odometry]: Laser odom [x,y,yaw]=[-2.264361 -0.460205 -2.676437]
[rf2o_laser_odometry_node-5] [INFO] [1771096672.402072934] [rf2o_laser_odometry]: Robot-base odom [x,y,yaw]=[-2.174986 -0.415348 -2.676437]
[rf2o_laser_odometry_node-5] [WARN] [1771096672.436971514] [rf2o_laser_odometry]: Waiting for laser_scans....
[rf2o_laser_odometry_node-5] [INFO] [1771096672.503541004] [rf2o_laser_odometry]: execution time (ms): 16.000000
[rf2o_laser_odometry_node-5] [INFO] [1771096672.504780754] [rf2o_laser_odometry]: Laser odom [x,y,yaw]=[-2.268748 -0.462395 -2.674394]
[rf2o_laser_odometry_node-5] [INFO] [1771096672.505563214] [rf2o_laser_odometry]: Robot-base odom [x,y,yaw]=[-2.179465 -0.417356 -2.674394]
[rf2o_laser_odometry_node-5] [WARN] [1771096672.537054664] [rf2o_laser_odometry]: Waiting for laser_scans....
[rf2o_laser_odometry_node-5] [INFO] [1771096672.598287874] [rf2o_laser_odometry]: execution time (ms): 8.000000
[rf2o_laser_odometry_node-5] [INFO] [1771096672.598446004] [rf2o_laser_odometry]: Laser odom [x,y,yaw]=[-2.273129 -0.464589 -2.672381]
[rf2o_laser_odometry_node-5] [INFO] [1771096672.598476604] [rf2o_laser_odometry]: Robot-base odom [x,y,yaw]=[-2.183936 -0.419371 -2.672381]
[rf2o_laser_odometry_node-5] [WARN] [1771096672.636870334] [rf2o_laser_odometry]: Waiting for laser_scans....
[rf2o_laser_odometry_node-5] [INFO] [1771096672.698807794] [rf2o_laser_odometry]: execution time (ms): 12.000000
[rf2o_laser_odometry_node-5] [INFO] [1771096672.698936314] [rf2o_laser_odometry]: Laser odom [x,y,yaw]=[-2.270410 -0.463411 -2.674000]
[rf2o_laser_odometry_node-5] [INFO] [1771096672.698961154] [rf2o_laser_odometry]: Robot-base odom [x,y,yaw]=[-2.181145 -0.418337 -2.674000]
[rf2o_laser_odometry_node-5] [WARN] [1771096672.736879774] [rf2o_laser_odometry]: Waiting for laser_scans....
[rf2o_laser_odometry_node-5] [WARN] [1771096672.786892144] [rf2o_laser_odometry]: Waiting for laser_scans....
[rf2o_laser_odometry_node-5] [INFO] [1771096672.848552404] [rf2o_laser_odometry]: execution time (ms): 12.000000
[rf2o_laser_odometry_node-5] [INFO] [1771096672.848687224] [rf2o_laser_odometry]: Laser odom [x,y,yaw]=[-2.265979 -0.461275 -2.675923]
[rf2o_laser_odometry_node-5] [INFO] [1771096672.848728174] [rf2o_laser_odometry]: Robot-base odom [x,y,yaw]=[-2.176627 -0.416373 -2.675923]
[rf2o_laser_odometry_node-5] [WARN] [1771096672.886981684] [rf2o_laser_odometry]: Waiting for laser_scans....
[rf2o_laser_odometry_node-5] [INFO] [1771096672.948366004] [rf2o_laser_odometry]: execution time (ms): 8.000000
[rf2o_laser_odometry_node-5] [INFO] [1771096672.948590734] [rf2o_laser_odometry]: Laser odom [x,y,yaw]=[-2.261529 -0.459159 -2.677845]
[rf2o_laser_odometry_node-5] [INFO] [1771096672.948637354] [rf2o_laser_odometry]: Robot-base odom [x,y,yaw]=[-2.172091 -0.414429 -2.677845]
[rf2o_laser_odometry_node-5] [INFO] [1771096672.998869234] [rf2o_laser_odometry]: execution time (ms): 12.000000
[rf2o_laser_odometry_node-5] [INFO] [1771096672.998996314] [rf2o_laser_odometry]: Laser odom [x,y,yaw]=[-2.257045 -0.457072 -2.679639]
[rf2o_laser_odometry_node-5] [INFO] [1771096672.999020434] [rf2o_laser_odometry]: Robot-base odom [x,y,yaw]=[-2.167526 -0.412503 -2.679639]
[rf2o_laser_odometry_node-5] [WARN] [1771096673.036932664] [rf2o_laser_odometry]: Waiting for laser_scans....
[rf2o_laser_odometry_node-5] [INFO] [1771096673.097505544] [rf2o_laser_odometry]: execution time (ms): 12.000000
[rf2o_laser_odometry_node-5] [INFO] [1771096673.097679514] [rf2o_laser_odometry]: Laser odom [x,y,yaw]=[-2.260471 -0.458547 -2.678095]
[rf2o_laser_odometry_node-5] [INFO] [1771096673.097723974] [rf2o_laser_odometry]: Robot-base odom [x,y,yaw]=[-2.171022 -0.413839 -2.678095]
[rf2o_laser_odometry_node-5] [WARN] [1771096673.136981704] [rf2o_laser_odometry]: Waiting for laser_scans....
[rf2o_laser_odometry_node-5] [WARN] [1771096673.186900114] [rf2o_laser_odometry]: Waiting for laser_scans....
[rf2o_laser_odometry_node-5] [INFO] [1771096673.252993864] [rf2o_laser_odometry]: execution time (ms): 16.000000
[rf2o_laser_odometry_node-5] [INFO] [1771096673.253192404] [rf2o_laser_odometry]: Laser odom [x,y,yaw]=[-2.264925 -0.460673 -2.676404]
[rf2o_laser_odometry_node-5] [INFO] [1771096673.253239204] [rf2o_laser_odometry]: Robot-base odom [x,y,yaw]=[-2.175551 -0.415814 -2.676404]
[rf2o_laser_odometry_node-5] [WARN] [1771096673.286873914] [rf2o_laser_odometry]: Waiting for laser_scans....
[rf2o_laser_odometry_node-5] [INFO] [1771096673.347885274] [rf2o_laser_odometry]: execution time (ms): 12.000000
[rf2o_laser_odometry_node-5] [INFO] [1771096673.348689334] [rf2o_laser_odometry]: Laser odom [x,y,yaw]=[-2.269373 -0.462812 -2.674643]
[rf2o_laser_odometry_node-5] [INFO] [1771096673.348759624] [rf2o_laser_odometry]: Robot-base odom [x,y,yaw]=[-2.180079 -0.417796 -2.674643]
[rf2o_laser_odometry_node-5] [WARN] [1771096673.387027444] [rf2o_laser_odometry]: Waiting for laser_scans....
[rf2o_laser_odometry_node-5] [INFO] [1771096673.454313514] [rf2o_laser_odometry]: execution time (ms): 16.000000
[rf2o_laser_odometry_node-5] [INFO] [1771096673.454492074] [rf2o_laser_odometry]: Laser odom [x,y,yaw]=[-2.273811 -0.464967 -2.672883]
[rf2o_laser_odometry_node-5] [INFO] [1771096673.454533924] [rf2o_laser_odometry]: Robot-base odom [x,y,yaw]=[-2.184596 -0.419793 -2.672883]
[rf2o_laser_odometry_node-5] [WARN] [1771096673.486962544] [rf2o_laser_odometry]: Waiting for laser_scans....
[rf2o_laser_odometry_node-5] [INFO] [1771096673.547254894] [rf2o_laser_odometry]: execution time (ms): 8.000000
[rf2o_laser_odometry_node-5] [INFO] [1771096673.547460454] [rf2o_laser_odometry]: Laser odom [x,y,yaw]=[-2.278143 -0.467036 -2.671263]
[rf2o_laser_odometry_node-5] [INFO] [1771096673.547511664] [rf2o_laser_odometry]: Robot-base odom [x,y,yaw]=[-2.189001 -0.421718 -2.671263]
[rf2o_laser_odometry_node-5] [WARN] [1771096673.587072244] [rf2o_laser_odometry]: Waiting for laser_scans....
[rf2o_laser_odometry_node-5] [INFO] [1771096673.648413364] [rf2o_laser_odometry]: execution time (ms): 12.000000
[rf2o_laser_odometry_node-5] [INFO] [1771096673.648543234] [rf2o_laser_odometry]: Laser odom [x,y,yaw]=[-2.274245 -0.465310 -2.672955]
[rf2o_laser_odometry_node-5] [INFO] [1771096673.648567804] [rf2o_laser_odometry]: Robot-base odom [x,y,yaw]=[-2.185026 -0.420143 -2.672955]
[rf2o_laser_odometry_node-5] [WARN] [1771096673.687174744] [rf2o_laser_odometry]: Waiting for laser_scans....
[rf2o_laser_odometry_node-5] [INFO] [1771096673.749574894] [rf2o_laser_odometry]: execution time (ms): 12.000000
[rf2o_laser_odometry_node-5] [INFO] [1771096673.749756334] [rf2o_laser_odometry]: Laser odom [x,y,yaw]=[-2.269766 -0.463204 -2.674646]
[rf2o_laser_odometry_node-5] [INFO] [1771096673.749802954] [rf2o_laser_odometry]: Robot-base odom [x,y,yaw]=[-2.180471 -0.418188 -2.674646]
[rf2o_laser_odometry_node-5] [WARN] [1771096673.786964944] [rf2o_laser_odometry]: Waiting for laser_scans....
[rf2o_laser_odometry_node-5] [INFO] [1771096673.850450134] [rf2o_laser_odometry]: execution time (ms): 12.000000
[rf2o_laser_odometry_node-5] [INFO] [1771096673.850651554] [rf2o_laser_odometry]: Laser odom [x,y,yaw]=[-2.265258 -0.461120 -2.676302]
[rf2o_laser_odometry_node-5] [INFO] [1771096673.850710954] [rf2o_laser_odometry]: Robot-base odom [x,y,yaw]=[-2.175889 -0.416251 -2.676302]
[rf2o_laser_odometry_node-5] [WARN] [1771096673.886849194] [rf2o_laser_odometry]: Waiting for laser_scans....
[rf2o_laser_odometry_node-5] [WARN] [1771096673.936858684] [rf2o_laser_odometry]: Waiting for laser_scans....
[rf2o_laser_odometry_node-5] [INFO] [1771096674.001123544] [rf2o_laser_odometry]: execution time (ms): 12.000000
[rf2o_laser_odometry_node-5] [INFO] [1771096674.001265474] [rf2o_laser_odometry]: Laser odom [x,y,yaw]=[-2.260726 -0.459057 -2.677884]
[rf2o_laser_odometry_node-5] [INFO] [1771096674.001304534] [rf2o_laser_odometry]: Robot-base odom [x,y,yaw]=[-2.171286 -0.414331 -2.677884]
[rf2o_laser_odometry_node-5] [INFO] [1771096674.048064844] [rf2o_laser_odometry]: execution time (ms): 8.000000
[rf2o_laser_odometry_node-5] [INFO] [1771096674.048192644] [rf2o_laser_odometry]: Laser odom [x,y,yaw]=[-2.256693 -0.457324 -2.679540]
[rf2o_laser_odometry_node-5] [INFO] [1771096674.048217574] [rf2o_laser_odometry]: Robot-base odom [x,y,yaw]=[-2.167179 -0.412746 -2.679540]
[rf2o_laser_odometry_node-5] [WARN] [1771096674.086939894] [rf2o_laser_odometry]: Waiting for laser_scans....
[rf2o_laser_odometry_node-5] [INFO] [1771096674.149708864] [rf2o_laser_odometry]: execution time (ms): 16.000000
[rf2o_laser_odometry_node-5] [INFO] [1771096674.149892644] [rf2o_laser_odometry]: Laser odom [x,y,yaw]=[-2.261117 -0.459292 -2.678116]
[rf2o_laser_odometry_node-5] [INFO] [1771096674.149928914] [rf2o_laser_odometry]: Robot-base odom [x,y,yaw]=[-2.171667 -0.414586 -2.678116]
[rf2o_laser_odometry_node-5] [WARN] [1771096674.187429844] [rf2o_laser_odometry]: Waiting for laser_scans....
[rf2o_laser_odometry_node-5] [INFO] [1771096674.250130144] [rf2o_laser_odometry]: execution time (ms): 12.000000
[rf2o_laser_odometry_node-5] [INFO] [1771096674.251651954] [rf2o_laser_odometry]: Laser odom [x,y,yaw]=[-2.265630 -0.461381 -2.676611]
[rf2o_laser_odometry_node-5] [INFO] [1771096674.253107164] [rf2o_laser_odometry]: Robot-base odom [x,y,yaw]=[-2.176247 -0.416540 -2.676611]
[rf2o_laser_odometry_node-5] [WARN] [1771096674.286893254] [rf2o_laser_odometry]: Waiting for laser_scans....
[rf2o_laser_odometry_node-5] [INFO] [1771096674.351686414] [rf2o_laser_odometry]: execution time (ms): 12.000000
[rf2o_laser_odometry_node-5] [INFO] [1771096674.351855614] [rf2o_laser_odometry]: Laser odom [x,y,yaw]=[-2.270128 -0.463487 -2.675106]
[rf2o_laser_odometry_node-5] [INFO] [1771096674.351895934] [rf2o_laser_odometry]: Robot-base odom [x,y,yaw]=[-2.180812 -0.418512 -2.675106]
[rf2o_laser_odometry_node-5] [WARN] [1771096674.387201224] [rf2o_laser_odometry]: Waiting for laser_scans....
[rf2o_laser_odometry_node-5] [INFO] [1771096674.446937644] [rf2o_laser_odometry]: execution time (ms): 12.000000
[rf2o_laser_odometry_node-5] [INFO] [1771096674.447078584] [rf2o_laser_odometry]: Laser odom [x,y,yaw]=[-2.272984 -0.464713 -2.673562]
[rf2o_laser_odometry_node-5] [INFO] [1771096674.447104414] [rf2o_laser_odometry]: Robot-base odom [x,y,yaw]=[-2.183738 -0.419601 -2.673562]
[rf2o_laser_odometry_node-5] [WARN] [1771096674.486828164] [rf2o_laser_odometry]: Waiting for laser_scans....
[rf2o_laser_odometry_node-5] [INFO] [1771096674.549150464] [rf2o_laser_odometry]: execution time (ms): 12.000000
[rf2o_laser_odometry_node-5] [INFO] [1771096674.549312644] [rf2o_laser_odometry]: Laser odom [x,y,yaw]=[-2.268447 -0.462645 -2.675067]
[rf2o_laser_odometry_node-5] [INFO] [1771096674.549349094] [rf2o_laser_odometry]: Robot-base odom [x,y,yaw]=[-2.179133 -0.417666 -2.675067]
[rf2o_laser_odometry_node-5] [WARN] [1771096674.586909334] [rf2o_laser_odometry]: Waiting for laser_scans....
[rf2o_laser_odometry_node-5] [INFO] [1771096674.648863084] [rf2o_laser_odometry]: execution time (ms): 12.000000
[rf2o_laser_odometry_node-5] [INFO] [1771096674.649020494] [rf2o_laser_odometry]: Laser odom [x,y,yaw]=[-2.263900 -0.460585 -2.676611]
[rf2o_laser_odometry_node-5] [INFO] [1771096674.649066124] [rf2o_laser_odometry]: Robot-base odom [x,y,yaw]=[-2.174517 -0.415745 -2.676611]
[rf2o_laser_odometry_node-5] [WARN] [1771096674.686918414] [rf2o_laser_odometry]: Waiting for laser_scans....
[rf2o_laser_odometry_node-5] [INFO] [1771096674.752824154] [rf2o_laser_odometry]: execution time (ms): 16.000000
[rf2o_laser_odometry_node-5] [INFO] [1771096674.753033494] [rf2o_laser_odometry]: Laser odom [x,y,yaw]=[-2.261320 -0.459558 -2.677703]
[rf2o_laser_odometry_node-5] [INFO] [1771096674.753079574] [rf2o_laser_odometry]: Robot-base odom [x,y,yaw]=[-2.171888 -0.414815 -2.677703]
[rf2o_laser_odometry_node-5] [WARN] [1771096674.787128014] [rf2o_laser_odometry]: Waiting for laser_scans....
[rf2o_laser_odometry_node-5] [INFO] [1771096674.848651744] [rf2o_laser_odometry]: execution time (ms): 8.000000
[rf2o_laser_odometry_node-5] [INFO] [1771096674.848791154] [rf2o_laser_odometry]: Laser odom [x,y,yaw]=[-2.265867 -0.461628 -2.676280]
[rf2o_laser_odometry_node-5] [INFO] [1771096674.848821214] [rf2o_laser_odometry]: Robot-base odom [x,y,yaw]=[-2.176499 -0.416757 -2.676280]
[rf2o_laser_odometry_node-5] [WARN] [1771096674.886875374] [rf2o_laser_odometry]: Waiting for laser_scans....
[rf2o_laser_odometry_node-5] [WARN] [1771096674.936873344] [rf2o_laser_odometry]: Waiting for laser_scans....
[rf2o_laser_odometry_node-5] [INFO] [1771096674.998833394] [rf2o_laser_odometry]: execution time (ms): 16.000000
[rf2o_laser_odometry_node-5] [INFO] [1771096674.999590834] [rf2o_laser_odometry]: Laser odom [x,y,yaw]=[-2.270378 -0.463726 -2.674899]
[rf2o_laser_odometry_node-5] [INFO] [1771096674.999640784] [rf2o_laser_odometry]: Robot-base odom [x,y,yaw]=[-2.181072 -0.418733 -2.674899]
[rf2o_laser_odometry_node-5] [WARN] [1771096675.036879994] [rf2o_laser_odometry]: Waiting for laser_scans....
[rf2o_laser_odometry_node-5] [INFO] [1771096675.099097534] [rf2o_laser_odometry]: execution time (ms): 12.000000
[rf2o_laser_odometry_node-5] [INFO] [1771096675.099260434] [rf2o_laser_odometry]: Laser odom [x,y,yaw]=[-2.274874 -0.465841 -2.673394]
[rf2o_laser_odometry_node-5] [INFO] [1771096675.099292744] [rf2o_laser_odometry]: Robot-base odom [x,y,yaw]=[-2.185636 -0.420713 -2.673394]
[rf2o_laser_odometry_node-5] [WARN] [1771096675.136934794] [rf2o_laser_odometry]: Waiting for laser_scans....
[rf2o_laser_odometry_node-5] [INFO] [1771096675.200950984] [rf2o_laser_odometry]: execution time (ms): 8.000000
[rf2o_laser_odometry_node-5] [INFO] [1771096675.201174364] [rf2o_laser_odometry]: Laser odom [x,y,yaw]=[-2.275818 -0.466213 -2.672796]
[rf2o_laser_odometry_node-5] [INFO] [1771096675.201217924] [rf2o_laser_odometry]: Robot-base odom [x,y,yaw]=[-2.186607 -0.421032 -2.672796]
[rf2o_laser_odometry_node-5] [WARN] [1771096675.237186334] [rf2o_laser_odometry]: Waiting for laser_scans....
[rf2o_laser_odometry_node-5] [INFO] [1771096675.304099084] [rf2o_laser_odometry]: execution time (ms): 16.000000
[rf2o_laser_odometry_node-5] [INFO] [1771096675.304318504] [rf2o_laser_odometry]: Laser odom [x,y,yaw]=[-2.271267 -0.464146 -2.674260]
[rf2o_laser_odometry_node-5] [INFO] [1771096675.304367374] [rf2o_laser_odometry]: Robot-base odom [x,y,yaw]=[-2.181990 -0.419096 -2.674260]
[rf2o_laser_odometry_node-5] [WARN] [1771096675.336895804] [rf2o_laser_odometry]: Waiting for laser_scans....
[rf2o_laser_odometry_node-5] [INFO] [1771096675.399294604] [rf2o_laser_odometry]: execution time (ms): 12.000000
[rf2o_laser_odometry_node-5] [INFO] [1771096675.399428254] [rf2o_laser_odometry]: Laser odom [x,y,yaw]=[-2.266737 -0.462077 -2.675843]
[rf2o_laser_odometry_node-5] [INFO] [1771096675.399453814] [rf2o_laser_odometry]: Robot-base odom [x,y,yaw]=[-2.177389 -0.417168 -2.675843]
[rf2o_laser_odometry_node-5] [WARN] [1771096675.436947994] [rf2o_laser_odometry]: Waiting for laser_scans....
[rf2o_laser_odometry_node-5] [INFO] [1771096675.499417984] [rf2o_laser_odometry]: execution time (ms): 12.000000
[rf2o_laser_odometry_node-5] [INFO] [1771096675.499561984] [rf2o_laser_odometry]: Laser odom [x,y,yaw]=[-2.262166 -0.460034 -2.677266]
[rf2o_laser_odometry_node-5] [INFO] [1771096675.499587814] [rf2o_laser_odometry]: Robot-base odom [x,y,yaw]=[-2.172754 -0.415252 -2.677266]
[rf2o_laser_odometry_node-5] [WARN] [1771096675.537365674] [rf2o_laser_odometry]: Waiting for laser_scans....
[rf2o_laser_odometry_node-5] [INFO] [1771096675.597503134] [rf2o_laser_odometry]: execution time (ms): 12.000000
[rf2o_laser_odometry_node-5] [INFO] [1771096675.598322944] [rf2o_laser_odometry]: Laser odom [x,y,yaw]=[-2.262953 -0.460335 -2.677266]
[rf2o_laser_odometry_node-5] [INFO] [1771096675.598385674] [rf2o_laser_odometry]: Robot-base odom [x,y,yaw]=[-2.173541 -0.415553 -2.677266]
[rf2o_laser_odometry_node-5] [WARN] [1771096675.637003414] [rf2o_laser_odometry]: Waiting for laser_scans....
[rf2o_laser_odometry_node-5] [INFO] [1771096675.699008464] [rf2o_laser_odometry]: execution time (ms): 12.000000
[rf2o_laser_odometry_node-5] [INFO] [1771096675.699148684] [rf2o_laser_odometry]: Laser odom [x,y,yaw]=[-2.267497 -0.462409 -2.675843]
[rf2o_laser_odometry_node-5] [INFO] [1771096675.699190444] [rf2o_laser_odometry]: Robot-base odom [x,y,yaw]=[-2.178149 -0.417500 -2.675843]
[rf2o_laser_odometry_node-5] [WARN] [1771096675.738228574] [rf2o_laser_odometry]: Waiting for laser_scans....
[rf2o_laser_odometry_node-5] [INFO] [1771096675.798662674] [rf2o_laser_odometry]: execution time (ms): 12.000000
[rf2o_laser_odometry_node-5] [INFO] [1771096675.798792454] [rf2o_laser_odometry]: Laser odom [x,y,yaw]=[-2.271993 -0.464516 -2.674419]
[rf2o_laser_odometry_node-5] [INFO] [1771096675.798817384] [rf2o_laser_odometry]: Robot-base odom [x,y,yaw]=[-2.182708 -0.419479 -2.674419]
[rf2o_laser_odometry_node-5] [WARN] [1771096675.836856874] [rf2o_laser_odometry]: Waiting for laser_scans....
[rf2o_laser_odometry_node-5] [INFO] [1771096675.898758424] [rf2o_laser_odometry]: execution time (ms): 12.000000
[rf2o_laser_odometry_node-5] [INFO] [1771096675.900132364] [rf2o_laser_odometry]: Laser odom [x,y,yaw]=[-2.276499 -0.466625 -2.672996]
[rf2o_laser_odometry_node-5] [INFO] [1771096675.900187264] [rf2o_laser_odometry]: Robot-base odom [x,y,yaw]=[-2.187279 -0.421461 -2.672996]
[rf2o_laser_odometry_node-5] [WARN] [1771096675.936926434] [rf2o_laser_odometry]: Waiting for laser_scans....
[rf2o_laser_odometry_node-5] [INFO] [1771096676.002395674] [rf2o_laser_odometry]: execution time (ms): 0.000000
[rf2o_laser_odometry_node-5] [INFO] [1771096676.002952684] [rf2o_laser_odometry]: Laser odom [x,y,yaw]=[-2.275285 -0.466148 -2.672996]
[rf2o_laser_odometry_node-5] [INFO] [1771096676.002993454] [rf2o_laser_odometry]: Robot-base odom [x,y,yaw]=[-2.186065 -0.420984 -2.672996]
[rf2o_laser_odometry_node-5] [WARN] [1771096676.037026684] [rf2o_laser_odometry]: Waiting for laser_scans....
[rf2o_laser_odometry_node-5] [INFO] [1771096676.103416174] [rf2o_laser_odometry]: execution time (ms): 16.000000
[rf2o_laser_odometry_node-5] [INFO] [1771096676.104292864] [rf2o_laser_odometry]: Laser odom [x,y,yaw]=[-2.270728 -0.464084 -2.674419]
[rf2o_laser_odometry_node-5] [INFO] [1771096676.105870744] [rf2o_laser_odometry]: Robot-base odom [x,y,yaw]=[-2.181444 -0.419047 -2.674419]
[rf2o_laser_odometry_node-5] [WARN] [1771096676.136966194] [rf2o_laser_odometry]: Waiting for laser_scans....
[rf2o_laser_odometry_node-5] [WARN] [1771096676.186941124] [rf2o_laser_odometry]: Waiting for laser_scans....
[rf2o_laser_odometry_node-5] [INFO] [1771096676.249798294] [rf2o_laser_odometry]: execution time (ms): 12.000000
[rf2o_laser_odometry_node-5] [INFO] [1771096676.249991254] [rf2o_laser_odometry]: Laser odom [x,y,yaw]=[-2.266169 -0.462030 -2.675924]
[rf2o_laser_odometry_node-5] [INFO] [1771096676.250033914] [rf2o_laser_odometry]: Robot-base odom [x,y,yaw]=[-2.176817 -0.417128 -2.675924]
[rf2o_laser_odometry_node-5] [INFO] [1771096676.297866484] [rf2o_laser_odometry]: execution time (ms): 12.000000
[rf2o_laser_odometry_node-5] [INFO] [1771096676.298028394] [rf2o_laser_odometry]: Laser odom [x,y,yaw]=[-2.261590 -0.459993 -2.677389]
[rf2o_laser_odometry_node-5] [INFO] [1771096676.298063044] [rf2o_laser_odometry]: Robot-base odom [x,y,yaw]=[-2.172172 -0.415222 -2.677389]
[rf2o_laser_odometry_node-5] [WARN] [1771096676.337307004] [rf2o_laser_odometry]: Waiting for laser_scans....
[rf2o_laser_odometry_node-5] [INFO] [1771096676.401112504] [rf2o_laser_odometry]: execution time (ms): 16.000000
[rf2o_laser_odometry_node-5] [INFO] [1771096676.401240304] [rf2o_laser_odometry]: Laser odom [x,y,yaw]=[-2.256965 -0.457984 -2.678854]
[rf2o_laser_odometry_node-5] [INFO] [1771096676.401265414] [rf2o_laser_odometry]: Robot-base odom [x,y,yaw]=[-2.167482 -0.413343 -2.678854]
[rf2o_laser_odometry_node-5] [WARN] [1771096676.436879224] [rf2o_laser_odometry]: Waiting for laser_scans....
[rf2o_laser_odometry_node-5] [INFO] [1771096676.498120714] [rf2o_laser_odometry]: execution time (ms): 12.000000
[rf2o_laser_odometry_node-5] [INFO] [1771096676.498282354] [rf2o_laser_odometry]: Laser odom [x,y,yaw]=[-2.260168 -0.459268 -2.677762]
[rf2o_laser_odometry_node-5] [INFO] [1771096676.498320244] [rf2o_laser_odometry]: Robot-base odom [x,y,yaw]=[-2.170733 -0.414530 -2.677762]
[rf2o_laser_odometry_node-5] [WARN] [1771096676.536868234] [rf2o_laser_odometry]: Waiting for laser_scans....
[rf2o_laser_odometry_node-5] [INFO] [1771096676.598920804] [rf2o_laser_odometry]: execution time (ms): 8.000000
[rf2o_laser_odometry_node-5] [INFO] [1771096676.599112504] [rf2o_laser_odometry]: Laser odom [x,y,yaw]=[-2.264717 -0.461334 -2.676381]
[rf2o_laser_odometry_node-5] [INFO] [1771096676.599161644] [rf2o_laser_odometry]: Robot-base odom [x,y,yaw]=[-2.175345 -0.416472 -2.676381]
[rf2o_laser_odometry_node-5] [WARN] [1771096676.636937254] [rf2o_laser_odometry]: Waiting for laser_scans....
[rf2o_laser_odometry_node-5] [INFO] [1771096676.697523004] [rf2o_laser_odometry]: execution time (ms): 12.000000
[rf2o_laser_odometry_node-5] [INFO] [1771096676.697665114] [rf2o_laser_odometry]: Laser odom [x,y,yaw]=[-2.269248 -0.463419 -2.674957]
[rf2o_laser_odometry_node-5] [INFO] [1771096676.697689324] [rf2o_laser_odometry]: Robot-base odom [x,y,yaw]=[-2.179939 -0.418430 -2.674957]
[rf2o_laser_odometry_node-5] [WARN] [1771096676.736854624] [rf2o_laser_odometry]: Waiting for laser_scans....
[rf2o_laser_odometry_node-5] [WARN] [1771096676.788526684] [rf2o_laser_odometry]: Waiting for laser_scans....
[rf2o_laser_odometry_node-5] [INFO] [1771096676.858420234] [rf2o_laser_odometry]: execution time (ms): 8.000000
[rf2o_laser_odometry_node-5] [INFO] [1771096676.858636954] [rf2o_laser_odometry]: Laser odom [x,y,yaw]=[-2.273752 -0.465527 -2.673534]
[rf2o_laser_odometry_node-5] [INFO] [1771096676.858686004] [rf2o_laser_odometry]: Robot-base odom [x,y,yaw]=[-2.184508 -0.420411 -2.673534]
[rf2o_laser_odometry_node-5] [WARN] [1771096676.887901354] [rf2o_laser_odometry]: Waiting for laser_scans....
[rf2o_laser_odometry_node-5] [INFO] [1771096676.948433194] [rf2o_laser_odometry]: execution time (ms): 12.000000
[rf2o_laser_odometry_node-5] [INFO] [1771096676.949478454] [rf2o_laser_odometry]: Laser odom [x,y,yaw]=[-2.270578 -0.464214 -2.674826]
[rf2o_laser_odometry_node-5] [INFO] [1771096676.952608924] [rf2o_laser_odometry]: Robot-base odom [x,y,yaw]=[-2.181275 -0.419214 -2.674826]
[rf2o_laser_odometry_node-5] [WARN] [1771096676.986904684] [rf2o_laser_odometry]: Waiting for laser_scans....
[rf2o_laser_odometry_node-5] [INFO] [1771096677.049456934] [rf2o_laser_odometry]: execution time (ms): 8.000000
[rf2o_laser_odometry_node-5] [INFO] [1771096677.050509934] [rf2o_laser_odometry]: Laser odom [x,y,yaw]=[-2.266012 -0.462166 -2.676290]
[rf2o_laser_odometry_node-5] [INFO] [1771096677.051310664] [rf2o_laser_odometry]: Robot-base odom [x,y,yaw]=[-2.176643 -0.417296 -2.676290]
[rf2o_laser_odometry_node-5] [WARN] [1771096677.089385434] [rf2o_laser_odometry]: Waiting for laser_scans....
[rf2o_laser_odometry_node-5] [INFO] [1771096677.154259414] [rf2o_laser_odometry]: execution time (ms): 20.000000
[rf2o_laser_odometry_node-5] [INFO] [1771096677.154432124] [rf2o_laser_odometry]: Laser odom [x,y,yaw]=[-2.262720 -0.460817 -2.677714]
[rf2o_laser_odometry_node-5] [INFO] [1771096677.154471544] [rf2o_laser_odometry]: Robot-base odom [x,y,yaw]=[-2.173288 -0.416075 -2.677714]
[rf2o_laser_odometry_node-5] [WARN] [1771096677.186871814] [rf2o_laser_odometry]: Waiting for laser_scans....
[rf2o_laser_odometry_node-5] [WARN] [1771096677.236994164] [rf2o_laser_odometry]: Waiting for laser_scans....
[rf2o_laser_odometry_node-5] [INFO] [1771096677.313290314] [rf2o_laser_odometry]: execution time (ms): 24.000000
[rf2o_laser_odometry_node-5] [INFO] [1771096677.314484794] [rf2o_laser_odometry]: Laser odom [x,y,yaw]=[-2.267286 -0.462879 -2.676333]
[rf2o_laser_odometry_node-5] [INFO] [1771096677.314719424] [rf2o_laser_odometry]: Robot-base odom [x,y,yaw]=[-2.177915 -0.418013 -2.676333]
[rf2o_laser_odometry_node-5] [WARN] [1771096677.336996494] [rf2o_laser_odometry]: Waiting for laser_scans....
[rf2o_laser_odometry_node-5] [INFO] [1771096677.396467954] [rf2o_laser_odometry]: execution time (ms): 8.000000
[rf2o_laser_odometry_node-5] [INFO] [1771096677.396606644] [rf2o_laser_odometry]: Laser odom [x,y,yaw]=[-2.271788 -0.464980 -2.674909]
[rf2o_laser_odometry_node-5] [INFO] [1771096677.396631214] [rf2o_laser_odometry]: Robot-base odom [x,y,yaw]=[-2.182481 -0.419987 -2.674909]
[rf2o_laser_odometry_node-5] [WARN] [1771096677.436864364] [rf2o_laser_odometry]: Waiting for laser_scans....
[rf2o_laser_odometry_node-5] [INFO] [1771096677.499876154] [rf2o_laser_odometry]: execution time (ms): 12.000000
[rf2o_laser_odometry_node-5] [INFO] [1771096677.500057594] [rf2o_laser_odometry]: Laser odom [x,y,yaw]=[-2.276304 -0.467080 -2.673486]
[rf2o_laser_odometry_node-5] [INFO] [1771096677.500106464] [rf2o_laser_odometry]: Robot-base odom [x,y,yaw]=[-2.187061 -0.421960 -2.673486]
[rf2o_laser_odometry_node-5] [WARN] [1771096677.536950844] [rf2o_laser_odometry]: Waiting for laser_scans....
[rf2o_laser_odometry_node-5] [INFO] [1771096677.600335414] [rf2o_laser_odometry]: execution time (ms): 12.000000
[rf2o_laser_odometry_node-5] [INFO] [1771096677.600505244] [rf2o_laser_odometry]: Laser odom [x,y,yaw]=[-2.275517 -0.466775 -2.673486]
[rf2o_laser_odometry_node-5] [INFO] [1771096677.600546194] [rf2o_laser_odometry]: Robot-base odom [x,y,yaw]=[-2.186275 -0.421655 -2.673486]
[rf2o_laser_odometry_node-5] [WARN] [1771096677.636850484] [rf2o_laser_odometry]: Waiting for laser_scans....
[rf2o_laser_odometry_node-5] [INFO] [1771096677.698405444] [rf2o_laser_odometry]: execution time (ms): 12.000000
[rf2o_laser_odometry_node-5] [INFO] [1771096677.699921674] [rf2o_laser_odometry]: Laser odom [x,y,yaw]=[-2.270954 -0.464716 -2.674909]
[rf2o_laser_odometry_node-5] [INFO] [1771096677.699997094] [rf2o_laser_odometry]: Robot-base odom [x,y,yaw]=[-2.181647 -0.419723 -2.674909]
[rf2o_laser_odometry_node-5] [WARN] [1771096677.736930304] [rf2o_laser_odometry]: Waiting for laser_scans....
[rf2o_laser_odometry_node-5] [INFO] [1771096677.800635634] [rf2o_laser_odometry]: execution time (ms): 8.000000
[rf2o_laser_odometry_node-5] [INFO] [1771096677.800837414] [rf2o_laser_odometry]: Laser odom [x,y,yaw]=[-2.266416 -0.462655 -2.676414]
[rf2o_laser_odometry_node-5] [INFO] [1771096677.800876384] [rf2o_laser_odometry]: Robot-base odom [x,y,yaw]=[-2.177042 -0.417797 -2.676414]
[rf2o_laser_odometry_node-5] [WARN] [1771096677.837100754] [rf2o_laser_odometry]: Waiting for laser_scans....
[rf2o_laser_odometry_node-5] [INFO] [1771096677.899116784] [rf2o_laser_odometry]: execution time (ms): 12.000000
[rf2o_laser_odometry_node-5] [INFO] [1771096677.899289764] [rf2o_laser_odometry]: Laser odom [x,y,yaw]=[-2.261835 -0.460619 -2.677838]
[rf2o_laser_odometry_node-5] [INFO] [1771096677.899329634] [rf2o_laser_odometry]: Robot-base odom [x,y,yaw]=[-2.172397 -0.415888 -2.677838]
[rf2o_laser_odometry_node-5] [WARN] [1771096677.936907514] [rf2o_laser_odometry]: Waiting for laser_scans....
[rf2o_laser_odometry_node-5] [INFO] [1771096678.000913444] [rf2o_laser_odometry]: execution time (ms): 12.000000
[rf2o_laser_odometry_node-5] [INFO] [1771096678.002081734] [rf2o_laser_odometry]: Laser odom [x,y,yaw]=[-2.263470 -0.461250 -2.677350]
[rf2o_laser_odometry_node-5] [INFO] [1771096678.003143194] [rf2o_laser_odometry]: Robot-base odom [x,y,yaw]=[-2.174054 -0.416475 -2.677350]
[rf2o_laser_odometry_node-5] [WARN] [1771096678.036855034] [rf2o_laser_odometry]: Waiting for laser_scans....
[rf2o_laser_odometry_node-5] [INFO] [1771096678.101632534] [rf2o_laser_odometry]: execution time (ms): 16.000000
[rf2o_laser_odometry_node-5] [INFO] [1771096678.101768254] [rf2o_laser_odometry]: Laser odom [x,y,yaw]=[-2.268013 -0.463324 -2.675969]
[rf2o_laser_odometry_node-5] [INFO] [1771096678.101815684] [rf2o_laser_odometry]: Robot-base odom [x,y,yaw]=[-2.178658 -0.418426 -2.675969]
[rf2o_laser_odometry_node-5] [WARN] [1771096678.136964194] [rf2o_laser_odometry]: Waiting for laser_scans....
[rf2o_laser_odometry_node-5] [INFO] [1771096678.198945664] [rf2o_laser_odometry]: execution time (ms): 12.000000
[rf2o_laser_odometry_node-5] [INFO] [1771096678.200047804] [rf2o_laser_odometry]: Laser odom [x,y,yaw]=[-2.272518 -0.465426 -2.674545]
[rf2o_laser_odometry_node-5] [INFO] [1771096678.200134474] [rf2o_laser_odometry]: Robot-base odom [x,y,yaw]=[-2.183228 -0.420401 -2.674545]
[rf2o_laser_odometry_node-5] [WARN] [1771096678.236889754] [rf2o_laser_odometry]: Waiting for laser_scans....
[rf2o_laser_odometry_node-5] [INFO] [1771096678.297691414] [rf2o_laser_odometry]: execution time (ms): 8.000000
[rf2o_laser_odometry_node-5] [INFO] [1771096678.297859804] [rf2o_laser_odometry]: Laser odom [x,y,yaw]=[-2.270882 -0.464777 -2.675143]
[rf2o_laser_odometry_node-5] [INFO] [1771096678.297893374] [rf2o_laser_odometry]: Robot-base odom [x,y,yaw]=[-2.181565 -0.419805 -2.675143]
[rf2o_laser_odometry_node-5] [WARN] [1771096678.337169374] [rf2o_laser_odometry]: Waiting for laser_scans....
[rf2o_laser_odometry_node-5] [INFO] [1771096678.397696534] [rf2o_laser_odometry]: execution time (ms): 8.000000
[rf2o_laser_odometry_node-5] [INFO] [1771096678.397861684] [rf2o_laser_odometry]: Laser odom [x,y,yaw]=[-2.266333 -0.462723 -2.676648]
[rf2o_laser_odometry_node-5] [INFO] [1771096678.397901914] [rf2o_laser_odometry]: Robot-base odom [x,y,yaw]=[-2.176948 -0.417886 -2.676648]
[rf2o_laser_odometry_node-5] [WARN] [1771096678.436857694] [rf2o_laser_odometry]: Waiting for laser_scans....
[rf2o_laser_odometry_node-5] [WARN] [1771096678.486881494] [rf2o_laser_odometry]: Waiting for laser_scans....
[rf2o_laser_odometry_node-5] [INFO] [1771096678.549476494] [rf2o_laser_odometry]: execution time (ms): 12.000000
[rf2o_laser_odometry_node-5] [INFO] [1771096678.549652264] [rf2o_laser_odometry]: Laser odom [x,y,yaw]=[-2.261751 -0.460689 -2.678072]
[rf2o_laser_odometry_node-5] [INFO] [1771096678.549680434] [rf2o_laser_odometry]: Robot-base odom [x,y,yaw]=[-2.172302 -0.415979 -2.678072]
[rf2o_laser_odometry_node-5] [INFO] [1771096678.598252354] [rf2o_laser_odometry]: execution time (ms): 12.000000
[rf2o_laser_odometry_node-5] [INFO] [1771096678.598796674] [rf2o_laser_odometry]: Laser odom [x,y,yaw]=[-2.263791 -0.461491 -2.677474]
[rf2o_laser_odometry_node-5] [INFO] [1771096678.598870114] [rf2o_laser_odometry]: Robot-base odom [x,y,yaw]=[-2.174370 -0.416728 -2.677474]
[rf2o_laser_odometry_node-5] [WARN] [1771096678.636967114] [rf2o_laser_odometry]: Waiting for laser_scans....
[rf2o_laser_odometry_node-5] [INFO] [1771096678.702540934] [rf2o_laser_odometry]: execution time (ms): 12.000000
[rf2o_laser_odometry_node-5] [INFO] [1771096678.702787444] [rf2o_laser_odometry]: Laser odom [x,y,yaw]=[-2.268337 -0.463564 -2.676136]
[rf2o_laser_odometry_node-5] [INFO] [1771096678.702832354] [rf2o_laser_odometry]: Robot-base odom [x,y,yaw]=[-2.178975 -0.418681 -2.676136]
[rf2o_laser_odometry_node-5] [WARN] [1771096678.737491984] [rf2o_laser_odometry]: Waiting for laser_scans....
[rf2o_laser_odometry_node-5] [INFO] [1771096678.806375374] [rf2o_laser_odometry]: execution time (ms): 12.000000
[rf2o_laser_odometry_node-5] [INFO] [1771096678.806585524] [rf2o_laser_odometry]: Laser odom [x,y,yaw]=[-2.272844 -0.465666 -2.674713]
[rf2o_laser_odometry_node-5] [INFO] [1771096678.806635474] [rf2o_laser_odometry]: Robot-base odom [x,y,yaw]=[-2.183547 -0.420656 -2.674713]
[rf2o_laser_odometry_node-5] [WARN] [1771096678.836871334] [rf2o_laser_odometry]: Waiting for laser_scans....
[rf2o_laser_odometry_node-5] [WARN] [1771096678.887646544] [rf2o_laser_odometry]: Waiting for laser_scans....
[rf2o_laser_odometry_node-5] [INFO] [1771096678.947767264] [rf2o_laser_odometry]: execution time (ms): 8.000000
[rf2o_laser_odometry_node-5] [INFO] [1771096678.948046534] [rf2o_laser_odometry]: Laser odom [x,y,yaw]=[-2.269343 -0.464203 -2.676094]
[rf2o_laser_odometry_node-5] [INFO] [1771096678.948181714] [rf2o_laser_odometry]: Robot-base odom [x,y,yaw]=[-2.179984 -0.419316 -2.676094]
[rf2o_laser_odometry_node-5] [WARN] [1771096678.986857054] [rf2o_laser_odometry]: Waiting for laser_scans....
[rf2o_laser_odometry_node-5] [INFO] [1771096679.046877694] [rf2o_laser_odometry]: execution time (ms): 4.000000
[rf2o_laser_odometry_node-5] [INFO] [1771096679.047029884] [rf2o_laser_odometry]: Laser odom [x,y,yaw]=[-2.264769 -0.462163 -2.677475]
[rf2o_laser_odometry_node-5] [INFO] [1771096679.047072094] [rf2o_laser_odometry]: Robot-base odom [x,y,yaw]=[-2.175347 -0.417399 -2.677475]
[rf2o_laser_odometry_node-5] [WARN] [1771096679.086913024] [rf2o_laser_odometry]: Waiting for laser_scans....
[rf2o_laser_odometry_node-5] [INFO] [1771096679.151430514] [rf2o_laser_odometry]: execution time (ms): 12.000000
[rf2o_laser_odometry_node-5] [INFO] [1771096679.152532564] [rf2o_laser_odometry]: Laser odom [x,y,yaw]=[-2.260178 -0.460137 -2.678940]
[rf2o_laser_odometry_node-5] [INFO] [1771096679.153219714] [rf2o_laser_odometry]: Robot-base odom [x,y,yaw]=[-2.170691 -0.415505 -2.678940]
[rf2o_laser_odometry_node-5] [WARN] [1771096679.186934704] [rf2o_laser_odometry]: Waiting for laser_scans....
[rf2o_laser_odometry_node-5] [INFO] [1771096679.248333064] [rf2o_laser_odometry]: execution time (ms): 12.000000
[rf2o_laser_odometry_node-5] [INFO] [1771096679.248460324] [rf2o_laser_odometry]: Laser odom [x,y,yaw]=[-2.255901 -0.458331 -2.680405]
[rf2o_laser_odometry_node-5] [INFO] [1771096679.248484084] [rf2o_laser_odometry]: Robot-base odom [x,y,yaw]=[-2.166348 -0.413830 -2.680405]
[rf2o_laser_odometry_node-5] [WARN] [1771096679.287609064] [rf2o_laser_odometry]: Waiting for laser_scans....
[rf2o_laser_odometry_node-5] [INFO] [1771096679.348201564] [rf2o_laser_odometry]: execution time (ms): 12.000000
[rf2o_laser_odometry_node-5] [INFO] [1771096679.348337194] [rf2o_laser_odometry]: Laser odom [x,y,yaw]=[-2.260271 -0.460210 -2.679067]
[rf2o_laser_odometry_node-5] [INFO] [1771096679.348372744] [rf2o_laser_odometry]: Robot-base odom [x,y,yaw]=[-2.170778 -0.415589 -2.679067]
[rf2o_laser_odometry_node-5] [WARN] [1771096679.386843424] [rf2o_laser_odometry]: Waiting for laser_scans....
[rf2o_laser_odometry_node-5] [INFO] [1771096679.448870074] [rf2o_laser_odometry]: execution time (ms): 12.000000
[rf2o_laser_odometry_node-5] [INFO] [1771096679.448999944] [rf2o_laser_odometry]: Laser odom [x,y,yaw]=[-2.264820 -0.462272 -2.677644]
[rf2o_laser_odometry_node-5] [INFO] [1771096679.449033154] [rf2o_laser_odometry]: Robot-base odom [x,y,yaw]=[-2.175391 -0.417524 -2.677644]
[rf2o_laser_odometry_node-5] [WARN] [1771096679.486879594] [rf2o_laser_odometry]: Waiting for laser_scans....
[rf2o_laser_odometry_node-5] [INFO] [1771096679.550645134] [rf2o_laser_odometry]: execution time (ms): 12.000000
[rf2o_laser_odometry_node-5] [INFO] [1771096679.550787334] [rf2o_laser_odometry]: Laser odom [x,y,yaw]=[-2.269357 -0.464353 -2.676220]
[rf2o_laser_odometry_node-5] [INFO] [1771096679.550816764] [rf2o_laser_odometry]: Robot-base odom [x,y,yaw]=[-2.179991 -0.419477 -2.676220]
[rf2o_laser_odometry_node-5] [WARN] [1771096679.586909464] [rf2o_laser_odometry]: Waiting for laser_scans....
[rf2o_laser_odometry_node-5] [INFO] [1771096679.651411744] [rf2o_laser_odometry]: execution time (ms): 12.000000
[rf2o_laser_odometry_node-5] [INFO] [1771096679.654189684] [rf2o_laser_odometry]: Laser odom [x,y,yaw]=[-2.273869 -0.466452 -2.674797]
[rf2o_laser_odometry_node-5] [INFO] [1771096679.654261144] [rf2o_laser_odometry]: Robot-base odom [x,y,yaw]=[-2.184568 -0.421449 -2.674797]
[rf2o_laser_odometry_node-5] [WARN] [1771096679.686849604] [rf2o_laser_odometry]: Waiting for laser_scans....
[rf2o_laser_odometry_node-5] [INFO] [1771096679.749514084] [rf2o_laser_odometry]: execution time (ms): 12.000000
[rf2o_laser_odometry_node-5] [INFO] [1771096679.749685984] [rf2o_laser_odometry]: Laser odom [x,y,yaw]=[-2.277616 -0.468105 -2.673214]
[rf2o_laser_odometry_node-5] [INFO] [1771096679.749725044] [rf2o_laser_odometry]: Robot-base odom [x,y,yaw]=[-2.188385 -0.422961 -2.673214]
[rf2o_laser_odometry_node-5] [WARN] [1771096679.786847074] [rf2o_laser_odometry]: Waiting for laser_scans....
[rf2o_laser_odometry_node-5] [INFO] [1771096679.849202044] [rf2o_laser_odometry]: execution time (ms): 12.000000
[rf2o_laser_odometry_node-5] [INFO] [1771096679.849334614] [rf2o_laser_odometry]: Laser odom [x,y,yaw]=[-2.273081 -0.466108 -2.674638]
[rf2o_laser_odometry_node-5] [INFO] [1771096679.849387984] [rf2o_laser_odometry]: Robot-base odom [x,y,yaw]=[-2.183786 -0.421091 -2.674638]
[rf2o_laser_odometry_node-5] [WARN] [1771096679.886942374] [rf2o_laser_odometry]: Waiting for laser_scans....
[rf2o_laser_odometry_node-5] [INFO] [1771096679.948555564] [rf2o_laser_odometry]: execution time (ms): 12.000000
[rf2o_laser_odometry_node-5] [INFO] [1771096679.948716664] [rf2o_laser_odometry]: Laser odom [x,y,yaw]=[-2.268536 -0.464047 -2.676103]
[rf2o_laser_odometry_node-5] [INFO] [1771096679.948821874] [rf2o_laser_odometry]: Robot-base odom [x,y,yaw]=[-2.179175 -0.419161 -2.676103]
[rf2o_laser_odometry_node-5] [WARN] [1771096679.986857314] [rf2o_laser_odometry]: Waiting for laser_scans....
[rf2o_laser_odometry_node-5] [INFO] [1771096680.047356574] [rf2o_laser_odometry]: execution time (ms): 8.000000
[rf2o_laser_odometry_node-5] [INFO] [1771096680.047500124] [rf2o_laser_odometry]: Laser odom [x,y,yaw]=[-2.263957 -0.462008 -2.677526]
[rf2o_laser_odometry_node-5] [INFO] [1771096680.047548184] [rf2o_laser_odometry]: Robot-base odom [x,y,yaw]=[-2.174533 -0.417249 -2.677526]
[rf2o_laser_odometry_node-5] [WARN] [1771096680.086883854] [rf2o_laser_odometry]: Waiting for laser_scans....
[rf2o_laser_odometry_node-5] [INFO] [1771096680.148813934] [rf2o_laser_odometry]: execution time (ms): 8.000000
[rf2o_laser_odometry_node-5] [INFO] [1771096680.149026874] [rf2o_laser_odometry]: Laser odom [x,y,yaw]=[-2.260655 -0.460665 -2.678950]
[rf2o_laser_odometry_node-5] [INFO] [1771096680.149070344] [rf2o_laser_odometry]: Robot-base odom [x,y,yaw]=[-2.171168 -0.416034 -2.678950]
[rf2o_laser_odometry_node-5] [WARN] [1771096680.186858194] [rf2o_laser_odometry]: Waiting for laser_scans....
[rf2o_laser_odometry_node-5] [INFO] [1771096680.248292734] [rf2o_laser_odometry]: execution time (ms): 12.000000
[rf2o_laser_odometry_node-5] [INFO] [1771096680.248424494] [rf2o_laser_odometry]: Laser odom [x,y,yaw]=[-2.265232 -0.462715 -2.677613]
[rf2o_laser_odometry_node-5] [INFO] [1771096680.248450234] [rf2o_laser_odometry]: Robot-base odom [x,y,yaw]=[-2.175804 -0.417964 -2.677613]
[rf2o_laser_odometry_node-5] [WARN] [1771096680.286943234] [rf2o_laser_odometry]: Waiting for laser_scans....
[rf2o_laser_odometry_node-5] [INFO] [1771096680.347679194] [rf2o_laser_odometry]: execution time (ms): 8.000000
[rf2o_laser_odometry_node-5] [INFO] [1771096680.347863784] [rf2o_laser_odometry]: Laser odom [x,y,yaw]=[-2.269762 -0.464799 -2.676232]
[rf2o_laser_odometry_node-5] [INFO] [1771096680.347901854] [rf2o_laser_odometry]: Robot-base odom [x,y,yaw]=[-2.180396 -0.419924 -2.676232]
[rf2o_laser_odometry_node-5] [WARN] [1771096680.386911184] [rf2o_laser_odometry]: Waiting for laser_scans....
[rf2o_laser_odometry_node-5] [INFO] [1771096680.452243894] [rf2o_laser_odometry]: execution time (ms): 16.000000
[rf2o_laser_odometry_node-5] [INFO] [1771096680.452455214] [rf2o_laser_odometry]: Laser odom [x,y,yaw]=[-2.272650 -0.466016 -2.674895]
[rf2o_laser_odometry_node-5] [INFO] [1771096680.452617934] [rf2o_laser_odometry]: Robot-base odom [x,y,yaw]=[-2.183344 -0.421022 -2.674895]
[rf2o_laser_odometry_node-5] [WARN] [1771096680.489341624] [rf2o_laser_odometry]: Waiting for laser_scans....
[rf2o_laser_odometry_node-5] [INFO] [1771096680.551400314] [rf2o_laser_odometry]: execution time (ms): 16.000000
[rf2o_laser_odometry_node-5] [INFO] [1771096680.552585344] [rf2o_laser_odometry]: Laser odom [x,y,yaw]=[-2.268078 -0.463970 -2.676276]
[rf2o_laser_odometry_node-5] [INFO] [1771096680.553445024] [rf2o_laser_odometry]: Robot-base odom [x,y,yaw]=[-2.178710 -0.419100 -2.676276]
[rf2o_laser_odometry_node-5] [WARN] [1771096680.587062634] [rf2o_laser_odometry]: Waiting for laser_scans....
[rf2o_laser_odometry_node-5] [WARN] [1771096680.636879074] [rf2o_laser_odometry]: Waiting for laser_scans....
[rf2o_laser_odometry_node-5] [INFO] [1771096680.698782604] [rf2o_laser_odometry]: execution time (ms): 12.000000
[rf2o_laser_odometry_node-5] [INFO] [1771096680.698928494] [rf2o_laser_odometry]: Laser odom [x,y,yaw]=[-2.263499 -0.461932 -2.677740]
[rf2o_laser_odometry_node-5] [INFO] [1771096680.698953424] [rf2o_laser_odometry]: Robot-base odom [x,y,yaw]=[-2.174065 -0.417192 -2.677740]
[rf2o_laser_odometry_node-5] [INFO] [1771096680.750454934] [rf2o_laser_odometry]: execution time (ms): 12.000000
[rf2o_laser_odometry_node-5] [INFO] [1771096680.750633404] [rf2o_laser_odometry]: Laser odom [x,y,yaw]=[-2.258905 -0.459911 -2.679164]
[rf2o_laser_odometry_node-5] [INFO] [1771096680.751585874] [rf2o_laser_odometry]: Robot-base odom [x,y,yaw]=[-2.169408 -0.415298 -2.679164]
[rf2o_laser_odometry_node-5] [WARN] [1771096680.786985034] [rf2o_laser_odometry]: Waiting for laser_scans....
[rf2o_laser_odometry_node-5] [INFO] [1771096680.852910034] [rf2o_laser_odometry]: execution time (ms): 16.000000
[rf2o_laser_odometry_node-5] [INFO] [1771096680.855789584] [rf2o_laser_odometry]: Laser odom [x,y,yaw]=[-2.257105 -0.459220 -2.679855]
[rf2o_laser_odometry_node-5] [INFO] [1771096680.855858884] [rf2o_laser_odometry]: Robot-base odom [x,y,yaw]=[-2.167577 -0.414669 -2.679855]
[rf2o_laser_odometry_node-5] [WARN] [1771096680.886855604] [rf2o_laser_odometry]: Waiting for laser_scans....
[rf2o_laser_odometry_node-5] [WARN] [1771096680.936904604] [rf2o_laser_odometry]: Waiting for laser_scans....
[rf2o_laser_odometry_node-5] [INFO] [1771096680.997641464] [rf2o_laser_odometry]: execution time (ms): 12.000000
[rf2o_laser_odometry_node-5] [INFO] [1771096680.997826864] [rf2o_laser_odometry]: Laser odom [x,y,yaw]=[-2.261715 -0.461249 -2.678659]
[rf2o_laser_odometry_node-5] [INFO] [1771096680.997867634] [rf2o_laser_odometry]: Robot-base odom [x,y,yaw]=[-2.172241 -0.416592 -2.678659]
[rf2o_laser_odometry_node-5] [WARN] [1771096681.036924394] [rf2o_laser_odometry]: Waiting for laser_scans....
[rf2o_laser_odometry_node-5] [INFO] [1771096681.099004414] [rf2o_laser_odometry]: execution time (ms): 12.000000
[rf2o_laser_odometry_node-5] [INFO] [1771096681.099229234] [rf2o_laser_odometry]: Laser odom [x,y,yaw]=[-2.266257 -0.463318 -2.677277]
[rf2o_laser_odometry_node-5] [INFO] [1771096681.099278104] [rf2o_laser_odometry]: Robot-base odom [x,y,yaw]=[-2.176845 -0.418537 -2.677277]
[rf2o_laser_odometry_node-5] [WARN] [1771096681.136834924] [rf2o_laser_odometry]: Waiting for laser_scans....
[rf2o_laser_odometry_node-5] [INFO] [1771096681.198381334] [rf2o_laser_odometry]: execution time (ms): 12.000000
[rf2o_laser_odometry_node-5] [INFO] [1771096681.199349194] [rf2o_laser_odometry]: Laser odom [x,y,yaw]=[-2.270763 -0.465414 -2.675854]
[rf2o_laser_odometry_node-5] [INFO] [1771096681.199410034] [rf2o_laser_odometry]: Robot-base odom [x,y,yaw]=[-2.181414 -0.420506 -2.675854]
[rf2o_laser_odometry_node-5] [WARN] [1771096681.236848324] [rf2o_laser_odometry]: Waiting for laser_scans....
[rf2o_laser_odometry_node-5] [INFO] [1771096681.298044544] [rf2o_laser_odometry]: execution time (ms): 8.000000
[rf2o_laser_odometry_node-5] [INFO] [1771096681.298175584] [rf2o_laser_odometry]: Laser odom [x,y,yaw]=[-2.275282 -0.467511 -2.674430]
[rf2o_laser_odometry_node-5] [INFO] [1771096681.298200334] [rf2o_laser_odometry]: Robot-base odom [x,y,yaw]=[-2.185997 -0.422475 -2.674430]
[rf2o_laser_odometry_node-5] [WARN] [1771096681.336871894] [rf2o_laser_odometry]: Waiting for laser_scans....
[rf2o_laser_odometry_node-5] [INFO] [1771096681.397657354] [rf2o_laser_odometry]: execution time (ms): 8.000000
[rf2o_laser_odometry_node-5] [INFO] [1771096681.398458984] [rf2o_laser_odometry]: Laser odom [x,y,yaw]=[-2.276645 -0.468048 -2.673658]
[rf2o_laser_odometry_node-5] [INFO] [1771096681.398553484] [rf2o_laser_odometry]: Robot-base odom [x,y,yaw]=[-2.187395 -0.422943 -2.673658]
[rf2o_laser_odometry_node-5] [WARN] [1771096681.436897984] [rf2o_laser_odometry]: Waiting for laser_scans....
[rf2o_laser_odometry_node-5] [INFO] [1771096685.085030177] [rf2o_laser_odometry]: execution time (ms): 12.000000
[rf2o_laser_odometry_node-5] [INFO] [1771096685.085197307] [rf2o_laser_odometry]: Laser odom [x,y,yaw]=[-2.272063 -0.466006 -2.674995]
[rf2o_laser_odometry_node-5] [INFO] [1771096685.085525537] [rf2o_laser_odometry]: Robot-base odom [x,y,yaw]=[-2.182753 -0.421021 -2.674995]
[rf2o_laser_odometry_node-5] [WARN] [1771096685.087864727] [rf2o_laser_odometry]: Waiting for laser_scans....
[rf2o_laser_odometry_node-5] [INFO] [1771096685.153060997] [rf2o_laser_odometry]: execution time (ms): 12.000000
[rf2o_laser_odometry_node-5] [INFO] [1771096685.153206167] [rf2o_laser_odometry]: Laser odom [x,y,yaw]=[-2.267520 -0.463946 -2.676460]
[rf2o_laser_odometry_node-5] [INFO] [1771096685.153232627] [rf2o_laser_odometry]: Robot-base odom [x,y,yaw]=[-2.178143 -0.419092 -2.676460]
[rf2o_laser_odometry_node-5] [WARN] [1771096685.203504017] [rf2o_laser_odometry]: Waiting for laser_scans....
[rf2o_laser_odometry_node-5] [WARN] [1771096685.253815187] [rf2o_laser_odometry]: Waiting for laser_scans....
[rf2o_laser_odometry_node-5] [INFO] [1771096685.316869097] [rf2o_laser_odometry]: execution time (ms): 8.000000
[rf2o_laser_odometry_node-5] [INFO] [1771096685.317100127] [rf2o_laser_odometry]: Laser odom [x,y,yaw]=[-2.262939 -0.461909 -2.677884]
[rf2o_laser_odometry_node-5] [INFO] [1771096685.317149447] [rf2o_laser_odometry]: Robot-base odom [x,y,yaw]=[-2.173499 -0.417182 -2.677884]
[rf2o_laser_odometry_node-5] [INFO] [1771096685.378560047] [rf2o_laser_odometry]: execution time (ms): 8.000000
[rf2o_laser_odometry_node-5] [INFO] [1771096685.378698377] [rf2o_laser_odometry]: Laser odom [x,y,yaw]=[-2.263724 -0.462210 -2.677884]
[rf2o_laser_odometry_node-5] [INFO] [1771096685.378723307] [rf2o_laser_odometry]: Robot-base odom [x,y,yaw]=[-2.174284 -0.417483 -2.677884]
[rf2o_laser_odometry_node-5] [WARN] [1771096685.429006937] [rf2o_laser_odometry]: Waiting for laser_scans....
[frontier_explore-19] [WARN] [1771096685.432997627] [frontier_explore]: Goal stuck for 33s wall time; canceling
[rf2o_laser_odometry_node-5] [INFO] [1771096685.490931437] [rf2o_laser_odometry]: execution time (ms): 8.000000
[rf2o_laser_odometry_node-5] [INFO] [1771096685.491208367] [rf2o_laser_odometry]: Laser odom [x,y,yaw]=[-2.268276 -0.464279 -2.676503]
[rf2o_laser_odometry_node-5] [INFO] [1771096685.491251837] [rf2o_laser_odometry]: Robot-base odom [x,y,yaw]=[-2.178898 -0.419428 -2.676503]
[rf2o_laser_odometry_node-5] [WARN] [1771096685.535812277] [rf2o_laser_odometry]: Waiting for laser_scans....
[rf2o_laser_odometry_node-5] [INFO] [1771096685.596791507] [rf2o_laser_odometry]: execution time (ms): 8.000000
[rf2o_laser_odometry_node-5] [INFO] [1771096685.596921827] [rf2o_laser_odometry]: Laser odom [x,y,yaw]=[-2.269886 -0.464925 -2.675589]
[rf2o_laser_odometry_node-5] [INFO] [1771096685.596960887] [rf2o_laser_odometry]: Robot-base odom [x,y,yaw]=[-2.180549 -0.419993 -2.675589]
[rf2o_laser_odometry_node-5] [WARN] [1771096685.635841157] [rf2o_laser_odometry]: Waiting for laser_scans....
[rf2o_laser_odometry_node-5] [WARN] [1771096685.687210817] [rf2o_laser_odometry]: WARNING: Eigensolver couldn't find a solution. Pose is not updated
[rf2o_laser_odometry_node-5] [WARN] [1771096685.735783367] [rf2o_laser_odometry]: Waiting for laser_scans....
[rf2o_laser_odometry_node-5] [WARN] [1771096685.787890037] [rf2o_laser_odometry]: WARNING: Eigensolver couldn't find a solution. Pose is not updated
[rf2o_laser_odometry_node-5] [WARN] [1771096685.835843747] [rf2o_laser_odometry]: Waiting for laser_scans....
[rf2o_laser_odometry_node-5] [WARN] [1771096685.888177577] [rf2o_laser_odometry]: WARNING: Eigensolver couldn't find a solution. Pose is not updated
[rf2o_laser_odometry_node-5] [WARN] [1771096685.935853187] [rf2o_laser_odometry]: Waiting for laser_scans....
[rf2o_laser_odometry_node-5] [WARN] [1771096685.987729907] [rf2o_laser_odometry]: WARNING: Eigensolver couldn't find a solution. Pose is not updated
[rf2o_laser_odometry_node-5] [WARN] [1771096686.035915907] [rf2o_laser_odometry]: Waiting for laser_scans....
[rf2o_laser_odometry_node-5] [WARN] [1771096686.087090267] [rf2o_laser_odometry]: WARNING: Eigensolver couldn't find a solution. Pose is not updated
[rf2o_laser_odometry_node-5] [WARN] [1771096686.137303157] [rf2o_laser_odometry]: Waiting for laser_scans....
[rf2o_laser_odometry_node-5] [WARN] [1771096686.187412817] [rf2o_laser_odometry]: WARNING: Eigensolver couldn't find a solution. Pose is not updated
[cmd_vel_mux-7] [WARN] [1771096686.205350807] [cmd_vel_mux]: No auto cmd_vel for 0.7s (timeout=0.5s); sent stop
[rf2o_laser_odometry_node-5] [WARN] [1771096686.235978437] [rf2o_laser_odometry]: Waiting for laser_scans....
[rf2o_laser_odometry_node-5] [WARN] [1771096686.285778767] [rf2o_laser_odometry]: Waiting for laser_scans....
[rf2o_laser_odometry_node-5] [WARN] [1771096686.337525617] [rf2o_laser_odometry]: WARNING: Eigensolver couldn't find a solution. Pose is not updated
[rf2o_laser_odometry_node-5] [WARN] [1771096686.387535647] [rf2o_laser_odometry]: WARNING: Eigensolver couldn't find a solution. Pose is not updated
[rf2o_laser_odometry_node-5] [WARN] [1771096686.435869697] [rf2o_laser_odometry]: Waiting for laser_scans....
[rf2o_laser_odometry_node-5] [WARN] [1771096686.487701057] [rf2o_laser_odometry]: WARNING: Eigensolver couldn't find a solution. Pose is not updated
[rf2o_laser_odometry_node-5] [WARN] [1771096686.535843497] [rf2o_laser_odometry]: Waiting for laser_scans....
[rf2o_laser_odometry_node-5] [WARN] [1771096686.587076987] [rf2o_laser_odometry]: WARNING: Eigensolver couldn't find a solution. Pose is not updated
[rf2o_laser_odometry_node-5] [WARN] [1771096686.635853837] [rf2o_laser_odometry]: Waiting for laser_scans....
[rf2o_laser_odometry_node-5] [WARN] [1771096686.687654327] [rf2o_laser_odometry]: WARNING: Eigensolver couldn't find a solution. Pose is not updated
[rf2o_laser_odometry_node-5] [WARN] [1771096686.735846537] [rf2o_laser_odometry]: Waiting for laser_scans....
[rf2o_laser_odometry_node-5] [WARN] [1771096686.788180547] [rf2o_laser_odometry]: WARNING: Eigensolver couldn't find a solution. Pose is not updated
[rf2o_laser_odometry_node-5] [WARN] [1771096686.835859307] [rf2o_laser_odometry]: Waiting for laser_scans....
[rf2o_laser_odometry_node-5] [WARN] [1771096686.887709297] [rf2o_laser_odometry]: WARNING: Eigensolver couldn't find a solution. Pose is not updated
[rf2o_laser_odometry_node-5] [WARN] [1771096686.935945607] [rf2o_laser_odometry]: Waiting for laser_scans....
[rf2o_laser_odometry_node-5] [WARN] [1771096686.987529107] [rf2o_laser_odometry]: WARNING: Eigensolver couldn't find a solution. Pose is not updated
[rf2o_laser_odometry_node-5] [WARN] [1771096687.036104267] [rf2o_laser_odometry]: Waiting for laser_scans....
[rf2o_laser_odometry_node-5] [WARN] [1771096687.087572117] [rf2o_laser_odometry]: WARNING: Eigensolver couldn't find a solution. Pose is not updated
[rf2o_laser_odometry_node-5] [WARN] [1771096687.135864497] [rf2o_laser_odometry]: Waiting for laser_scans....
[rf2o_laser_odometry_node-5] [WARN] [1771096687.187240637] [rf2o_laser_odometry]: WARNING: Eigensolver couldn't find a solution. Pose is not updated
[rf2o_laser_odometry_node-5] [WARN] [1771096687.235848827] [rf2o_laser_odometry]: Waiting for laser_scans....
[rf2o_laser_odometry_node-5] [WARN] [1771096687.285765887] [rf2o_laser_odometry]: Waiting for laser_scans....
[rf2o_laser_odometry_node-5] [WARN] [1771096687.335928017] [rf2o_laser_odometry]: Waiting for laser_scans....
[rf2o_laser_odometry_node-5] [WARN] [1771096687.387665957] [rf2o_laser_odometry]: WARNING: Eigensolver couldn't find a solution. Pose is not updated
[rf2o_laser_odometry_node-5] [WARN] [1771096687.436083617] [rf2o_laser_odometry]: Waiting for laser_scans....
[rf2o_laser_odometry_node-5] [WARN] [1771096687.487489187] [rf2o_laser_odometry]: WARNING: Eigensolver couldn't find a solution. Pose is not updated
[rf2o_laser_odometry_node-5] [WARN] [1771096687.535857887] [rf2o_laser_odometry]: Waiting for laser_scans....
[frontier_explore-19] [INFO] [1771096687.548197157] [frontier_explore]: Goal #3: x=-2.28 y=-1.86 dist=1.5m
[rf2o_laser_odometry_node-5] [WARN] [1771096687.587336717] [rf2o_laser_odometry]: WARNING: Eigensolver couldn't find a solution. Pose is not updated
[rf2o_laser_odometry_node-5] [WARN] [1771096687.635909987] [rf2o_laser_odometry]: Waiting for laser_scans....
[rf2o_laser_odometry_node-5] [WARN] [1771096687.685841537] [rf2o_laser_odometry]: Waiting for laser_scans....
[rf2o_laser_odometry_node-5] [WARN] [1771096687.738266267] [rf2o_laser_odometry]: WARNING: Eigensolver couldn't find a solution. Pose is not updated
[rf2o_laser_odometry_node-5] [WARN] [1771096687.785865737] [rf2o_laser_odometry]: Waiting for laser_scans....
[rf2o_laser_odometry_node-5] [INFO] [1771096687.846226217] [rf2o_laser_odometry]: execution time (ms): 12.000000
[rf2o_laser_odometry_node-5] [INFO] [1771096687.846383087] [rf2o_laser_odometry]: Laser odom [x,y,yaw]=[-2.270875 -0.465314 -2.674991]
[rf2o_laser_odometry_node-5] [INFO] [1771096687.846456707] [rf2o_laser_odometry]: Robot-base odom [x,y,yaw]=[-2.181565 -0.420328 -2.674991]
[rf2o_laser_odometry_node-5] [WARN] [1771096687.885795977] [rf2o_laser_odometry]: Waiting for laser_scans....
[rf2o_laser_odometry_node-5] [INFO] [1771096687.947897597] [rf2o_laser_odometry]: execution time (ms): 12.000000
[rf2o_laser_odometry_node-5] [INFO] [1771096687.949083887] [rf2o_laser_odometry]: Laser odom [x,y,yaw]=[-2.277172 -0.469111 -2.669214]
[rf2o_laser_odometry_node-5] [INFO] [1771096687.949135637] [rf2o_laser_odometry]: Robot-base odom [x,y,yaw]=[-2.188124 -0.423611 -2.669214]
[rf2o_laser_odometry_node-5] [WARN] [1771096687.985879307] [rf2o_laser_odometry]: Waiting for laser_scans....
[rf2o_laser_odometry_node-5] [INFO] [1771096688.047353087] [rf2o_laser_odometry]: execution time (ms): 12.000000
[rf2o_laser_odometry_node-5] [INFO] [1771096688.047549647] [rf2o_laser_odometry]: Laser odom [x,y,yaw]=[-2.283314 -0.473374 -2.661348]
[rf2o_laser_odometry_node-5] [INFO] [1771096688.047579707] [rf2o_laser_odometry]: Robot-base odom [x,y,yaw]=[-2.194626 -0.427174 -2.661348]
[rf2o_laser_odometry_node-5] [WARN] [1771096688.085826197] [rf2o_laser_odometry]: Waiting for laser_scans....
[rf2o_laser_odometry_node-5] [INFO] [1771096688.147525337] [rf2o_laser_odometry]: execution time (ms): 12.000000
[rf2o_laser_odometry_node-5] [INFO] [1771096688.147724237] [rf2o_laser_odometry]: Laser odom [x,y,yaw]=[-2.289272 -0.477842 -2.652358]
[rf2o_laser_odometry_node-5] [INFO] [1771096688.147768067] [rf2o_laser_odometry]: Robot-base odom [x,y,yaw]=[-2.201003 -0.430847 -2.652358]
[rf2o_laser_odometry_node-5] [WARN] [1771096688.185868577] [rf2o_laser_odometry]: Waiting for laser_scans....
[rf2o_laser_odometry_node-5] [INFO] [1771096688.246454327] [rf2o_laser_odometry]: execution time (ms): 8.000000
[rf2o_laser_odometry_node-5] [INFO] [1771096688.246576457] [rf2o_laser_odometry]: Laser odom [x,y,yaw]=[-2.295063 -0.482496 -2.642556]
[rf2o_laser_odometry_node-5] [INFO] [1771096688.246601297] [rf2o_laser_odometry]: Robot-base odom [x,y,yaw]=[-2.207258 -0.434638 -2.642556]
[rf2o_laser_odometry_node-5] [WARN] [1771096688.285849397] [rf2o_laser_odometry]: Waiting for laser_scans....
[rf2o_laser_odometry_node-5] [INFO] [1771096688.345647827] [rf2o_laser_odometry]: execution time (ms): 12.000000
[rf2o_laser_odometry_node-5] [INFO] [1771096688.345895057] [rf2o_laser_odometry]: Laser odom [x,y,yaw]=[-2.300756 -0.487408 -2.632209]
[rf2o_laser_odometry_node-5] [INFO] [1771096688.345935467] [rf2o_laser_odometry]: Robot-base odom [x,y,yaw]=[-2.213452 -0.438644 -2.632209]
[rf2o_laser_odometry_node-5] [WARN] [1771096688.385908247] [rf2o_laser_odometry]: Waiting for laser_scans....
[rf2o_laser_odometry_node-5] [INFO] [1771096688.451841887] [rf2o_laser_odometry]: execution time (ms): 12.000000
[rf2o_laser_odometry_node-5] [INFO] [1771096688.452053297] [rf2o_laser_odometry]: Laser odom [x,y,yaw]=[-2.306463 -0.492600 -2.621618]
[rf2o_laser_odometry_node-5] [INFO] [1771096688.452117107] [rf2o_laser_odometry]: Robot-base odom [x,y,yaw]=[-2.219680 -0.442914 -2.621618]
[rf2o_laser_odometry_node-5] [WARN] [1771096688.485791327] [rf2o_laser_odometry]: Waiting for laser_scans....
[rf2o_laser_odometry_node-5] [INFO] [1771096688.551168137] [rf2o_laser_odometry]: execution time (ms): 12.000000
[rf2o_laser_odometry_node-5] [INFO] [1771096688.551363527] [rf2o_laser_odometry]: Laser odom [x,y,yaw]=[-2.312062 -0.498008 -2.610699]
[rf2o_laser_odometry_node-5] [INFO] [1771096688.551412757] [rf2o_laser_odometry]: Robot-base odom [x,y,yaw]=[-2.225827 -0.447377 -2.610699]
[rf2o_laser_odometry_node-5] [WARN] [1771096688.585851977] [rf2o_laser_odometry]: Waiting for laser_scans....
[rf2o_laser_odometry_node-5] [INFO] [1771096688.651046177] [rf2o_laser_odometry]: execution time (ms): 16.000000
[rf2o_laser_odometry_node-5] [INFO] [1771096688.651231037] [rf2o_laser_odometry]: Laser odom [x,y,yaw]=[-2.317558 -0.503543 -2.599710]
[rf2o_laser_odometry_node-5] [INFO] [1771096688.651273607] [rf2o_laser_odometry]: Robot-base odom [x,y,yaw]=[-2.231884 -0.451968 -2.599710]
[rf2o_laser_odometry_node-5] [WARN] [1771096688.687427867] [rf2o_laser_odometry]: Waiting for laser_scans....
[rf2o_laser_odometry_node-5] [INFO] [1771096688.750787687] [rf2o_laser_odometry]: execution time (ms): 12.000000
[rf2o_laser_odometry_node-5] [INFO] [1771096688.750975337] [rf2o_laser_odometry]: Laser odom [x,y,yaw]=[-2.322838 -0.509264 -2.587760]
[rf2o_laser_odometry_node-5] [INFO] [1771096688.751014307] [rf2o_laser_odometry]: Robot-base odom [x,y,yaw]=[-2.237787 -0.456669 -2.587760]
[rf2o_laser_odometry_node-5] [WARN] [1771096688.785862127] [rf2o_laser_odometry]: Waiting for laser_scans....
[rf2o_laser_odometry_node-5] [INFO] [1771096688.849792997] [rf2o_laser_odometry]: execution time (ms): 12.000000
[rf2o_laser_odometry_node-5] [INFO] [1771096688.850970197] [rf2o_laser_odometry]: Laser odom [x,y,yaw]=[-2.327971 -0.515123 -2.575626]
[rf2o_laser_odometry_node-5] [INFO] [1771096688.851096467] [rf2o_laser_odometry]: Robot-base odom [x,y,yaw]=[-2.243564 -0.461500 -2.575626]
[rf2o_laser_odometry_node-5] [WARN] [1771096688.885876517] [rf2o_laser_odometry]: Waiting for laser_scans....
[rf2o_laser_odometry_node-5] [WARN] [1771096688.935914447] [rf2o_laser_odometry]: Waiting for laser_scans....
[rf2o_laser_odometry_node-5] [INFO] [1771096688.998024887] [rf2o_laser_odometry]: execution time (ms): 12.000000
[rf2o_laser_odometry_node-5] [INFO] [1771096688.998191747] [rf2o_laser_odometry]: Laser odom [x,y,yaw]=[-2.332936 -0.521146 -2.562926]
[rf2o_laser_odometry_node-5] [INFO] [1771096688.998229007] [rf2o_laser_odometry]: Robot-base odom [x,y,yaw]=[-2.249217 -0.466455 -2.562926]
[rf2o_laser_odometry_node-5] [INFO] [1771096689.046884357] [rf2o_laser_odometry]: execution time (ms): 12.000000
[rf2o_laser_odometry_node-5] [INFO] [1771096689.047015307] [rf2o_laser_odometry]: Laser odom [x,y,yaw]=[-2.337733 -0.527153 -2.550827]
[rf2o_laser_odometry_node-5] [INFO] [1771096689.047040237] [rf2o_laser_odometry]: Robot-base odom [x,y,yaw]=[-2.254681 -0.471454 -2.550827]
[rf2o_laser_odometry_node-5] [WARN] [1771096689.085824747] [rf2o_laser_odometry]: Waiting for laser_scans....
[rf2o_laser_odometry_node-5] [INFO] [1771096689.146011167] [rf2o_laser_odometry]: execution time (ms): 8.000000
[rf2o_laser_odometry_node-5] [INFO] [1771096689.146142027] [rf2o_laser_odometry]: Laser odom [x,y,yaw]=[-2.342494 -0.533660 -2.538368]
[rf2o_laser_odometry_node-5] [INFO] [1771096689.146166417] [rf2o_laser_odometry]: Robot-base odom [x,y,yaw]=[-2.260143 -0.476930 -2.538368]
[rf2o_laser_odometry_node-5] [WARN] [1771096689.185848857] [rf2o_laser_odometry]: Waiting for laser_scans....
[rf2o_laser_odometry_node-5] [INFO] [1771096689.247225617] [rf2o_laser_odometry]: execution time (ms): 12.000000
[rf2o_laser_odometry_node-5] [INFO] [1771096689.247469157] [rf2o_laser_odometry]: Laser odom [x,y,yaw]=[-2.347150 -0.540472 -2.525185]
[rf2o_laser_odometry_node-5] [INFO] [1771096689.247520727] [rf2o_laser_odometry]: Robot-base odom [x,y,yaw]=[-2.265554 -0.482661 -2.525185]
[rf2o_laser_odometry_node-5] [WARN] [1771096689.285843627] [rf2o_laser_odometry]: Waiting for laser_scans....
[rf2o_laser_odometry_node-5] [INFO] [1771096689.347535477] [rf2o_laser_odometry]: execution time (ms): 12.000000
[rf2o_laser_odometry_node-5] [INFO] [1771096689.347735637] [rf2o_laser_odometry]: Laser odom [x,y,yaw]=[-2.351528 -0.547018 -2.512128]
[rf2o_laser_odometry_node-5] [INFO] [1771096689.347782887] [rf2o_laser_odometry]: Robot-base odom [x,y,yaw]=[-2.270694 -0.488147 -2.512128]
[rf2o_laser_odometry_node-5] [WARN] [1771096689.385838577] [rf2o_laser_odometry]: Waiting for laser_scans....
[rf2o_laser_odometry_node-5] [WARN] [1771096689.436091877] [rf2o_laser_odometry]: Waiting for laser_scans....
[rf2o_laser_odometry_node-5] [INFO] [1771096689.499185387] [rf2o_laser_odometry]: execution time (ms): 12.000000
[rf2o_laser_odometry_node-5] [INFO] [1771096689.499341177] [rf2o_laser_odometry]: Laser odom [x,y,yaw]=[-2.355654 -0.553501 -2.499265]
[rf2o_laser_odometry_node-5] [INFO] [1771096689.499380237] [rf2o_laser_odometry]: Robot-base odom [x,y,yaw]=[-2.275584 -0.493595 -2.499265]
[rf2o_laser_odometry_node-5] [INFO] [1771096689.552958767] [rf2o_laser_odometry]: execution time (ms): 16.000000
[rf2o_laser_odometry_node-5] [INFO] [1771096689.554044617] [rf2o_laser_odometry]: Laser odom [x,y,yaw]=[-2.359607 -0.560085 -2.486250]
[rf2o_laser_odometry_node-5] [INFO] [1771096689.554193297] [rf2o_laser_odometry]: Robot-base odom [x,y,yaw]=[-2.280323 -0.499142 -2.486250]
[rf2o_laser_odometry_node-5] [WARN] [1771096689.587956887] [rf2o_laser_odometry]: Waiting for laser_scans....
[rf2o_laser_odometry_node-5] [WARN] [1771096689.635980887] [rf2o_laser_odometry]: Waiting for laser_scans....
[rf2o_laser_odometry_node-5] [INFO] [1771096689.698676147] [rf2o_laser_odometry]: execution time (ms): 8.000000
[rf2o_laser_odometry_node-5] [INFO] [1771096689.698803947] [rf2o_laser_odometry]: Laser odom [x,y,yaw]=[-2.363369 -0.566807 -2.473179]
[rf2o_laser_odometry_node-5] [INFO] [1771096689.698838417] [rf2o_laser_odometry]: Robot-base odom [x,y,yaw]=[-2.284889 -0.504832 -2.473179]
[rf2o_laser_odometry_node-5] [WARN] [1771096689.735871077] [rf2o_laser_odometry]: Waiting for laser_scans....
[rf2o_laser_odometry_node-5] [INFO] [1771096689.797282397] [rf2o_laser_odometry]: execution time (ms): 8.000000
[rf2o_laser_odometry_node-5] [INFO] [1771096689.797425587] [rf2o_laser_odometry]: Laser odom [x,y,yaw]=[-2.367038 -0.573600 -2.459621]
[rf2o_laser_odometry_node-5] [INFO] [1771096689.797453037] [rf2o_laser_odometry]: Robot-base odom [x,y,yaw]=[-2.289404 -0.510567 -2.459621]
[rf2o_laser_odometry_node-5] [WARN] [1771096689.835867737] [rf2o_laser_odometry]: Waiting for laser_scans....
[rf2o_laser_odometry_node-5] [INFO] [1771096689.897155217] [rf2o_laser_odometry]: execution time (ms): 12.000000
[rf2o_laser_odometry_node-5] [INFO] [1771096689.897300297] [rf2o_laser_odometry]: Laser odom [x,y,yaw]=[-2.370517 -0.580500 -2.446076]
[rf2o_laser_odometry_node-5] [INFO] [1771096689.897326397] [rf2o_laser_odometry]: Robot-base odom [x,y,yaw]=[-2.293745 -0.516421 -2.446076]
[rf2o_laser_odometry_node-5] [WARN] [1771096689.935842167] [rf2o_laser_odometry]: Waiting for laser_scans....
[rf2o_laser_odometry_node-5] [WARN] [1771096689.985795227] [rf2o_laser_odometry]: Waiting for laser_scans....
[rf2o_laser_odometry_node-5] [INFO] [1771096690.047666357] [rf2o_laser_odometry]: execution time (ms): 12.000000
[rf2o_laser_odometry_node-5] [INFO] [1771096690.047806757] [rf2o_laser_odometry]: Laser odom [x,y,yaw]=[-2.373819 -0.587519 -2.432426]
[rf2o_laser_odometry_node-5] [INFO] [1771096690.047850227] [rf2o_laser_odometry]: Robot-base odom [x,y,yaw]=[-2.297929 -0.522399 -2.432426]
[rf2o_laser_odometry_node-5] [INFO] [1771096690.097745327] [rf2o_laser_odometry]: execution time (ms): 12.000000
[rf2o_laser_odometry_node-5] [INFO] [1771096690.098997587] [rf2o_laser_odometry]: Laser odom [x,y,yaw]=[-2.376857 -0.594723 -2.418128]
[rf2o_laser_odometry_node-5] [INFO] [1771096690.099592037] [rf2o_laser_odometry]: Robot-base odom [x,y,yaw]=[-2.301905 -0.528525 -2.418128]
[rf2o_laser_odometry_node-5] [WARN] [1771096690.135887147] [rf2o_laser_odometry]: Waiting for laser_scans....
[rf2o_laser_odometry_node-5] [INFO] [1771096690.197760887] [rf2o_laser_odometry]: execution time (ms): 8.000000
[rf2o_laser_odometry_node-5] [INFO] [1771096690.198954197] [rf2o_laser_odometry]: Laser odom [x,y,yaw]=[-2.379765 -0.601977 -2.403610]
[rf2o_laser_odometry_node-5] [INFO] [1771096690.199021877] [rf2o_laser_odometry]: Robot-base odom [x,y,yaw]=[-2.305782 -0.534697 -2.403610]
[rf2o_laser_odometry_node-5] [WARN] [1771096690.235834127] [rf2o_laser_odometry]: Waiting for laser_scans....
[rf2o_laser_odometry_node-5] [INFO] [1771096690.302963507] [rf2o_laser_odometry]: execution time (ms): 16.000000
[rf2o_laser_odometry_node-5] [INFO] [1771096690.303116417] [rf2o_laser_odometry]: Laser odom [x,y,yaw]=[-2.382687 -0.609213 -2.389735]
[rf2o_laser_odometry_node-5] [INFO] [1771096690.303143417] [rf2o_laser_odometry]: Robot-base odom [x,y,yaw]=[-2.309645 -0.540914 -2.389735]
[rf2o_laser_odometry_node-5] [WARN] [1771096690.336215177] [rf2o_laser_odometry]: Waiting for laser_scans....
[rf2o_laser_odometry_node-5] [INFO] [1771096690.400061087] [rf2o_laser_odometry]: execution time (ms): 4.000000
[rf2o_laser_odometry_node-5] [INFO] [1771096690.400274657] [rf2o_laser_odometry]: Laser odom [x,y,yaw]=[-2.385520 -0.616508 -2.375851]
[rf2o_laser_odometry_node-5] [INFO] [1771096690.400314527] [rf2o_laser_odometry]: Robot-base odom [x,y,yaw]=[-2.313433 -0.547201 -2.375851]
[rf2o_laser_odometry_node-5] [WARN] [1771096690.436006907] [rf2o_laser_odometry]: Waiting for laser_scans....
[rf2o_laser_odometry_node-5] [INFO] [1771096690.499982867] [rf2o_laser_odometry]: execution time (ms): 16.000000
[rf2o_laser_odometry_node-5] [INFO] [1771096690.500223077] [rf2o_laser_odometry]: Laser odom [x,y,yaw]=[-2.388653 -0.625024 -2.357199]
[rf2o_laser_odometry_node-5] [INFO] [1771096690.500266997] [rf2o_laser_odometry]: Robot-base odom [x,y,yaw]=[-2.317871 -0.554384 -2.357199]
[rf2o_laser_odometry_node-5] [WARN] [1771096690.535784597] [rf2o_laser_odometry]: Waiting for laser_scans....
[rf2o_laser_odometry_node-5] [INFO] [1771096690.598145687] [rf2o_laser_odometry]: execution time (ms): 12.000000
[rf2o_laser_odometry_node-5] [INFO] [1771096690.598300757] [rf2o_laser_odometry]: Laser odom [x,y,yaw]=[-2.391641 -0.633702 -2.338257]
[rf2o_laser_odometry_node-5] [INFO] [1771096690.598326767] [rf2o_laser_odometry]: Robot-base odom [x,y,yaw]=[-2.322210 -0.561734 -2.338257]
[rf2o_laser_odometry_node-5] [WARN] [1771096690.635835797] [rf2o_laser_odometry]: Waiting for laser_scans....
[rf2o_laser_odometry_node-5] [INFO] [1771096690.697542137] [rf2o_laser_odometry]: execution time (ms): 8.000000
[rf2o_laser_odometry_node-5] [INFO] [1771096690.697701887] [rf2o_laser_odometry]: Laser odom [x,y,yaw]=[-2.394492 -0.642499 -2.318183]
[rf2o_laser_odometry_node-5] [INFO] [1771096690.697739507] [rf2o_laser_odometry]: Robot-base odom [x,y,yaw]=[-2.326519 -0.569152 -2.318183]
[rf2o_laser_odometry_node-5] [WARN] [1771096690.735852167] [rf2o_laser_odometry]: Waiting for laser_scans....
[rf2o_laser_odometry_node-5] [INFO] [1771096690.797132177] [rf2o_laser_odometry]: execution time (ms): 8.000000
[rf2o_laser_odometry_node-5] [INFO] [1771096690.797311097] [rf2o_laser_odometry]: Laser odom [x,y,yaw]=[-2.397159 -0.651406 -2.297516]
[rf2o_laser_odometry_node-5] [INFO] [1771096690.797349617] [rf2o_laser_odometry]: Robot-base odom [x,y,yaw]=[-2.330717 -0.576670 -2.297516]
[rf2o_laser_odometry_node-5] [WARN] [1771096690.835864037] [rf2o_laser_odometry]: Waiting for laser_scans....
[rf2o_laser_odometry_node-5] [INFO] [1771096690.896881427] [rf2o_laser_odometry]: execution time (ms): 12.000000
[rf2o_laser_odometry_node-5] [INFO] [1771096690.897009227] [rf2o_laser_odometry]: Laser odom [x,y,yaw]=[-2.399633 -0.660423 -2.276308]
[rf2o_laser_odometry_node-5] [INFO] [1771096690.897033977] [rf2o_laser_odometry]: Robot-base odom [x,y,yaw]=[-2.334791 -0.584295 -2.276308]
[rf2o_laser_odometry_node-5] [WARN] [1771096690.935842787] [rf2o_laser_odometry]: Waiting for laser_scans....
[rf2o_laser_odometry_node-5] [WARN] [1771096690.985863167] [rf2o_laser_odometry]: Waiting for laser_scans....
[rf2o_laser_odometry_node-5] [INFO] [1771096691.050204347] [rf2o_laser_odometry]: execution time (ms): 12.000000
[rf2o_laser_odometry_node-5] [INFO] [1771096691.050543197] [rf2o_laser_odometry]: Laser odom [x,y,yaw]=[-2.401946 -0.669608 -2.254837]
[rf2o_laser_odometry_node-5] [INFO] [1771096691.050620507] [rf2o_laser_odometry]: Robot-base odom [x,y,yaw]=[-2.338753 -0.592105 -2.254837]
[rf2o_laser_odometry_node-5] [INFO] [1771096691.097917937] [rf2o_laser_odometry]: execution time (ms): 12.000000
[rf2o_laser_odometry_node-5] [INFO] [1771096691.098046457] [rf2o_laser_odometry]: Laser odom [x,y,yaw]=[-2.404065 -0.678928 -2.233321]
[rf2o_laser_odometry_node-5] [INFO] [1771096691.098070487] [rf2o_laser_odometry]: Robot-base odom [x,y,yaw]=[-2.342554 -0.600084 -2.233321]
[rf2o_laser_odometry_node-5] [WARN] [1771096691.135837097] [rf2o_laser_odometry]: Waiting for laser_scans....
[rf2o_laser_odometry_node-5] [INFO] [1771096691.197942947] [rf2o_laser_odometry]: execution time (ms): 4.000000
[rf2o_laser_odometry_node-5] [INFO] [1771096691.198099637] [rf2o_laser_odometry]: Laser odom [x,y,yaw]=[-2.405974 -0.688286 -2.211267]
[rf2o_laser_odometry_node-5] [INFO] [1771096691.198127177] [rf2o_laser_odometry]: Robot-base odom [x,y,yaw]=[-2.346216 -0.608104 -2.211267]
[rf2o_laser_odometry_node-5] [WARN] [1771096691.235984147] [rf2o_laser_odometry]: Waiting for laser_scans....
[rf2o_laser_odometry_node-5] [WARN] [1771096691.285842707] [rf2o_laser_odometry]: Waiting for laser_scans....
[rf2o_laser_odometry_node-5] [INFO] [1771096691.348278677] [rf2o_laser_odometry]: execution time (ms): 12.000000
[rf2o_laser_odometry_node-5] [INFO] [1771096691.349375687] [rf2o_laser_odometry]: Laser odom [x,y,yaw]=[-2.407704 -0.697979 -2.189411]
[rf2o_laser_odometry_node-5] [INFO] [1771096691.350260027] [rf2o_laser_odometry]: Robot-base odom [x,y,yaw]=[-2.349714 -0.616510 -2.189411]
[rf2o_laser_odometry_node-5] [WARN] [1771096691.385844677] [rf2o_laser_odometry]: Waiting for laser_scans....
[rf2o_laser_odometry_node-5] [INFO] [1771096691.450289087] [rf2o_laser_odometry]: execution time (ms): 12.000000
[rf2o_laser_odometry_node-5] [INFO] [1771096691.450443977] [rf2o_laser_odometry]: Laser odom [x,y,yaw]=[-2.409232 -0.707698 -2.166830]
[rf2o_laser_odometry_node-5] [INFO] [1771096691.450574477] [rf2o_laser_odometry]: Robot-base odom [x,y,yaw]=[-2.353095 -0.624941 -2.166830]
[rf2o_laser_odometry_node-5] [WARN] [1771096691.485837377] [rf2o_laser_odometry]: Waiting for laser_scans....
[rf2o_laser_odometry_node-5] [INFO] [1771096691.545713387] [rf2o_laser_odometry]: execution time (ms): 8.000000
[rf2o_laser_odometry_node-5] [INFO] [1771096691.545874847] [rf2o_laser_odometry]: Laser odom [x,y,yaw]=[-2.410535 -0.717402 -2.143736]
[rf2o_laser_odometry_node-5] [INFO] [1771096691.545902387] [rf2o_laser_odometry]: Robot-base odom [x,y,yaw]=[-2.356324 -0.633370 -2.143736]
[rf2o_laser_odometry_node-5] [WARN] [1771096691.586013137] [rf2o_laser_odometry]: Waiting for laser_scans....
[rf2o_laser_odometry_node-5] [INFO] [1771096691.646891747] [rf2o_laser_odometry]: execution time (ms): 12.000000
[rf2o_laser_odometry_node-5] [INFO] [1771096691.647114767] [rf2o_laser_odometry]: Laser odom [x,y,yaw]=[-2.411619 -0.727282 -2.120466]
[rf2o_laser_odometry_node-5] [INFO] [1771096691.647162917] [rf2o_laser_odometry]: Robot-base odom [x,y,yaw]=[-2.359378 -0.642012 -2.120466]
[rf2o_laser_odometry_node-5] [WARN] [1771096691.686419927] [rf2o_laser_odometry]: Waiting for laser_scans....
[rf2o_laser_odometry_node-5] [INFO] [1771096691.747288727] [rf2o_laser_odometry]: execution time (ms): 12.000000
[rf2o_laser_odometry_node-5] [INFO] [1771096691.747440017] [rf2o_laser_odometry]: Laser odom [x,y,yaw]=[-2.412517 -0.737692 -2.095840]
[rf2o_laser_odometry_node-5] [INFO] [1771096691.747476827] [rf2o_laser_odometry]: Robot-base odom [x,y,yaw]=[-2.362392 -0.651161 -2.095840]
[rf2o_laser_odometry_node-5] [WARN] [1771096691.785820607] [rf2o_laser_odometry]: Waiting for laser_scans....
[rf2o_laser_odometry_node-5] [INFO] [1771096691.846686257] [rf2o_laser_odometry]: execution time (ms): 8.000000
[rf2o_laser_odometry_node-5] [INFO] [1771096691.846805507] [rf2o_laser_odometry]: Laser odom [x,y,yaw]=[-2.413189 -0.749215 -2.068594]
[rf2o_laser_odometry_node-5] [INFO] [1771096691.846830887] [rf2o_laser_odometry]: Robot-base odom [x,y,yaw]=[-2.365440 -0.661351 -2.068594]
[rf2o_laser_odometry_node-5] [WARN] [1771096691.885875227] [rf2o_laser_odometry]: Waiting for laser_scans....
[rf2o_laser_odometry_node-5] [INFO] [1771096691.947620357] [rf2o_laser_odometry]: execution time (ms): 8.000000
[rf2o_laser_odometry_node-5] [INFO] [1771096691.947804407] [rf2o_laser_odometry]: Laser odom [x,y,yaw]=[-2.413541 -0.761135 -2.040926]
[rf2o_laser_odometry_node-5] [INFO] [1771096691.947848507] [rf2o_laser_odometry]: Robot-base odom [x,y,yaw]=[-2.368241 -0.671984 -2.040926]
[rf2o_laser_odometry_node-5] [WARN] [1771096691.985829767] [rf2o_laser_odometry]: Waiting for laser_scans....
[rf2o_laser_odometry_node-5] [WARN] [1771096692.035790747] [rf2o_laser_odometry]: Waiting for laser_scans....
[rf2o_laser_odometry_node-5] [INFO] [1771096692.097930347] [rf2o_laser_odometry]: execution time (ms): 12.000000
[rf2o_laser_odometry_node-5] [INFO] [1771096692.098088387] [rf2o_laser_odometry]: Laser odom [x,y,yaw]=[-2.413545 -0.773448 -2.012816]
[rf2o_laser_odometry_node-5] [INFO] [1771096692.098128617] [rf2o_laser_odometry]: Robot-base odom [x,y,yaw]=[-2.370769 -0.683059 -2.012816]
[rf2o_laser_odometry_node-5] [INFO] [1771096692.149587017] [rf2o_laser_odometry]: execution time (ms): 12.000000
[rf2o_laser_odometry_node-5] [INFO] [1771096692.149761527] [rf2o_laser_odometry]: Laser odom [x,y,yaw]=[-2.413160 -0.786271 -1.984193]
[rf2o_laser_odometry_node-5] [INFO] [1771096692.149810217] [rf2o_laser_odometry]: Robot-base odom [x,y,yaw]=[-2.372988 -0.694695 -1.984193]
[rf2o_laser_odometry_node-5] [WARN] [1771096692.186693927] [rf2o_laser_odometry]: Waiting for laser_scans....
[rf2o_laser_odometry_node-5] [INFO] [1771096692.254616567] [rf2o_laser_odometry]: execution time (ms): 16.000000
[rf2o_laser_odometry_node-5] [INFO] [1771096692.254800257] [rf2o_laser_odometry]: Laser odom [x,y,yaw]=[-2.412344 -0.799557 -1.954715]
[rf2o_laser_odometry_node-5] [INFO] [1771096692.254841387] [rf2o_laser_odometry]: Robot-base odom [x,y,yaw]=[-2.374889 -0.706837 -1.954715]
[rf2o_laser_odometry_node-5] [WARN] [1771096692.286287477] [rf2o_laser_odometry]: Waiting for laser_scans....
[rf2o_laser_odometry_node-5] [INFO] [1771096692.348126027] [rf2o_laser_odometry]: execution time (ms): 12.000000
[rf2o_laser_odometry_node-5] [INFO] [1771096692.350746647] [rf2o_laser_odometry]: Laser odom [x,y,yaw]=[-2.411037 -0.813396 -1.924466]
[rf2o_laser_odometry_node-5] [INFO] [1771096692.352920057] [rf2o_laser_odometry]: Robot-base odom [x,y,yaw]=[-2.376402 -0.719585 -1.924466]
[rf2o_laser_odometry_node-5] [WARN] [1771096692.386445777] [rf2o_laser_odometry]: Waiting for laser_scans....
[rf2o_laser_odometry_node-5] [INFO] [1771096692.451309677] [rf2o_laser_odometry]: execution time (ms): 16.000000
[rf2o_laser_odometry_node-5] [INFO] [1771096692.451455657] [rf2o_laser_odometry]: Laser odom [x,y,yaw]=[-2.409202 -0.827956 -1.893341]
[rf2o_laser_odometry_node-5] [INFO] [1771096692.451497867] [rf2o_laser_odometry]: Robot-base odom [x,y,yaw]=[-2.377504 -0.733113 -1.893341]
[rf2o_laser_odometry_node-5] [WARN] [1771096692.485843487] [rf2o_laser_odometry]: Waiting for laser_scans....
[rf2o_laser_odometry_node-5] [INFO] [1771096692.547801827] [rf2o_laser_odometry]: execution time (ms): 8.000000
[rf2o_laser_odometry_node-5] [INFO] [1771096692.547948527] [rf2o_laser_odometry]: Laser odom [x,y,yaw]=[-2.406829 -0.843082 -1.861072]
[rf2o_laser_odometry_node-5] [INFO] [1771096692.547987407] [rf2o_laser_odometry]: Robot-base odom [x,y,yaw]=[-2.378208 -0.747266 -1.861072]
[rf2o_laser_odometry_node-5] [WARN] [1771096692.585793617] [rf2o_laser_odometry]: Waiting for laser_scans....
[rf2o_laser_odometry_node-5] [INFO] [1771096692.647824407] [rf2o_laser_odometry]: execution time (ms): 12.000000
[rf2o_laser_odometry_node-5] [INFO] [1771096692.647983887] [rf2o_laser_odometry]: Laser odom [x,y,yaw]=[-2.403916 -0.858869 -1.827929]
[rf2o_laser_odometry_node-5] [INFO] [1771096692.648023307] [rf2o_laser_odometry]: Robot-base odom [x,y,yaw]=[-2.378485 -0.762157 -1.827929]
[rf2o_laser_odometry_node-5] [WARN] [1771096692.685759497] [rf2o_laser_odometry]: Waiting for laser_scans....
[rf2o_laser_odometry_node-5] [INFO] [1771096692.746952927] [rf2o_laser_odometry]: execution time (ms): 12.000000
[rf2o_laser_odometry_node-5] [INFO] [1771096692.747079557] [rf2o_laser_odometry]: Laser odom [x,y,yaw]=[-2.400485 -0.875218 -1.794404]
[rf2o_laser_odometry_node-5] [INFO] [1771096692.747103767] [rf2o_laser_odometry]: Robot-base odom [x,y,yaw]=[-2.378310 -0.777707 -1.794404]
[rf2o_laser_odometry_node-5] [WARN] [1771096692.785951097] [rf2o_laser_odometry]: Waiting for laser_scans....
[rf2o_laser_odometry_node-5] [INFO] [1771096692.846330927] [rf2o_laser_odometry]: execution time (ms): 12.000000
[rf2o_laser_odometry_node-5] [INFO] [1771096692.846819717] [rf2o_laser_odometry]: Laser odom [x,y,yaw]=[-2.396445 -0.892202 -1.760340]
[rf2o_laser_odometry_node-5] [INFO] [1771096692.846876777] [rf2o_laser_odometry]: Robot-base odom [x,y,yaw]=[-2.377604 -0.793993 -1.760340]
[rf2o_laser_odometry_node-5] [WARN] [1771096692.885826887] [rf2o_laser_odometry]: Waiting for laser_scans....
[rf2o_laser_odometry_node-5] [INFO] [1771096692.946261167] [rf2o_laser_odometry]: execution time (ms): 12.000000
[rf2o_laser_odometry_node-5] [INFO] [1771096692.947136777] [rf2o_laser_odometry]: Laser odom [x,y,yaw]=[-2.391655 -0.909866 -1.725428]
[rf2o_laser_odometry_node-5] [INFO] [1771096692.947202747] [rf2o_laser_odometry]: Robot-base odom [x,y,yaw]=[-2.376253 -0.811060 -1.725428]
[rf2o_laser_odometry_node-5] [WARN] [1771096692.985785747] [rf2o_laser_odometry]: Waiting for laser_scans....
[rf2o_laser_odometry_node-5] [INFO] [1771096693.048934877] [rf2o_laser_odometry]: execution time (ms): 12.000000
[rf2o_laser_odometry_node-5] [INFO] [1771096693.049100567] [rf2o_laser_odometry]: Laser odom [x,y,yaw]=[-2.385972 -0.928408 -1.686062]
[rf2o_laser_odometry_node-5] [INFO] [1771096693.049144397] [rf2o_laser_odometry]: Robot-base odom [x,y,yaw]=[-2.374471 -0.829072 -1.686062]
[rf2o_laser_odometry_node-5] [WARN] [1771096693.085784387] [rf2o_laser_odometry]: Waiting for laser_scans....
[rf2o_laser_odometry_node-5] [INFO] [1771096693.154237937] [rf2o_laser_odometry]: execution time (ms): 16.000000
[rf2o_laser_odometry_node-5] [INFO] [1771096693.154475897] [rf2o_laser_odometry]: Laser odom [x,y,yaw]=[-2.379086 -0.948763 -1.640924]
[rf2o_laser_odometry_node-5] [INFO] [1771096693.154519637] [rf2o_laser_odometry]: Robot-base odom [x,y,yaw]=[-2.372079 -0.849009 -1.640924]
[rf2o_laser_odometry_node-5] [WARN] [1771096693.186119537] [rf2o_laser_odometry]: Waiting for laser_scans....
[rf2o_laser_odometry_node-5] [INFO] [1771096693.250006757] [rf2o_laser_odometry]: execution time (ms): 16.000000
[rf2o_laser_odometry_node-5] [INFO] [1771096693.250207367] [rf2o_laser_odometry]: Laser odom [x,y,yaw]=[-2.370621 -0.971752 -1.595022]
[rf2o_laser_odometry_node-5] [INFO] [1771096693.250251377] [rf2o_laser_odometry]: Robot-base odom [x,y,yaw]=[-2.368199 -0.871781 -1.595022]
[rf2o_laser_odometry_node-5] [WARN] [1771096693.285808577] [rf2o_laser_odometry]: Waiting for laser_scans....
[rf2o_laser_odometry_node-5] [WARN] [1771096693.335824997] [rf2o_laser_odometry]: Waiting for laser_scans....
[rf2o_laser_odometry_node-5] [INFO] [1771096693.397693337] [rf2o_laser_odometry]: execution time (ms): 12.000000
[rf2o_laser_odometry_node-5] [INFO] [1771096693.398456807] [rf2o_laser_odometry]: Laser odom [x,y,yaw]=[-2.361031 -0.995910 -1.548787]
[rf2o_laser_odometry_node-5] [INFO] [1771096693.398521877] [rf2o_laser_odometry]: Robot-base odom [x,y,yaw]=[-2.363231 -0.895934 -1.548787]
[rf2o_laser_odometry_node-5] [WARN] [1771096693.435793037] [rf2o_laser_odometry]: Waiting for laser_scans....
[rf2o_laser_odometry_node-5] [INFO] [1771096693.497277797] [rf2o_laser_odometry]: execution time (ms): 8.000000
[rf2o_laser_odometry_node-5] [INFO] [1771096693.497406137] [rf2o_laser_odometry]: Laser odom [x,y,yaw]=[-2.350702 -1.019480 -1.502529]
[rf2o_laser_odometry_node-5] [INFO] [1771096693.497430167] [rf2o_laser_odometry]: Robot-base odom [x,y,yaw]=[-2.357524 -0.919713 -1.502529]
[rf2o_laser_odometry_node-5] [WARN] [1771096693.535929287] [rf2o_laser_odometry]: Waiting for laser_scans....
[rf2o_laser_odometry_node-5] [INFO] [1771096693.595712777] [rf2o_laser_odometry]: execution time (ms): 12.000000
[rf2o_laser_odometry_node-5] [INFO] [1771096693.595883237] [rf2o_laser_odometry]: Laser odom [x,y,yaw]=[-2.340075 -1.041751 -1.458280]
[rf2o_laser_odometry_node-5] [INFO] [1771096693.595941017] [rf2o_laser_odometry]: Robot-base odom [x,y,yaw]=[-2.351302 -0.942384 -1.458280]
[rf2o_laser_odometry_node-5] [WARN] [1771096693.635823797] [rf2o_laser_odometry]: Waiting for laser_scans....
[rf2o_laser_odometry_node-5] [INFO] [1771096693.696017867] [rf2o_laser_odometry]: execution time (ms): 8.000000
[rf2o_laser_odometry_node-5] [INFO] [1771096693.696700697] [rf2o_laser_odometry]: Laser odom [x,y,yaw]=[-2.329172 -1.063682 -1.420352]
[rf2o_laser_odometry_node-5] [INFO] [1771096693.696791147] [rf2o_laser_odometry]: Robot-base odom [x,y,yaw]=[-2.344160 -0.964812 -1.420352]
[rf2o_laser_odometry_node-5] [WARN] [1771096693.735846377] [rf2o_laser_odometry]: Waiting for laser_scans....
[rf2o_laser_odometry_node-5] [INFO] [1771096693.798108647] [rf2o_laser_odometry]: execution time (ms): 12.000000
[rf2o_laser_odometry_node-5] [INFO] [1771096693.798984347] [rf2o_laser_odometry]: Laser odom [x,y,yaw]=[-2.318007 -1.085677 -1.386197]
[rf2o_laser_odometry_node-5] [INFO] [1771096693.799866797] [rf2o_laser_odometry]: Robot-base odom [x,y,yaw]=[-2.336362 -0.987376 -1.386197]
[rf2o_laser_odometry_node-5] [WARN] [1771096693.835845287] [rf2o_laser_odometry]: Waiting for laser_scans....
[rf2o_laser_odometry_node-5] [INFO] [1771096693.897155177] [rf2o_laser_odometry]: execution time (ms): 12.000000
[rf2o_laser_odometry_node-5] [INFO] [1771096693.897295037] [rf2o_laser_odometry]: Laser odom [x,y,yaw]=[-2.307143 -1.106997 -1.355451]
[rf2o_laser_odometry_node-5] [INFO] [1771096693.897319967] [rf2o_laser_odometry]: Robot-base odom [x,y,yaw]=[-2.328512 -1.009307 -1.355451]
[rf2o_laser_odometry_node-5] [WARN] [1771096693.935847977] [rf2o_laser_odometry]: Waiting for laser_scans....
[rf2o_laser_odometry_node-5] [INFO] [1771096693.997140677] [rf2o_laser_odometry]: execution time (ms): 8.000000
[rf2o_laser_odometry_node-5] [INFO] [1771096693.997312577] [rf2o_laser_odometry]: Laser odom [x,y,yaw]=[-2.296673 -1.127770 -1.328458]
[rf2o_laser_odometry_node-5] [INFO] [1771096693.997343807] [rf2o_laser_odometry]: Robot-base odom [x,y,yaw]=[-2.320670 -1.030692 -1.328458]
[rf2o_laser_odometry_node-5] [WARN] [1771096694.035985217] [rf2o_laser_odometry]: Waiting for laser_scans....
[rf2o_laser_odometry_node-5] [INFO] [1771096694.097985857] [rf2o_laser_odometry]: execution time (ms): 12.000000
[rf2o_laser_odometry_node-5] [INFO] [1771096694.099564457] [rf2o_laser_odometry]: Laser odom [x,y,yaw]=[-2.286340 -1.148245 -1.306722]
[rf2o_laser_odometry_node-5] [INFO] [1771096694.099630787] [rf2o_laser_odometry]: Robot-base odom [x,y,yaw]=[-2.312441 -1.051712 -1.306722]
[rf2o_laser_odometry_node-5] [WARN] [1771096694.135812857] [rf2o_laser_odometry]: Waiting for laser_scans....
[rf2o_laser_odometry_node-5] [INFO] [1771096694.202568107] [rf2o_laser_odometry]: execution time (ms): 12.000000
[rf2o_laser_odometry_node-5] [INFO] [1771096694.202703647] [rf2o_laser_odometry]: Laser odom [x,y,yaw]=[-2.276212 -1.168990 -1.290881]
[rf2o_laser_odometry_node-5] [INFO] [1771096694.202738477] [rf2o_laser_odometry]: Robot-base odom [x,y,yaw]=[-2.303840 -1.072882 -1.290881]
[rf2o_laser_odometry_node-5] [WARN] [1771096694.235793677] [rf2o_laser_odometry]: Waiting for laser_scans....
[rf2o_laser_odometry_node-5] [INFO] [1771096694.297518737] [rf2o_laser_odometry]: execution time (ms): 12.000000
[rf2o_laser_odometry_node-5] [INFO] [1771096694.297666517] [rf2o_laser_odometry]: Laser odom [x,y,yaw]=[-2.266604 -1.190330 -1.279544]
[rf2o_laser_odometry_node-5] [INFO] [1771096694.297691807] [rf2o_laser_odometry]: Robot-base odom [x,y,yaw]=[-2.295319 -1.094542 -1.279544]
[rf2o_laser_odometry_node-5] [WARN] [1771096694.335811757] [rf2o_laser_odometry]: Waiting for laser_scans....
[rf2o_laser_odometry_node-5] [INFO] [1771096694.402070657] [rf2o_laser_odometry]: execution time (ms): 16.000000
[rf2o_laser_odometry_node-5] [INFO] [1771096694.406989877] [rf2o_laser_odometry]: Laser odom [x,y,yaw]=[-2.257736 -1.211053 -1.270146]
[rf2o_laser_odometry_node-5] [INFO] [1771096694.408116947] [rf2o_laser_odometry]: Robot-base odom [x,y,yaw]=[-2.287351 -1.115538 -1.270146]
[rf2o_laser_odometry_node-5] [WARN] [1771096694.436141957] [rf2o_laser_odometry]: Waiting for laser_scans....
[rf2o_laser_odometry_node-5] [INFO] [1771096694.497357527] [rf2o_laser_odometry]: execution time (ms): 12.000000
[rf2o_laser_odometry_node-5] [INFO] [1771096694.497524477] [rf2o_laser_odometry]: Laser odom [x,y,yaw]=[-2.250170 -1.229443 -1.264709]
[rf2o_laser_odometry_node-5] [INFO] [1771096694.497565157] [rf2o_laser_odometry]: Robot-base odom [x,y,yaw]=[-2.280303 -1.134091 -1.264709]
[rf2o_laser_odometry_node-5] [WARN] [1771096694.535826407] [rf2o_laser_odometry]: Waiting for laser_scans....
[rf2o_laser_odometry_node-5] [INFO] [1771096694.597804187] [rf2o_laser_odometry]: execution time (ms): 12.000000
[rf2o_laser_odometry_node-5] [INFO] [1771096694.597932977] [rf2o_laser_odometry]: Laser odom [x,y,yaw]=[-2.244276 -1.246563 -1.267050]
[rf2o_laser_odometry_node-5] [INFO] [1771096694.597956917] [rf2o_laser_odometry]: Robot-base odom [x,y,yaw]=[-2.274185 -1.151140 -1.267050]
[rf2o_laser_odometry_node-5] [WARN] [1771096694.635769697] [rf2o_laser_odometry]: Waiting for laser_scans....
[rf2o_laser_odometry_node-5] [INFO] [1771096694.697176427] [rf2o_laser_odometry]: execution time (ms): 12.000000
[rf2o_laser_odometry_node-5] [INFO] [1771096694.697970047] [rf2o_laser_odometry]: Laser odom [x,y,yaw]=[-2.239057 -1.263269 -1.271047]
[rf2o_laser_odometry_node-5] [INFO] [1771096694.698674207] [rf2o_laser_odometry]: Robot-base odom [x,y,yaw]=[-2.268585 -1.167728 -1.271047]
[rf2o_laser_odometry_node-5] [WARN] [1771096694.735973267] [rf2o_laser_odometry]: Waiting for laser_scans....
[rf2o_laser_odometry_node-5] [INFO] [1771096694.797406367] [rf2o_laser_odometry]: execution time (ms): 12.000000
[rf2o_laser_odometry_node-5] [INFO] [1771096694.797605087] [rf2o_laser_odometry]: Laser odom [x,y,yaw]=[-2.234623 -1.279375 -1.276473]
[rf2o_laser_odometry_node-5] [INFO] [1771096694.797649457] [rf2o_laser_odometry]: Robot-base odom [x,y,yaw]=[-2.263632 -1.183675 -1.276473]
[rf2o_laser_odometry_node-5] [WARN] [1771096694.835861117] [rf2o_laser_odometry]: Waiting for laser_scans....
[rf2o_laser_odometry_node-5] [INFO] [1771096694.901686127] [rf2o_laser_odometry]: execution time (ms): 12.000000
[rf2o_laser_odometry_node-5] [INFO] [1771096694.901880257] [rf2o_laser_odometry]: Laser odom [x,y,yaw]=[-2.230878 -1.295940 -1.283806]
[rf2o_laser_odometry_node-5] [INFO] [1771096694.901920487] [rf2o_laser_odometry]: Robot-base odom [x,y,yaw]=[-2.259185 -1.200030 -1.283806]
[rf2o_laser_odometry_node-5] [WARN] [1771096694.935863447] [rf2o_laser_odometry]: Waiting for laser_scans....
[rf2o_laser_odometry_node-5] [INFO] [1771096694.999243157] [rf2o_laser_odometry]: execution time (ms): 12.000000
[rf2o_laser_odometry_node-5] [INFO] [1771096694.999424777] [rf2o_laser_odometry]: Laser odom [x,y,yaw]=[-2.227739 -1.313166 -1.293223]
[rf2o_laser_odometry_node-5] [INFO] [1771096694.999463747] [rf2o_laser_odometry]: Robot-base odom [x,y,yaw]=[-2.255141 -1.216994 -1.293223]
[rf2o_laser_odometry_node-5] [WARN] [1771096695.035843367] [rf2o_laser_odometry]: Waiting for laser_scans....
[rf2o_laser_odometry_node-5] [INFO] [1771096695.097994937] [rf2o_laser_odometry]: execution time (ms): 16.000000
[rf2o_laser_odometry_node-5] [INFO] [1771096695.099134967] [rf2o_laser_odometry]: Laser odom [x,y,yaw]=[-2.225159 -1.331323 -1.304680]
[rf2o_laser_odometry_node-5] [INFO] [1771096695.099219477] [rf2o_laser_odometry]: Robot-base odom [x,y,yaw]=[-2.251457 -1.234843 -1.304680]
[rf2o_laser_odometry_node-5] [WARN] [1771096695.135773787] [rf2o_laser_odometry]: Waiting for laser_scans....
[rf2o_laser_odometry_node-5] [WARN] [1771096695.185755557] [rf2o_laser_odometry]: Waiting for laser_scans....
[rf2o_laser_odometry_node-5] [INFO] [1771096695.247795347] [rf2o_laser_odometry]: execution time (ms): 12.000000
[rf2o_laser_odometry_node-5] [INFO] [1771096695.247933497] [rf2o_laser_odometry]: Laser odom [x,y,yaw]=[-2.223119 -1.350563 -1.318216]
[rf2o_laser_odometry_node-5] [INFO] [1771096695.247959867] [rf2o_laser_odometry]: Robot-base odom [x,y,yaw]=[-2.248109 -1.253736 -1.318216]
[rf2o_laser_odometry_node-5] [INFO] [1771096695.297114717] [rf2o_laser_odometry]: execution time (ms): 12.000000
[rf2o_laser_odometry_node-5] [INFO] [1771096695.298076907] [rf2o_laser_odometry]: Laser odom [x,y,yaw]=[-2.221596 -1.371195 -1.334455]
[rf2o_laser_odometry_node-5] [INFO] [1771096695.298170327] [rf2o_laser_odometry]: Robot-base odom [x,y,yaw]=[-2.245010 -1.273974 -1.334455]
[rf2o_laser_odometry_node-5] [WARN] [1771096695.335837397] [rf2o_laser_odometry]: Waiting for laser_scans....
[rf2o_laser_odometry_node-5] [INFO] [1771096695.396078087] [rf2o_laser_odometry]: execution time (ms): 8.000000
[rf2o_laser_odometry_node-5] [INFO] [1771096695.396264477] [rf2o_laser_odometry]: Laser odom [x,y,yaw]=[-2.220677 -1.392364 -1.352861]
[rf2o_laser_odometry_node-5] [INFO] [1771096695.396304077] [rf2o_laser_odometry]: Robot-base odom [x,y,yaw]=[-2.242298 -1.294729 -1.352861]
[rf2o_laser_odometry_node-5] [WARN] [1771096695.435784467] [rf2o_laser_odometry]: Waiting for laser_scans....
[rf2o_laser_odometry_node-5] [INFO] [1771096695.499010637] [rf2o_laser_odometry]: execution time (ms): 12.000000
[rf2o_laser_odometry_node-5] [INFO] [1771096695.499232037] [rf2o_laser_odometry]: Laser odom [x,y,yaw]=[-2.220384 -1.416975 -1.375061]
[rf2o_laser_odometry_node-5] [INFO] [1771096695.499288557] [rf2o_laser_odometry]: Robot-base odom [x,y,yaw]=[-2.239833 -1.318885 -1.375061]
[rf2o_laser_odometry_node-5] [WARN] [1771096695.535858257] [rf2o_laser_odometry]: Waiting for laser_scans....
[rf2o_laser_odometry_node-5] [INFO] [1771096695.596862057] [rf2o_laser_odometry]: execution time (ms): 12.000000
[rf2o_laser_odometry_node-5] [INFO] [1771096695.596989407] [rf2o_laser_odometry]: Laser odom [x,y,yaw]=[-2.220864 -1.442145 -1.398115]
[rf2o_laser_odometry_node-5] [INFO] [1771096695.597012807] [rf2o_laser_odometry]: Robot-base odom [x,y,yaw]=[-2.238047 -1.343632 -1.398115]
[rf2o_laser_odometry_node-5] [WARN] [1771096695.635812527] [rf2o_laser_odometry]: Waiting for laser_scans....
[rf2o_laser_odometry_node-5] [INFO] [1771096695.698213847] [rf2o_laser_odometry]: execution time (ms): 8.000000
[rf2o_laser_odometry_node-5] [INFO] [1771096695.699247587] [rf2o_laser_odometry]: Laser odom [x,y,yaw]=[-2.221103 -1.467781 -1.417444]
[rf2o_laser_odometry_node-5] [INFO] [1771096695.699320937] [rf2o_laser_odometry]: Robot-base odom [x,y,yaw]=[-2.236378 -1.368954 -1.417444]
[rf2o_laser_odometry_node-5] [WARN] [1771096695.735851487] [rf2o_laser_odometry]: Waiting for laser_scans....
[rf2o_laser_odometry_node-5] [INFO] [1771096695.800882247] [rf2o_laser_odometry]: execution time (ms): 16.000000
[rf2o_laser_odometry_node-5] [INFO] [1771096695.801107427] [rf2o_laser_odometry]: Laser odom [x,y,yaw]=[-2.221424 -1.493030 -1.434106]
[rf2o_laser_odometry_node-5] [INFO] [1771096695.801161517] [rf2o_laser_odometry]: Robot-base odom [x,y,yaw]=[-2.235051 -1.393962 -1.434106]
[rf2o_laser_odometry_node-5] [WARN] [1771096695.835813497] [rf2o_laser_odometry]: Waiting for laser_scans....
[rviz2-10] [INFO] [1771096695.851587797] [rviz2]: Trying to create a map of size 120 x 154 using 1 swatches
[rf2o_laser_odometry_node-5] [INFO] [1771096695.899747697] [rf2o_laser_odometry]: execution time (ms): 12.000000
[rf2o_laser_odometry_node-5] [INFO] [1771096695.899969277] [rf2o_laser_odometry]: Laser odom [x,y,yaw]=[-2.221992 -1.518073 -1.449743]
[rf2o_laser_odometry_node-5] [INFO] [1771096695.900015717] [rf2o_laser_odometry]: Robot-base odom [x,y,yaw]=[-2.234068 -1.418805 -1.449743]
[rf2o_laser_odometry_node-5] [WARN] [1771096695.935992857] [rf2o_laser_odometry]: Waiting for laser_scans....
[rf2o_laser_odometry_node-5] [INFO] [1771096695.997725207] [rf2o_laser_odometry]: execution time (ms): 12.000000
[rf2o_laser_odometry_node-5] [INFO] [1771096695.998521437] [rf2o_laser_odometry]: Laser odom [x,y,yaw]=[-2.222703 -1.541576 -1.462886]
[rf2o_laser_odometry_node-5] [INFO] [1771096695.998586057] [rf2o_laser_odometry]: Robot-base odom [x,y,yaw]=[-2.233473 -1.442158 -1.462886]
[rf2o_laser_odometry_node-5] [WARN] [1771096696.035854517] [rf2o_laser_odometry]: Waiting for laser_scans....
[rf2o_laser_odometry_node-5] [INFO] [1771096696.096689387] [rf2o_laser_odometry]: execution time (ms): 12.000000
[rf2o_laser_odometry_node-5] [INFO] [1771096696.096823667] [rf2o_laser_odometry]: Laser odom [x,y,yaw]=[-2.223480 -1.563902 -1.474554]
[rf2o_laser_odometry_node-5] [INFO] [1771096696.096848417] [rf2o_laser_odometry]: Robot-base odom [x,y,yaw]=[-2.233089 -1.464365 -1.474554]
[rf2o_laser_odometry_node-5] [WARN] [1771096696.135855317] [rf2o_laser_odometry]: Waiting for laser_scans....
[rf2o_laser_odometry_node-5] [WARN] [1771096696.185763737] [rf2o_laser_odometry]: Waiting for laser_scans....
[rf2o_laser_odometry_node-5] [INFO] [1771096696.246710747] [rf2o_laser_odometry]: execution time (ms): 12.000000
[rf2o_laser_odometry_node-5] [INFO] [1771096696.246835577] [rf2o_laser_odometry]: Laser odom [x,y,yaw]=[-2.224264 -1.585283 -1.484975]
[rf2o_laser_odometry_node-5] [INFO] [1771096696.246860597] [rf2o_laser_odometry]: Robot-base odom [x,y,yaw]=[-2.232836 -1.485651 -1.484975]
[rf2o_laser_odometry_node-5] [WARN] [1771096696.285791717] [rf2o_laser_odometry]: Waiting for laser_scans....
[rf2o_laser_odometry_node-5] [INFO] [1771096696.346646207] [rf2o_laser_odometry]: execution time (ms): 8.000000
[rf2o_laser_odometry_node-5] [INFO] [1771096696.346801907] [rf2o_laser_odometry]: Laser odom [x,y,yaw]=[-2.225007 -1.605613 -1.493805]
[rf2o_laser_odometry_node-5] [INFO] [1771096696.346846547] [rf2o_laser_odometry]: Robot-base odom [x,y,yaw]=[-2.232698 -1.505909 -1.493805]
[rf2o_laser_odometry_node-5] [WARN] [1771096696.385831217] [rf2o_laser_odometry]: Waiting for laser_scans....
[rf2o_laser_odometry_node-5] [INFO] [1771096696.447689117] [rf2o_laser_odometry]: execution time (ms): 8.000000
[rf2o_laser_odometry_node-5] [INFO] [1771096696.447826907] [rf2o_laser_odometry]: Laser odom [x,y,yaw]=[-2.225726 -1.625696 -1.501820]
[rf2o_laser_odometry_node-5] [INFO] [1771096696.447901967] [rf2o_laser_odometry]: Robot-base odom [x,y,yaw]=[-2.232618 -1.525934 -1.501820]
[rf2o_laser_odometry_node-5] [WARN] [1771096696.486167357] [rf2o_laser_odometry]: Waiting for laser_scans....
[rf2o_laser_odometry_node-5] [INFO] [1771096696.546748157] [rf2o_laser_odometry]: execution time (ms): 4.000000
[rf2o_laser_odometry_node-5] [INFO] [1771096696.548033177] [rf2o_laser_odometry]: Laser odom [x,y,yaw]=[-2.226392 -1.644752 -1.508326]
[rf2o_laser_odometry_node-5] [INFO] [1771096696.549424847] [rf2o_laser_odometry]: Robot-base odom [x,y,yaw]=[-2.232635 -1.544947 -1.508326]
[rf2o_laser_odometry_node-5] [WARN] [1771096696.585769277] [rf2o_laser_odometry]: Waiting for laser_scans....
[rf2o_laser_odometry_node-5] [INFO] [1771096696.652972007] [rf2o_laser_odometry]: execution time (ms): 16.000000
[rf2o_laser_odometry_node-5] [INFO] [1771096696.654449807] [rf2o_laser_odometry]: Laser odom [x,y,yaw]=[-2.226948 -1.662554 -1.513435]
[rf2o_laser_odometry_node-5] [INFO] [1771096696.655425137] [rf2o_laser_odometry]: Robot-base odom [x,y,yaw]=[-2.232681 -1.562718 -1.513435]
[rf2o_laser_odometry_node-5] [WARN] [1771096696.685858457] [rf2o_laser_odometry]: Waiting for laser_scans....
[rf2o_laser_odometry_node-5] [WARN] [1771096696.735810797] [rf2o_laser_odometry]: Waiting for laser_scans....
[rf2o_laser_odometry_node-5] [INFO] [1771096696.801844787] [rf2o_laser_odometry]: execution time (ms): 16.000000
[rf2o_laser_odometry_node-5] [INFO] [1771096696.801987347] [rf2o_laser_odometry]: Laser odom [x,y,yaw]=[-2.227272 -1.679253 -1.517775]
[rf2o_laser_odometry_node-5] [INFO] [1771096696.802016057] [rf2o_laser_odometry]: Robot-base odom [x,y,yaw]=[-2.232572 -1.579394 -1.517775]
[rf2o_laser_odometry_node-5] [INFO] [1771096696.848242487] [rf2o_laser_odometry]: execution time (ms): 12.000000
[rf2o_laser_odometry_node-5] [INFO] [1771096696.848428787] [rf2o_laser_odometry]: Laser odom [x,y,yaw]=[-2.227269 -1.695835 -1.520765]
[rf2o_laser_odometry_node-5] [INFO] [1771096696.848516177] [rf2o_laser_odometry]: Robot-base odom [x,y,yaw]=[-2.232270 -1.595960 -1.520765]
[rf2o_laser_odometry_node-5] [WARN] [1771096696.886256867] [rf2o_laser_odometry]: Waiting for laser_scans....
[rf2o_laser_odometry_node-5] [INFO] [1771096696.949195307] [rf2o_laser_odometry]: execution time (ms): 12.000000
[rf2o_laser_odometry_node-5] [INFO] [1771096696.949383947] [rf2o_laser_odometry]: Laser odom [x,y,yaw]=[-2.226907 -1.711430 -1.521254]
[rf2o_laser_odometry_node-5] [INFO] [1771096696.949429667] [rf2o_laser_odometry]: Robot-base odom [x,y,yaw]=[-2.231859 -1.611553 -1.521254]
[rf2o_laser_odometry_node-5] [WARN] [1771096696.985925747] [rf2o_laser_odometry]: Waiting for laser_scans....
[rf2o_laser_odometry_node-5] [INFO] [1771096697.046551907] [rf2o_laser_odometry]: execution time (ms): 8.000000
[rf2o_laser_odometry_node-5] [INFO] [1771096697.046824337] [rf2o_laser_odometry]: Laser odom [x,y,yaw]=[-2.226195 -1.724305 -1.518304]
[rf2o_laser_odometry_node-5] [INFO] [1771096697.046870867] [rf2o_laser_odometry]: Robot-base odom [x,y,yaw]=[-2.231442 -1.624443 -1.518304]
[rf2o_laser_odometry_node-5] [WARN] [1771096697.085852387] [rf2o_laser_odometry]: Waiting for laser_scans....
[rf2o_laser_odometry_node-5] [INFO] [1771096697.146701477] [rf2o_laser_odometry]: execution time (ms): 8.000000
[rf2o_laser_odometry_node-5] [INFO] [1771096697.146871127] [rf2o_laser_odometry]: Laser odom [x,y,yaw]=[-2.225254 -1.733252 -1.514146]
[rf2o_laser_odometry_node-5] [INFO] [1771096697.146908117] [rf2o_laser_odometry]: Robot-base odom [x,y,yaw]=[-2.230916 -1.633413 -1.514146]
[rf2o_laser_odometry_node-5] [WARN] [1771096697.185795407] [rf2o_laser_odometry]: Waiting for laser_scans....
[rf2o_laser_odometry_node-5] [WARN] [1771096697.235792207] [rf2o_laser_odometry]: Waiting for laser_scans....
[rf2o_laser_odometry_node-5] [INFO] [1771096697.296189587] [rf2o_laser_odometry]: execution time (ms): 8.000000
[rf2o_laser_odometry_node-5] [INFO] [1771096697.296367337] [rf2o_laser_odometry]: Laser odom [x,y,yaw]=[-2.224030 -1.740915 -1.508665]
[rf2o_laser_odometry_node-5] [INFO] [1771096697.296396227] [rf2o_laser_odometry]: Robot-base odom [x,y,yaw]=[-2.230239 -1.641108 -1.508665]
[rf2o_laser_odometry_node-5] [INFO] [1771096697.347865247] [rf2o_laser_odometry]: execution time (ms): 8.000000
[rf2o_laser_odometry_node-5] [INFO] [1771096697.348087637] [rf2o_laser_odometry]: Laser odom [x,y,yaw]=[-2.222493 -1.748281 -1.501530]
[rf2o_laser_odometry_node-5] [INFO] [1771096697.348142087] [rf2o_laser_odometry]: Robot-base odom [x,y,yaw]=[-2.229414 -1.648521 -1.501530]
[rf2o_laser_odometry_node-5] [WARN] [1771096697.385875217] [rf2o_laser_odometry]: Waiting for laser_scans....
[rf2o_laser_odometry_node-5] [INFO] [1771096697.448769377] [rf2o_laser_odometry]: execution time (ms): 12.000000
[rf2o_laser_odometry_node-5] [INFO] [1771096697.448988887] [rf2o_laser_odometry]: Laser odom [x,y,yaw]=[-2.220717 -1.755191 -1.493802]
[rf2o_laser_odometry_node-5] [INFO] [1771096697.449033977] [rf2o_laser_odometry]: Robot-base odom [x,y,yaw]=[-2.228409 -1.655487 -1.493802]
[rf2o_laser_odometry_node-5] [WARN] [1771096697.485834437] [rf2o_laser_odometry]: Waiting for laser_scans....
[rf2o_laser_odometry_node-5] [INFO] [1771096697.548687827] [rf2o_laser_odometry]: execution time (ms): 16.000000
[rf2o_laser_odometry_node-5] [INFO] [1771096697.551120437] [rf2o_laser_odometry]: Laser odom [x,y,yaw]=[-2.218794 -1.761709 -1.485254]
[rf2o_laser_odometry_node-5] [INFO] [1771096697.551189647] [rf2o_laser_odometry]: Robot-base odom [x,y,yaw]=[-2.227338 -1.662075 -1.485254]
[rf2o_laser_odometry_node-5] [WARN] [1771096697.585846937] [rf2o_laser_odometry]: Waiting for laser_scans....
[rf2o_laser_odometry_node-5] [INFO] [1771096697.651073987] [rf2o_laser_odometry]: execution time (ms): 16.000000
[rf2o_laser_odometry_node-5] [INFO] [1771096697.651242107] [rf2o_laser_odometry]: Laser odom [x,y,yaw]=[-2.216859 -1.767871 -1.476860]
[rf2o_laser_odometry_node-5] [INFO] [1771096697.651285487] [rf2o_laser_odometry]: Robot-base odom [x,y,yaw]=[-2.226239 -1.668312 -1.476860]
[rf2o_laser_odometry_node-5] [WARN] [1771096697.686197657] [rf2o_laser_odometry]: Waiting for laser_scans....
[rf2o_laser_odometry_node-5] [INFO] [1771096697.749076247] [rf2o_laser_odometry]: execution time (ms): 12.000000
[rf2o_laser_odometry_node-5] [INFO] [1771096697.749199907] [rf2o_laser_odometry]: Laser odom [x,y,yaw]=[-2.214859 -1.773623 -1.468354]
[rf2o_laser_odometry_node-5] [INFO] [1771096697.749224387] [rf2o_laser_odometry]: Robot-base odom [x,y,yaw]=[-2.225086 -1.674147 -1.468354]
[rf2o_laser_odometry_node-5] [WARN] [1771096697.785786707] [rf2o_laser_odometry]: Waiting for laser_scans....
[rviz2-10] [INFO] [1771096697.835188697] [rviz2]: Trying to create a map of size 120 x 163 using 1 swatches
[rf2o_laser_odometry_node-5] [INFO] [1771096697.848451547] [rf2o_laser_odometry]: execution time (ms): 16.000000
[rf2o_laser_odometry_node-5] [INFO] [1771096697.848605897] [rf2o_laser_odometry]: Laser odom [x,y,yaw]=[-2.212796 -1.779110 -1.459265]
[rf2o_laser_odometry_node-5] [INFO] [1771096697.848646127] [rf2o_laser_odometry]: Robot-base odom [x,y,yaw]=[-2.223926 -1.679732 -1.459265]
[rf2o_laser_odometry_node-5] [WARN] [1771096697.886026997] [rf2o_laser_odometry]: Waiting for laser_scans....
[rf2o_laser_odometry_node-5] [INFO] [1771096697.946770787] [rf2o_laser_odometry]: execution time (ms): 12.000000
[rf2o_laser_odometry_node-5] [INFO] [1771096697.946943587] [rf2o_laser_odometry]: Laser odom [x,y,yaw]=[-2.210660 -1.784286 -1.449910]
[rf2o_laser_odometry_node-5] [INFO] [1771096697.946972747] [rf2o_laser_odometry]: Robot-base odom [x,y,yaw]=[-2.222719 -1.685016 -1.449910]
[rf2o_laser_odometry_node-5] [WARN] [1771096697.985843207] [rf2o_laser_odometry]: Waiting for laser_scans....
[rf2o_laser_odometry_node-5] [INFO] [1771096698.047768337] [rf2o_laser_odometry]: execution time (ms): 12.000000
[rf2o_laser_odometry_node-5] [INFO] [1771096698.048007197] [rf2o_laser_odometry]: Laser odom [x,y,yaw]=[-2.208447 -1.789133 -1.440582]
[rf2o_laser_odometry_node-5] [INFO] [1771096698.048051207] [rf2o_laser_odometry]: Robot-base odom [x,y,yaw]=[-2.221432 -1.689980 -1.440582]
[rf2o_laser_odometry_node-5] [WARN] [1771096698.085902057] [rf2o_laser_odometry]: Waiting for laser_scans....
[rf2o_laser_odometry_node-5] [INFO] [1771096698.146569887] [rf2o_laser_odometry]: execution time (ms): 12.000000
[rf2o_laser_odometry_node-5] [INFO] [1771096698.146696517] [rf2o_laser_odometry]: Laser odom [x,y,yaw]=[-2.206168 -1.793797 -1.430810]
[rf2o_laser_odometry_node-5] [INFO] [1771096698.146725137] [rf2o_laser_odometry]: Robot-base odom [x,y,yaw]=[-2.220121 -1.694775 -1.430810]
[rf2o_laser_odometry_node-5] [WARN] [1771096698.185816457] [rf2o_laser_odometry]: Waiting for laser_scans....
[rf2o_laser_odometry_node-5] [WARN] [1771096698.235825677] [rf2o_laser_odometry]: Waiting for laser_scans....
[rf2o_laser_odometry_node-5] [WARN] [1771096698.285835167] [rf2o_laser_odometry]: Waiting for laser_scans....
[rf2o_laser_odometry_node-5] [INFO] [1771096698.351153297] [rf2o_laser_odometry]: execution time (ms): 12.000000
[rf2o_laser_odometry_node-5] [INFO] [1771096698.351362997] [rf2o_laser_odometry]: Laser odom [x,y,yaw]=[-2.200983 -1.803854 -1.414162]
[rf2o_laser_odometry_node-5] [INFO] [1771096698.351408087] [rf2o_laser_odometry]: Robot-base odom [x,y,yaw]=[-2.216583 -1.705078 -1.414162]
[rf2o_laser_odometry_node-5] [WARN] [1771096698.386192277] [rf2o_laser_odometry]: Waiting for laser_scans....
[rf2o_laser_odometry_node-5] [WARN] [1771096698.435821157] [rf2o_laser_odometry]: Waiting for laser_scans....
[rf2o_laser_odometry_node-5] [INFO] [1771096698.510187437] [rf2o_laser_odometry]: execution time (ms): 20.000000
[rf2o_laser_odometry_node-5] [INFO] [1771096698.511110117] [rf2o_laser_odometry]: Laser odom [x,y,yaw]=[-2.198295 -1.808250 -1.404131]
[rf2o_laser_odometry_node-5] [INFO] [1771096698.511199307] [rf2o_laser_odometry]: Robot-base odom [x,y,yaw]=[-2.214884 -1.709636 -1.404131]
[rf2o_laser_odometry_node-5] [WARN] [1771096698.535858047] [rf2o_laser_odometry]: Waiting for laser_scans....
[rf2o_laser_odometry_node-5] [INFO] [1771096698.610985547] [rf2o_laser_odometry]: execution time (ms): 16.000000
[rf2o_laser_odometry_node-5] [INFO] [1771096698.611155107] [rf2o_laser_odometry]: Laser odom [x,y,yaw]=[-2.195546 -1.812572 -1.393383]
[rf2o_laser_odometry_node-5] [INFO] [1771096698.611200287] [rf2o_laser_odometry]: Robot-base odom [x,y,yaw]=[-2.213194 -1.714142 -1.393383]
[rf2o_laser_odometry_node-5] [WARN] [1771096698.635892327] [rf2o_laser_odometry]: Waiting for laser_scans....
[rf2o_laser_odometry_node-5] [INFO] [1771096698.697519737] [rf2o_laser_odometry]: execution time (ms): 12.000000
[rf2o_laser_odometry_node-5] [INFO] [1771096698.697758687] [rf2o_laser_odometry]: Laser odom [x,y,yaw]=[-2.192688 -1.816827 -1.382536]
[rf2o_laser_odometry_node-5] [INFO] [1771096698.697800267] [rf2o_laser_odometry]: Robot-base odom [x,y,yaw]=[-2.211403 -1.718593 -1.382536]
[rf2o_laser_odometry_node-5] [WARN] [1771096698.735847497] [rf2o_laser_odometry]: Waiting for laser_scans....
[rf2o_laser_odometry_node-5] [INFO] [1771096698.796317957] [rf2o_laser_odometry]: execution time (ms): 4.000000
[rf2o_laser_odometry_node-5] [INFO] [1771096698.797644917] [rf2o_laser_odometry]: Laser odom [x,y,yaw]=[-2.189711 -1.821038 -1.371504]
[rf2o_laser_odometry_node-5] [INFO] [1771096698.797721597] [rf2o_laser_odometry]: Robot-base odom [x,y,yaw]=[-2.209508 -1.723018 -1.371504]
[rf2o_laser_odometry_node-5] [WARN] [1771096698.835807797] [rf2o_laser_odometry]: Waiting for laser_scans....
[rf2o_laser_odometry_node-5] [WARN] [1771096698.885783627] [rf2o_laser_odometry]: Waiting for laser_scans....
[rf2o_laser_odometry_node-5] [INFO] [1771096698.948420477] [rf2o_laser_odometry]: execution time (ms): 12.000000
[rf2o_laser_odometry_node-5] [INFO] [1771096698.949477617] [rf2o_laser_odometry]: Laser odom [x,y,yaw]=[-2.186664 -1.825177 -1.360189]
[rf2o_laser_odometry_node-5] [INFO] [1771096698.950233437] [rf2o_laser_odometry]: Robot-base odom [x,y,yaw]=[-2.207570 -1.727387 -1.360189]
[rf2o_laser_odometry_node-5] [INFO] [1771096698.998182377] [rf2o_laser_odometry]: execution time (ms): 12.000000
[rf2o_laser_odometry_node-5] [INFO] [1771096698.998333667] [rf2o_laser_odometry]: Laser odom [x,y,yaw]=[-2.183471 -1.829311 -1.348852]
[rf2o_laser_odometry_node-5] [INFO] [1771096698.998370567] [rf2o_laser_odometry]: Robot-base odom [x,y,yaw]=[-2.205484 -1.731764 -1.348852]
[rf2o_laser_odometry_node-5] [WARN] [1771096699.035853497] [rf2o_laser_odometry]: Waiting for laser_scans....
[rf2o_laser_odometry_node-5] [INFO] [1771096699.097158167] [rf2o_laser_odometry]: execution time (ms): 12.000000
[rf2o_laser_odometry_node-5] [INFO] [1771096699.097309907] [rf2o_laser_odometry]: Laser odom [x,y,yaw]=[-2.180236 -1.833364 -1.337195]
[rf2o_laser_odometry_node-5] [INFO] [1771096699.097334567] [rf2o_laser_odometry]: Robot-base odom [x,y,yaw]=[-2.203384 -1.736080 -1.337195]
[rf2o_laser_odometry_node-5] [WARN] [1771096699.135860057] [rf2o_laser_odometry]: Waiting for laser_scans....
[rf2o_laser_odometry_node-5] [INFO] [1771096699.196985717] [rf2o_laser_odometry]: execution time (ms): 12.000000
[rf2o_laser_odometry_node-5] [INFO] [1771096699.197162297] [rf2o_laser_odometry]: Laser odom [x,y,yaw]=[-2.176875 -1.837399 -1.325594]
[rf2o_laser_odometry_node-5] [INFO] [1771096699.197207837] [rf2o_laser_odometry]: Robot-base odom [x,y,yaw]=[-2.201150 -1.740390 -1.325594]
[rf2o_laser_odometry_node-5] [WARN] [1771096699.235859327] [rf2o_laser_odometry]: Waiting for laser_scans....
[rf2o_laser_odometry_node-5] [INFO] [1771096699.298442087] [rf2o_laser_odometry]: execution time (ms): 12.000000
[rf2o_laser_odometry_node-5] [INFO] [1771096699.298582127] [rf2o_laser_odometry]: Laser odom [x,y,yaw]=[-2.173387 -1.841434 -1.314321]
[rf2o_laser_odometry_node-5] [INFO] [1771096699.298627667] [rf2o_laser_odometry]: Robot-base odom [x,y,yaw]=[-2.198754 -1.744705 -1.314321]
[rf2o_laser_odometry_node-5] [WARN] [1771096699.335831327] [rf2o_laser_odometry]: Waiting for laser_scans....
[rf2o_laser_odometry_node-5] [WARN] [1771096699.385829927] [rf2o_laser_odometry]: Waiting for laser_scans....
[rf2o_laser_odometry_node-5] [INFO] [1771096699.449940977] [rf2o_laser_odometry]: execution time (ms): 12.000000
[rf2o_laser_odometry_node-5] [INFO] [1771096699.450234647] [rf2o_laser_odometry]: Laser odom [x,y,yaw]=[-2.169935 -1.845388 -1.302838]
[rf2o_laser_odometry_node-5] [INFO] [1771096699.450315197] [rf2o_laser_odometry]: Robot-base odom [x,y,yaw]=[-2.196411 -1.748957 -1.302838]
[rf2o_laser_odometry_node-5] [INFO] [1771096699.498709997] [rf2o_laser_odometry]: execution time (ms): 12.000000
[rf2o_laser_odometry_node-5] [INFO] [1771096699.498864347] [rf2o_laser_odometry]: Laser odom [x,y,yaw]=[-2.166438 -1.849300 -1.291242]
[rf2o_laser_odometry_node-5] [INFO] [1771096699.498892967] [rf2o_laser_odometry]: Robot-base odom [x,y,yaw]=[-2.194031 -1.753183 -1.291242]
[rf2o_laser_odometry_node-5] [WARN] [1771096699.535854527] [rf2o_laser_odometry]: Waiting for laser_scans....
[rf2o_laser_odometry_node-5] [INFO] [1771096699.599141357] [rf2o_laser_odometry]: execution time (ms): 12.000000
[rf2o_laser_odometry_node-5] [INFO] [1771096699.599364287] [rf2o_laser_odometry]: Laser odom [x,y,yaw]=[-2.162876 -1.853195 -1.279874]
[rf2o_laser_odometry_node-5] [INFO] [1771096699.599408117] [rf2o_laser_odometry]: Robot-base odom [x,y,yaw]=[-2.191559 -1.757397 -1.279874]
[rf2o_laser_odometry_node-5] [WARN] [1771096699.635880257] [rf2o_laser_odometry]: Waiting for laser_scans....
[rf2o_laser_odometry_node-5] [INFO] [1771096699.702573407] [rf2o_laser_odometry]: execution time (ms): 16.000000
[rf2o_laser_odometry_node-5] [INFO] [1771096699.702715787] [rf2o_laser_odometry]: Laser odom [x,y,yaw]=[-2.159304 -1.857046 -1.268258]
[rf2o_laser_odometry_node-5] [INFO] [1771096699.702751247] [rf2o_laser_odometry]: Robot-base odom [x,y,yaw]=[-2.189099 -1.761588 -1.268258]
[rf2o_laser_odometry_node-5] [WARN] [1771096699.735937397] [rf2o_laser_odometry]: Waiting for laser_scans....
[rf2o_laser_odometry_node-5] [INFO] [1771096699.798987887] [rf2o_laser_odometry]: execution time (ms): 12.000000
[rf2o_laser_odometry_node-5] [INFO] [1771096699.799125227] [rf2o_laser_odometry]: Laser odom [x,y,yaw]=[-2.155756 -1.860824 -1.256233]
[rf2o_laser_odometry_node-5] [INFO] [1771096699.799150607] [rf2o_laser_odometry]: Robot-base odom [x,y,yaw]=[-2.186696 -1.765731 -1.256233]
[rf2o_laser_odometry_node-5] [WARN] [1771096699.835847567] [rf2o_laser_odometry]: Waiting for laser_scans....
[rf2o_laser_odometry_node-5] [WARN] [1771096699.885828617] [rf2o_laser_odometry]: Waiting for laser_scans....
[rf2o_laser_odometry_node-5] [WARN] [1771096699.935793557] [rf2o_laser_odometry]: Waiting for laser_scans....
[rf2o_laser_odometry_node-5] [INFO] [1771096699.997610867] [rf2o_laser_odometry]: execution time (ms): 12.000000
[rf2o_laser_odometry_node-5] [INFO] [1771096699.997808237] [rf2o_laser_odometry]: Laser odom [x,y,yaw]=[-2.148168 -1.868346 -1.232379]
[rf2o_laser_odometry_node-5] [INFO] [1771096699.997877807] [rf2o_laser_odometry]: Robot-base odom [x,y,yaw]=[-2.181367 -1.774018 -1.232379]
[rf2o_laser_odometry_node-5] [WARN] [1771096700.035846827] [rf2o_laser_odometry]: Waiting for laser_scans....
[rf2o_laser_odometry_node-5] [WARN] [1771096700.085834807] [rf2o_laser_odometry]: Waiting for laser_scans....
[rf2o_laser_odometry_node-5] [INFO] [1771096700.149148457] [rf2o_laser_odometry]: execution time (ms): 12.000000
[rf2o_laser_odometry_node-5] [INFO] [1771096700.149324857] [rf2o_laser_odometry]: Laser odom [x,y,yaw]=[-2.143905 -1.872351 -1.222265]
[rf2o_laser_odometry_node-5] [INFO] [1771096700.149359957] [rf2o_laser_odometry]: Robot-base odom [x,y,yaw]=[-2.178056 -1.778364 -1.222265]
[rf2o_laser_odometry_node-5] [WARN] [1771096700.185842537] [rf2o_laser_odometry]: Waiting for laser_scans....
[rf2o_laser_odometry_node-5] [INFO] [1771096700.254363947] [rf2o_laser_odometry]: execution time (ms): 12.000000
[rf2o_laser_odometry_node-5] [INFO] [1771096700.255547897] [rf2o_laser_odometry]: Laser odom [x,y,yaw]=[-2.140121 -1.875945 -1.210156]
[rf2o_laser_odometry_node-5] [INFO] [1771096700.255615577] [rf2o_laser_odometry]: Robot-base odom [x,y,yaw]=[-2.175408 -1.782377 -1.210156]
[rf2o_laser_odometry_node-5] [WARN] [1771096700.285998857] [rf2o_laser_odometry]: Waiting for laser_scans....
[rf2o_laser_odometry_node-5] [INFO] [1771096700.351816127] [rf2o_laser_odometry]: execution time (ms): 12.000000
[rf2o_laser_odometry_node-5] [INFO] [1771096700.353328487] [rf2o_laser_odometry]: Laser odom [x,y,yaw]=[-2.136209 -1.879527 -1.198326]
[rf2o_laser_odometry_node-5] [INFO] [1771096700.353412367] [rf2o_laser_odometry]: Robot-base odom [x,y,yaw]=[-2.172600 -1.786384 -1.198326]
[rf2o_laser_odometry_node-5] [WARN] [1771096700.385823617] [rf2o_laser_odometry]: Waiting for laser_scans....
[rf2o_laser_odometry_node-5] [INFO] [1771096700.452435137] [rf2o_laser_odometry]: execution time (ms): 16.000000
[rf2o_laser_odometry_node-5] [INFO] [1771096700.452586247] [rf2o_laser_odometry]: Laser odom [x,y,yaw]=[-2.132273 -1.883033 -1.186405]
[rf2o_laser_odometry_node-5] [INFO] [1771096700.452625757] [rf2o_laser_odometry]: Robot-base odom [x,y,yaw]=[-2.169772 -1.790331 -1.186405]
[rf2o_laser_odometry_node-5] [WARN] [1771096700.485872657] [rf2o_laser_odometry]: Waiting for laser_scans....
[rf2o_laser_odometry_node-5] [INFO] [1771096700.549139957] [rf2o_laser_odometry]: execution time (ms): 16.000000
[rf2o_laser_odometry_node-5] [INFO] [1771096700.550207087] [rf2o_laser_odometry]: Laser odom [x,y,yaw]=[-2.128306 -1.886513 -1.174465]
[rf2o_laser_odometry_node-5] [INFO] [1771096700.550769497] [rf2o_laser_odometry]: Robot-base odom [x,y,yaw]=[-2.166909 -1.794264 -1.174465]
[rf2o_laser_odometry_node-5] [WARN] [1771096700.585846637] [rf2o_laser_odometry]: Waiting for laser_scans....
[rf2o_laser_odometry_node-5] [INFO] [1771096700.649873087] [rf2o_laser_odometry]: execution time (ms): 12.000000
[rf2o_laser_odometry_node-5] [INFO] [1771096700.650064427] [rf2o_laser_odometry]: Laser odom [x,y,yaw]=[-2.124209 -1.889998 -1.162931]
[rf2o_laser_odometry_node-5] [INFO] [1771096700.650111947] [rf2o_laser_odometry]: Robot-base odom [x,y,yaw]=[-2.163874 -1.798201 -1.162931]
[rf2o_laser_odometry_node-5] [WARN] [1771096700.685869307] [rf2o_laser_odometry]: Waiting for laser_scans....
[rf2o_laser_odometry_node-5] [INFO] [1771096700.748811077] [rf2o_laser_odometry]: execution time (ms): 12.000000
[rf2o_laser_odometry_node-5] [INFO] [1771096700.749000527] [rf2o_laser_odometry]: Laser odom [x,y,yaw]=[-2.120125 -1.893397 -1.151402]
[rf2o_laser_odometry_node-5] [INFO] [1771096700.749040757] [rf2o_laser_odometry]: Robot-base odom [x,y,yaw]=[-2.160846 -1.802064 -1.151402]
[rf2o_laser_odometry_node-5] [WARN] [1771096700.785849677] [rf2o_laser_odometry]: Waiting for laser_scans....
[rf2o_laser_odometry_node-5] [INFO] [1771096700.846764737] [rf2o_laser_odometry]: execution time (ms): 12.000000
[rf2o_laser_odometry_node-5] [INFO] [1771096700.846963637] [rf2o_laser_odometry]: Laser odom [x,y,yaw]=[-2.116093 -1.896726 -1.139708]
[rf2o_laser_odometry_node-5] [INFO] [1771096700.846993967] [rf2o_laser_odometry]: Robot-base odom [x,y,yaw]=[-2.157879 -1.805875 -1.139708]
[rf2o_laser_odometry_node-5] [WARN] [1771096700.885843367] [rf2o_laser_odometry]: Waiting for laser_scans....
[rf2o_laser_odometry_node-5] [INFO] [1771096700.948027697] [rf2o_laser_odometry]: execution time (ms): 12.000000
[rf2o_laser_odometry_node-5] [INFO] [1771096700.948151087] [rf2o_laser_odometry]: Laser odom [x,y,yaw]=[-2.112077 -1.900005 -1.128015]
[rf2o_laser_odometry_node-5] [INFO] [1771096700.948175117] [rf2o_laser_odometry]: Robot-base odom [x,y,yaw]=[-2.154923 -1.809648 -1.128015]
[rf2o_laser_odometry_node-5] [WARN] [1771096700.985838767] [rf2o_laser_odometry]: Waiting for laser_scans....
[rf2o_laser_odometry_node-5] [INFO] [1771096701.048690627] [rf2o_laser_odometry]: execution time (ms): 12.000000
[rf2o_laser_odometry_node-5] [INFO] [1771096701.048912207] [rf2o_laser_odometry]: Laser odom [x,y,yaw]=[-2.108058 -1.903239 -1.116347]
[rf2o_laser_odometry_node-5] [INFO] [1771096701.048953067] [rf2o_laser_odometry]: Robot-base odom [x,y,yaw]=[-2.151955 -1.813389 -1.116347]
[rf2o_laser_odometry_node-5] [WARN] [1771096701.085879527] [rf2o_laser_odometry]: Waiting for laser_scans....
[rf2o_laser_odometry_node-5] [INFO] [1771096701.153523887] [rf2o_laser_odometry]: execution time (ms): 16.000000
[rf2o_laser_odometry_node-5] [INFO] [1771096701.153952107] [rf2o_laser_odometry]: Laser odom [x,y,yaw]=[-2.104046 -1.906446 -1.104382]
[rf2o_laser_odometry_node-5] [INFO] [1771096701.153991167] [rf2o_laser_odometry]: Robot-base odom [x,y,yaw]=[-2.149014 -1.817127 -1.104382]
[rf2o_laser_odometry_node-5] [WARN] [1771096701.185897787] [rf2o_laser_odometry]: Waiting for laser_scans....
[rf2o_laser_odometry_node-5] [INFO] [1771096701.247001487] [rf2o_laser_odometry]: execution time (ms): 4.000000
[rf2o_laser_odometry_node-5] [INFO] [1771096701.247159707] [rf2o_laser_odometry]: Laser odom [x,y,yaw]=[-2.100024 -1.909616 -1.092920]
[rf2o_laser_odometry_node-5] [INFO] [1771096701.247193637] [rf2o_laser_odometry]: Robot-base odom [x,y,yaw]=[-2.146013 -1.820819 -1.092920]
[rf2o_laser_odometry_node-5] [WARN] [1771096701.285933507] [rf2o_laser_odometry]: Waiting for laser_scans....
[rf2o_laser_odometry_node-5] [INFO] [1771096701.347980767] [rf2o_laser_odometry]: execution time (ms): 12.000000
[rf2o_laser_odometry_node-5] [INFO] [1771096701.348163287] [rf2o_laser_odometry]: Laser odom [x,y,yaw]=[-2.096123 -1.912685 -1.081636]
[rf2o_laser_odometry_node-5] [INFO] [1771096701.348207207] [rf2o_laser_odometry]: Robot-base odom [x,y,yaw]=[-2.143111 -1.824413 -1.081636]
[rf2o_laser_odometry_node-5] [WARN] [1771096701.385837107] [rf2o_laser_odometry]: Waiting for laser_scans....
[rf2o_laser_odometry_node-5] [INFO] [1771096701.447550107] [rf2o_laser_odometry]: execution time (ms): 12.000000
[rf2o_laser_odometry_node-5] [INFO] [1771096701.447742707] [rf2o_laser_odometry]: Laser odom [x,y,yaw]=[-2.092298 -1.915721 -1.070734]
[rf2o_laser_odometry_node-5] [INFO] [1771096701.447784017] [rf2o_laser_odometry]: Robot-base odom [x,y,yaw]=[-2.140246 -1.827966 -1.070734]
[rf2o_laser_odometry_node-5] [WARN] [1771096701.485760867] [rf2o_laser_odometry]: Waiting for laser_scans....
[rf2o_laser_odometry_node-5] [WARN] [1771096701.535790337] [rf2o_laser_odometry]: Waiting for laser_scans....
[rf2o_laser_odometry_node-5] [INFO] [1771096701.597497757] [rf2o_laser_odometry]: execution time (ms): 12.000000
[rf2o_laser_odometry_node-5] [INFO] [1771096701.597626367] [rf2o_laser_odometry]: Laser odom [x,y,yaw]=[-2.088578 -1.918730 -1.060451]
[rf2o_laser_odometry_node-5] [INFO] [1771096701.597650037] [rf2o_laser_odometry]: Robot-base odom [x,y,yaw]=[-2.137425 -1.831473 -1.060451]
[rf2o_laser_odometry_node-5] [INFO] [1771096701.646990647] [rf2o_laser_odometry]: execution time (ms): 12.000000
[rf2o_laser_odometry_node-5] [INFO] [1771096701.647207187] [rf2o_laser_odometry]: Laser odom [x,y,yaw]=[-2.084958 -1.921754 -1.050643]
[rf2o_laser_odometry_node-5] [INFO] [1771096701.647272977] [rf2o_laser_odometry]: Robot-base odom [x,y,yaw]=[-2.134660 -1.834979 -1.050643]
[rf2o_laser_odometry_node-5] [WARN] [1771096701.685872177] [rf2o_laser_odometry]: Waiting for laser_scans....
[rf2o_laser_odometry_node-5] [INFO] [1771096701.746615157] [rf2o_laser_odometry]: execution time (ms): 12.000000
[rf2o_laser_odometry_node-5] [INFO] [1771096701.747517407] [rf2o_laser_odometry]: Laser odom [x,y,yaw]=[-2.081449 -1.924777 -1.041820]
[rf2o_laser_odometry_node-5] [INFO] [1771096701.747577437] [rf2o_laser_odometry]: Robot-base odom [x,y,yaw]=[-2.131914 -1.838445 -1.041820]
[rf2o_laser_odometry_node-5] [WARN] [1771096701.785857677] [rf2o_laser_odometry]: Waiting for laser_scans....
[rf2o_laser_odometry_node-5] [INFO] [1771096701.846849147] [rf2o_laser_odometry]: execution time (ms): 8.000000
[rf2o_laser_odometry_node-5] [INFO] [1771096701.846991167] [rf2o_laser_odometry]: Laser odom [x,y,yaw]=[-2.078019 -1.927825 -1.033842]
[rf2o_laser_odometry_node-5] [INFO] [1771096701.847018257] [rf2o_laser_odometry]: Robot-base odom [x,y,yaw]=[-2.129171 -1.841898 -1.033842]
[rf2o_laser_odometry_node-5] [WARN] [1771096701.885777207] [rf2o_laser_odometry]: Waiting for laser_scans....
[rf2o_laser_odometry_node-5] [INFO] [1771096701.947398677] [rf2o_laser_odometry]: execution time (ms): 12.000000
[rf2o_laser_odometry_node-5] [INFO] [1771096701.947574267] [rf2o_laser_odometry]: Laser odom [x,y,yaw]=[-2.074636 -1.930968 -1.026624]
[rf2o_laser_odometry_node-5] [INFO] [1771096701.947613327] [rf2o_laser_odometry]: Robot-base odom [x,y,yaw]=[-2.126407 -1.845413 -1.026624]
[rf2o_laser_odometry_node-5] [WARN] [1771096701.985917867] [rf2o_laser_odometry]: Waiting for laser_scans....
[rf2o_laser_odometry_node-5] [WARN] [1771096702.035833937] [rf2o_laser_odometry]: Waiting for laser_scans....
[rf2o_laser_odometry_node-5] [INFO] [1771096702.102217577] [rf2o_laser_odometry]: execution time (ms): 16.000000
[rf2o_laser_odometry_node-5] [INFO] [1771096702.102406307] [rf2o_laser_odometry]: Laser odom [x,y,yaw]=[-2.071390 -1.934110 -1.021376]
[rf2o_laser_odometry_node-5] [INFO] [1771096702.102447167] [rf2o_laser_odometry]: Robot-base odom [x,y,yaw]=[-2.123609 -1.848827 -1.021376]
[rf2o_laser_odometry_node-5] [INFO] [1771096702.151014407] [rf2o_laser_odometry]: execution time (ms): 16.000000
[rf2o_laser_odometry_node-5] [INFO] [1771096702.152433887] [rf2o_laser_odometry]: Laser odom [x,y,yaw]=[-2.068218 -1.937321 -1.017706]
[rf2o_laser_odometry_node-5] [INFO] [1771096702.152738717] [rf2o_laser_odometry]: Robot-base odom [x,y,yaw]=[-2.120750 -1.852230 -1.017706]
[rf2o_laser_odometry_node-5] [WARN] [1771096702.189213467] [rf2o_laser_odometry]: Waiting for laser_scans....
[rf2o_laser_odometry_node-5] [WARN] [1771096702.235845347] [rf2o_laser_odometry]: Waiting for laser_scans....
[rf2o_laser_odometry_node-5] [INFO] [1771096702.303488717] [rf2o_laser_odometry]: execution time (ms): 20.000000
[rf2o_laser_odometry_node-5] [INFO] [1771096702.306084137] [rf2o_laser_odometry]: Laser odom [x,y,yaw]=[-2.065282 -1.940519 -1.014359]
[rf2o_laser_odometry_node-5] [INFO] [1771096702.306163247] [rf2o_laser_odometry]: Robot-base odom [x,y,yaw]=[-2.118099 -1.855604 -1.014359]
[rf2o_laser_odometry_node-5] [WARN] [1771096702.335859197] [rf2o_laser_odometry]: Waiting for laser_scans....
[rf2o_laser_odometry_node-5] [INFO] [1771096702.396835547] [rf2o_laser_odometry]: execution time (ms): 12.000000
[rf2o_laser_odometry_node-5] [INFO] [1771096702.397851557] [rf2o_laser_odometry]: Laser odom [x,y,yaw]=[-2.062375 -1.943974 -1.010640]
[rf2o_laser_odometry_node-5] [INFO] [1771096702.397938317] [rf2o_laser_odometry]: Robot-base odom [x,y,yaw]=[-2.115507 -1.859256 -1.010640]
[rf2o_laser_odometry_node-5] [WARN] [1771096702.435861977] [rf2o_laser_odometry]: Waiting for laser_scans....
[rf2o_laser_odometry_node-5] [INFO] [1771096702.500040527] [rf2o_laser_odometry]: execution time (ms): 12.000000
[rf2o_laser_odometry_node-5] [INFO] [1771096702.500222597] [rf2o_laser_odometry]: Laser odom [x,y,yaw]=[-2.059601 -1.947743 -1.009096]
[rf2o_laser_odometry_node-5] [INFO] [1771096702.500269127] [rf2o_laser_odometry]: Robot-base odom [x,y,yaw]=[-2.112864 -1.863108 -1.009096]
[rf2o_laser_odometry_node-5] [WARN] [1771096702.535837127] [rf2o_laser_odometry]: Waiting for laser_scans....
[rf2o_laser_odometry_node-5] [INFO] [1771096702.596702687] [rf2o_laser_odometry]: execution time (ms): 8.000000
[rf2o_laser_odometry_node-5] [INFO] [1771096702.596824637] [rf2o_laser_odometry]: Laser odom [x,y,yaw]=[-2.056867 -1.951845 -1.009868]
[rf2o_laser_odometry_node-5] [INFO] [1771096702.596848667] [rf2o_laser_odometry]: Robot-base odom [x,y,yaw]=[-2.110064 -1.867169 -1.009868]
[rf2o_laser_odometry_node-5] [WARN] [1771096702.635779697] [rf2o_laser_odometry]: Waiting for laser_scans....
[rf2o_laser_odometry_node-5] [INFO] [1771096702.696560477] [rf2o_laser_odometry]: execution time (ms): 4.000000
[rf2o_laser_odometry_node-5] [INFO] [1771096702.696800057] [rf2o_laser_odometry]: Laser odom [x,y,yaw]=[-2.054403 -1.956018 -1.013233]
[rf2o_laser_odometry_node-5] [INFO] [1771096702.696855497] [rf2o_laser_odometry]: Robot-base odom [x,y,yaw]=[-2.107315 -1.871163 -1.013233]
[rf2o_laser_odometry_node-5] [WARN] [1771096702.735834587] [rf2o_laser_odometry]: Waiting for laser_scans....
[rf2o_laser_odometry_node-5] [INFO] [1771096702.799966157] [rf2o_laser_odometry]: execution time (ms): 12.000000
[rf2o_laser_odometry_node-5] [INFO] [1771096702.800150387] [rf2o_laser_odometry]: Laser odom [x,y,yaw]=[-2.052005 -1.959803 -1.018225]
[rf2o_laser_odometry_node-5] [INFO] [1771096702.800200517] [rf2o_laser_odometry]: Robot-base odom [x,y,yaw]=[-2.104493 -1.874685 -1.018225]
[rf2o_laser_odometry_node-5] [WARN] [1771096702.835769147] [rf2o_laser_odometry]: Waiting for laser_scans....
[rf2o_laser_odometry_node-5] [INFO] [1771096702.899577167] [rf2o_laser_odometry]: execution time (ms): 16.000000
[rf2o_laser_odometry_node-5] [INFO] [1771096702.899721617] [rf2o_laser_odometry]: Laser odom [x,y,yaw]=[-2.049973 -1.963383 -1.022831]
[rf2o_laser_odometry_node-5] [INFO] [1771096702.899758247] [rf2o_laser_odometry]: Robot-base odom [x,y,yaw]=[-2.102069 -1.878024 -1.022831]
[rf2o_laser_odometry_node-5] [WARN] [1771096702.935888927] [rf2o_laser_odometry]: Waiting for laser_scans....
[rf2o_laser_odometry_node-5] [INFO] [1771096703.000217507] [rf2o_laser_odometry]: execution time (ms): 12.000000
[rf2o_laser_odometry_node-5] [INFO] [1771096703.000447457] [rf2o_laser_odometry]: Laser odom [x,y,yaw]=[-2.048134 -1.967007 -1.027476]
[rf2o_laser_odometry_node-5] [INFO] [1771096703.000496867] [rf2o_laser_odometry]: Robot-base odom [x,y,yaw]=[-2.099832 -1.881407 -1.027476]
[rf2o_laser_odometry_node-5] [WARN] [1771096703.035873977] [rf2o_laser_odometry]: Waiting for laser_scans....
[rf2o_laser_odometry_node-5] [INFO] [1771096703.099697117] [rf2o_laser_odometry]: execution time (ms): 12.000000
[rf2o_laser_odometry_node-5] [INFO] [1771096703.099891517] [rf2o_laser_odometry]: Laser odom [x,y,yaw]=[-2.046446 -1.970696 -1.032260]
[rf2o_laser_odometry_node-5] [INFO] [1771096703.099931297] [rf2o_laser_odometry]: Robot-base odom [x,y,yaw]=[-2.097734 -1.884850 -1.032260]
[rf2o_laser_odometry_node-5] [WARN] [1771096703.135834637] [rf2o_laser_odometry]: Waiting for laser_scans....
[rf2o_laser_odometry_node-5] [INFO] [1771096703.197447197] [rf2o_laser_odometry]: execution time (ms): 12.000000
[rf2o_laser_odometry_node-5] [INFO] [1771096703.197576077] [rf2o_laser_odometry]: Laser odom [x,y,yaw]=[-2.044927 -1.974517 -1.037094]
[rf2o_laser_odometry_node-5] [INFO] [1771096703.197615227] [rf2o_laser_odometry]: Robot-base odom [x,y,yaw]=[-2.095799 -1.888424 -1.037094]
[rf2o_laser_odometry_node-5] [WARN] [1771096703.235865317] [rf2o_laser_odometry]: Waiting for laser_scans....
[rf2o_laser_odometry_node-5] [INFO] [1771096703.297118417] [rf2o_laser_odometry]: execution time (ms): 12.000000
[rf2o_laser_odometry_node-5] [INFO] [1771096703.298090327] [rf2o_laser_odometry]: Laser odom [x,y,yaw]=[-2.043578 -1.978540 -1.042285]
[rf2o_laser_odometry_node-5] [INFO] [1771096703.298157557] [rf2o_laser_odometry]: Robot-base odom [x,y,yaw]=[-2.094003 -1.892184 -1.042285]
[rf2o_laser_odometry_node-5] [WARN] [1771096703.335794927] [rf2o_laser_odometry]: Waiting for laser_scans....
[rf2o_laser_odometry_node-5] [INFO] [1771096703.396984217] [rf2o_laser_odometry]: execution time (ms): 8.000000
[rf2o_laser_odometry_node-5] [INFO] [1771096703.397103377] [rf2o_laser_odometry]: Laser odom [x,y,yaw]=[-2.042372 -1.982696 -1.048093]
[rf2o_laser_odometry_node-5] [INFO] [1771096703.397127407] [rf2o_laser_odometry]: Robot-base odom [x,y,yaw]=[-2.092294 -1.896049 -1.048093]
[rf2o_laser_odometry_node-5] [WARN] [1771096703.435823897] [rf2o_laser_odometry]: Waiting for laser_scans....
[rf2o_laser_odometry_node-5] [INFO] [1771096703.496548157] [rf2o_laser_odometry]: execution time (ms): 12.000000
[rf2o_laser_odometry_node-5] [INFO] [1771096703.496671907] [rf2o_laser_odometry]: Laser odom [x,y,yaw]=[-2.041290 -1.986979 -1.054607]
[rf2o_laser_odometry_node-5] [INFO] [1771096703.496696477] [rf2o_laser_odometry]: Robot-base odom [x,y,yaw]=[-2.090647 -1.900008 -1.054607]
[rf2o_laser_odometry_node-5] [WARN] [1771096703.537156967] [rf2o_laser_odometry]: Waiting for laser_scans....
[rf2o_laser_odometry_node-5] [INFO] [1771096703.596312167] [rf2o_laser_odometry]: execution time (ms): 12.000000
[rf2o_laser_odometry_node-5] [INFO] [1771096703.597394687] [rf2o_laser_odometry]: Laser odom [x,y,yaw]=[-2.040344 -1.991388 -1.061590]
[rf2o_laser_odometry_node-5] [INFO] [1771096703.597463627] [rf2o_laser_odometry]: Robot-base odom [x,y,yaw]=[-2.089092 -1.904074 -1.061590]
[rf2o_laser_odometry_node-5] [WARN] [1771096703.635808397] [rf2o_laser_odometry]: Waiting for laser_scans....
[rf2o_laser_odometry_node-5] [INFO] [1771096703.695565967] [rf2o_laser_odometry]: execution time (ms): 0.000000
[rf2o_laser_odometry_node-5] [INFO] [1771096703.695694577] [rf2o_laser_odometry]: Laser odom [x,y,yaw]=[-2.039166 -1.995526 -1.066424]
[rf2o_laser_odometry_node-5] [INFO] [1771096703.695723287] [rf2o_laser_odometry]: Robot-base odom [x,y,yaw]=[-2.087492 -1.907978 -1.066424]
[rf2o_laser_odometry_node-5] [WARN] [1771096703.736041757] [rf2o_laser_odometry]: Waiting for laser_scans....
[rf2o_laser_odometry_node-5] [INFO] [1771096703.798043657] [rf2o_laser_odometry]: execution time (ms): 12.000000
[rf2o_laser_odometry_node-5] [INFO] [1771096703.798199897] [rf2o_laser_odometry]: Laser odom [x,y,yaw]=[-2.037868 -1.999510 -1.071220]
[rf2o_laser_odometry_node-5] [INFO] [1771096703.798230407] [rf2o_laser_odometry]: Robot-base odom [x,y,yaw]=[-2.085774 -1.911732 -1.071220]
[rf2o_laser_odometry_node-5] [WARN] [1771096703.835870567] [rf2o_laser_odometry]: Waiting for laser_scans....
[rf2o_laser_odometry_node-5] [INFO] [1771096703.900093667] [rf2o_laser_odometry]: execution time (ms): 12.000000
[rf2o_laser_odometry_node-5] [INFO] [1771096703.900258547] [rf2o_laser_odometry]: Laser odom [x,y,yaw]=[-2.036409 -2.003627 -1.076066]
[rf2o_laser_odometry_node-5] [INFO] [1771096703.900294187] [rf2o_laser_odometry]: Robot-base odom [x,y,yaw]=[-2.083889 -1.915617 -1.076066]
[rf2o_laser_odometry_node-5] [WARN] [1771096703.935986657] [rf2o_laser_odometry]: Waiting for laser_scans....
[rf2o_laser_odometry_node-5] [INFO] [1771096704.005419407] [rf2o_laser_odometry]: execution time (ms): 20.000000
[rf2o_laser_odometry_node-5] [INFO] [1771096704.005617857] [rf2o_laser_odometry]: Laser odom [x,y,yaw]=[-2.034657 -2.008360 -1.080863]
[rf2o_laser_odometry_node-5] [INFO] [1771096704.005677527] [rf2o_laser_odometry]: Robot-base odom [x,y,yaw]=[-2.081713 -1.920123 -1.080863]
[rf2o_laser_odometry_node-5] [WARN] [1771096704.035855967] [rf2o_laser_odometry]: Waiting for laser_scans....
[rf2o_laser_odometry_node-5] [INFO] [1771096704.097229037] [rf2o_laser_odometry]: execution time (ms): 8.000000
[rf2o_laser_odometry_node-5] [INFO] [1771096704.097456557] [rf2o_laser_odometry]: Laser odom [x,y,yaw]=[-2.032815 -2.013277 -1.085469]
[rf2o_laser_odometry_node-5] [INFO] [1771096704.097502007] [rf2o_laser_odometry]: Robot-base odom [x,y,yaw]=[-2.079464 -1.924825 -1.085469]
[rf2o_laser_odometry_node-5] [WARN] [1771096704.135861987] [rf2o_laser_odometry]: Waiting for laser_scans....
[rf2o_laser_odometry_node-5] [WARN] [1771096704.185822067] [rf2o_laser_odometry]: Waiting for laser_scans....
[rf2o_laser_odometry_node-5] [INFO] [1771096704.247426347] [rf2o_laser_odometry]: execution time (ms): 12.000000
[rf2o_laser_odometry_node-5] [INFO] [1771096704.247576557] [rf2o_laser_odometry]: Laser odom [x,y,yaw]=[-2.031078 -2.018007 -1.089918]
[rf2o_laser_odometry_node-5] [INFO] [1771096704.247605987] [rf2o_laser_odometry]: Robot-base odom [x,y,yaw]=[-2.077334 -1.929348 -1.089918]
[rf2o_laser_odometry_node-5] [INFO] [1771096704.297736257] [rf2o_laser_odometry]: execution time (ms): 12.000000
[rf2o_laser_odometry_node-5] [INFO] [1771096704.297917787] [rf2o_laser_odometry]: Laser odom [x,y,yaw]=[-2.032639 -2.013543 -1.085523]
[rf2o_laser_odometry_node-5] [INFO] [1771096704.297957027] [rf2o_laser_odometry]: Robot-base odom [x,y,yaw]=[-2.079284 -1.925088 -1.085523]
[rf2o_laser_odometry_node-5] [WARN] [1771096704.335911107] [rf2o_laser_odometry]: Waiting for laser_scans....
[rf2o_laser_odometry_node-5] [INFO] [1771096704.398888067] [rf2o_laser_odometry]: execution time (ms): 12.000000
[rf2o_laser_odometry_node-5] [INFO] [1771096704.399063837] [rf2o_laser_odometry]: Laser odom [x,y,yaw]=[-2.034540 -2.008537 -1.081225]
[rf2o_laser_odometry_node-5] [INFO] [1771096704.399301977] [rf2o_laser_odometry]: Robot-base odom [x,y,yaw]=[-2.081565 -1.920284 -1.081225]
[rf2o_laser_odometry_node-5] [WARN] [1771096704.435855117] [rf2o_laser_odometry]: Waiting for laser_scans....
[rf2o_laser_odometry_node-5] [INFO] [1771096704.498706797] [rf2o_laser_odometry]: execution time (ms): 12.000000
[rf2o_laser_odometry_node-5] [INFO] [1771096704.498830727] [rf2o_laser_odometry]: Laser odom [x,y,yaw]=[-2.036347 -2.003749 -1.078137]
[rf2o_laser_odometry_node-5] [INFO] [1771096704.498854307] [rf2o_laser_odometry]: Robot-base odom [x,y,yaw]=[-2.083644 -1.915641 -1.078137]
[rf2o_laser_odometry_node-5] [WARN] [1771096704.535788867] [rf2o_laser_odometry]: Waiting for laser_scans....
[rf2o_laser_odometry_node-5] [INFO] [1771096704.597626067] [rf2o_laser_odometry]: execution time (ms): 12.000000
[rf2o_laser_odometry_node-5] [INFO] [1771096704.597958167] [rf2o_laser_odometry]: Laser odom [x,y,yaw]=[-2.034473 -2.008624 -1.080504]
[rf2o_laser_odometry_node-5] [INFO] [1771096704.598000557] [rf2o_laser_odometry]: Robot-base odom [x,y,yaw]=[-2.081561 -1.920405 -1.080504]
[rf2o_laser_odometry_node-5] [WARN] [1771096704.635919087] [rf2o_laser_odometry]: Waiting for laser_scans....
[rf2o_laser_odometry_node-5] [WARN] [1771096704.685838487] [rf2o_laser_odometry]: Waiting for laser_scans....
[rf2o_laser_odometry_node-5] [INFO] [1771096704.749790417] [rf2o_laser_odometry]: execution time (ms): 16.000000
[rf2o_laser_odometry_node-5] [INFO] [1771096704.750914427] [rf2o_laser_odometry]: Laser odom [x,y,yaw]=[-2.032615 -2.013735 -1.083743]
[rf2o_laser_odometry_node-5] [INFO] [1771096704.751890567] [rf2o_laser_odometry]: Robot-base odom [x,y,yaw]=[-2.079417 -1.925364 -1.083743]
[rf2o_laser_odometry_node-5] [WARN] [1771096704.786021717] [rf2o_laser_odometry]: Waiting for laser_scans....
[rf2o_laser_odometry_node-5] [INFO] [1771096704.851536227] [rf2o_laser_odometry]: execution time (ms): 16.000000
[rf2o_laser_odometry_node-5] [INFO] [1771096704.851750967] [rf2o_laser_odometry]: Laser odom [x,y,yaw]=[-2.030733 -2.018845 -1.086672]
[rf2o_laser_odometry_node-5] [INFO] [1771096704.851793447] [rf2o_laser_odometry]: Robot-base odom [x,y,yaw]=[-2.077276 -1.930337 -1.086672]
[rf2o_laser_odometry_node-5] [WARN] [1771096704.886662957] [rf2o_laser_odometry]: Waiting for laser_scans....
[rf2o_laser_odometry_node-5] [INFO] [1771096704.950502297] [rf2o_laser_odometry]: execution time (ms): 16.000000
[rf2o_laser_odometry_node-5] [INFO] [1771096704.950694717] [rf2o_laser_odometry]: Laser odom [x,y,yaw]=[-2.029127 -2.023250 -1.088686]
[rf2o_laser_odometry_node-5] [INFO] [1771096704.950746467] [rf2o_laser_odometry]: Robot-base odom [x,y,yaw]=[-2.075492 -1.934648 -1.088686]
[rf2o_laser_odometry_node-5] [WARN] [1771096704.985921707] [rf2o_laser_odometry]: Waiting for laser_scans....
[rf2o_laser_odometry_node-5] [INFO] [1771096705.047722817] [rf2o_laser_odometry]: execution time (ms): 16.000000
[rf2o_laser_odometry_node-5] [INFO] [1771096705.048110627] [rf2o_laser_odometry]: Laser odom [x,y,yaw]=[-2.030951 -2.018341 -1.086826]
[rf2o_laser_odometry_node-5] [INFO] [1771096705.048163727] [rf2o_laser_odometry]: Robot-base odom [x,y,yaw]=[-2.077480 -1.929825 -1.086826]
[rf2o_laser_odometry_node-5] [WARN] [1771096705.085839347] [rf2o_laser_odometry]: Waiting for laser_scans....
[rf2o_laser_odometry_node-5] [INFO] [1771096705.146719487] [rf2o_laser_odometry]: execution time (ms): 8.000000
[rf2o_laser_odometry_node-5] [INFO] [1771096705.146888327] [rf2o_laser_odometry]: Laser odom [x,y,yaw]=[-2.032898 -2.013241 -1.084873]
[rf2o_laser_odometry_node-5] [INFO] [1771096705.146933417] [rf2o_laser_odometry]: Robot-base odom [x,y,yaw]=[-2.079601 -1.924816 -1.084873]
[rf2o_laser_odometry_node-5] [WARN] [1771096705.185777147] [rf2o_laser_odometry]: Waiting for laser_scans....
[rf2o_laser_odometry_node-5] [WARN] [1771096705.235789337] [rf2o_laser_odometry]: Waiting for laser_scans....
[rf2o_laser_odometry_node-5] [INFO] [1771096705.296989697] [rf2o_laser_odometry]: execution time (ms): 12.000000
[rf2o_laser_odometry_node-5] [INFO] [1771096705.297179867] [rf2o_laser_odometry]: Laser odom [x,y,yaw]=[-2.034893 -2.008167 -1.083368]
[rf2o_laser_odometry_node-5] [INFO] [1771096705.297221897] [rf2o_laser_odometry]: Robot-base odom [x,y,yaw]=[-2.081729 -1.919813 -1.083368]
[rf2o_laser_odometry_node-5] [INFO] [1771096705.346544777] [rf2o_laser_odometry]: execution time (ms): 12.000000
[rf2o_laser_odometry_node-5] [INFO] [1771096705.347354417] [rf2o_laser_odometry]: Laser odom [x,y,yaw]=[-2.036954 -2.003049 -1.082678]
[rf2o_laser_odometry_node-5] [INFO] [1771096705.347424977] [rf2o_laser_odometry]: Robot-base odom [x,y,yaw]=[-2.083850 -1.914727 -1.082678]
[rf2o_laser_odometry_node-5] [WARN] [1771096705.385848047] [rf2o_laser_odometry]: Waiting for laser_scans....
[rf2o_laser_odometry_node-5] [INFO] [1771096705.446424077] [rf2o_laser_odometry]: execution time (ms): 12.000000
[rf2o_laser_odometry_node-5] [INFO] [1771096705.446603627] [rf2o_laser_odometry]: Laser odom [x,y,yaw]=[-2.038374 -1.999675 -1.082678]
[rf2o_laser_odometry_node-5] [INFO] [1771096705.446635397] [rf2o_laser_odometry]: Robot-base odom [x,y,yaw]=[-2.085271 -1.911353 -1.082678]
[rf2o_laser_odometry_node-5] [WARN] [1771096705.485869997] [rf2o_laser_odometry]: Waiting for laser_scans....
[rf2o_laser_odometry_node-5] [INFO] [1771096705.546325607] [rf2o_laser_odometry]: execution time (ms): 8.000000
[rf2o_laser_odometry_node-5] [INFO] [1771096705.546469337] [rf2o_laser_odometry]: Laser odom [x,y,yaw]=[-2.036269 -2.004665 -1.082678]
[rf2o_laser_odometry_node-5] [INFO] [1771096705.546512627] [rf2o_laser_odometry]: Robot-base odom [x,y,yaw]=[-2.083166 -1.916343 -1.082678]
[rf2o_laser_odometry_node-5] [WARN] [1771096705.585818507] [rf2o_laser_odometry]: Waiting for laser_scans....
[rf2o_laser_odometry_node-5] [INFO] [1771096705.654424247] [rf2o_laser_odometry]: execution time (ms): 16.000000
[rf2o_laser_odometry_node-5] [INFO] [1771096705.654622067] [rf2o_laser_odometry]: Laser odom [x,y,yaw]=[-2.034146 -2.009655 -1.082678]
[rf2o_laser_odometry_node-5] [INFO] [1771096705.654662477] [rf2o_laser_odometry]: Robot-base odom [x,y,yaw]=[-2.081042 -1.921333 -1.082678]
[rf2o_laser_odometry_node-5] [WARN] [1771096705.685790687] [rf2o_laser_odometry]: Waiting for laser_scans....
[rf2o_laser_odometry_node-5] [WARN] [1771096705.735838157] [rf2o_laser_odometry]: Waiting for laser_scans....
[rf2o_laser_odometry_node-5] [INFO] [1771096705.799963787] [rf2o_laser_odometry]: execution time (ms): 12.000000
[rf2o_laser_odometry_node-5] [INFO] [1771096705.800302817] [rf2o_laser_odometry]: Laser odom [x,y,yaw]=[-2.031966 -2.014558 -1.082678]
[rf2o_laser_odometry_node-5] [INFO] [1771096705.800360057] [rf2o_laser_odometry]: Robot-base odom [x,y,yaw]=[-2.078862 -1.926236 -1.082678]
[rf2o_laser_odometry_node-5] [INFO] [1771096705.846547157] [rf2o_laser_odometry]: execution time (ms): 12.000000
[rf2o_laser_odometry_node-5] [INFO] [1771096705.846759197] [rf2o_laser_odometry]: Laser odom [x,y,yaw]=[-2.029776 -2.019438 -1.082678]
[rf2o_laser_odometry_node-5] [INFO] [1771096705.846806357] [rf2o_laser_odometry]: Robot-base odom [x,y,yaw]=[-2.076672 -1.931116 -1.082678]
[rf2o_laser_odometry_node-5] [WARN] [1771096705.885853397] [rf2o_laser_odometry]: Waiting for laser_scans....
[rf2o_laser_odometry_node-5] [INFO] [1771096705.947643617] [rf2o_laser_odometry]: execution time (ms): 12.000000
[rf2o_laser_odometry_node-5] [INFO] [1771096705.948633527] [rf2o_laser_odometry]: Laser odom [x,y,yaw]=[-2.028765 -2.021894 -1.082678]
[rf2o_laser_odometry_node-5] [INFO] [1771096705.948710477] [rf2o_laser_odometry]: Robot-base odom [x,y,yaw]=[-2.075662 -1.933572 -1.082678]
[rf2o_laser_odometry_node-5] [WARN] [1771096705.985754117] [rf2o_laser_odometry]: Waiting for laser_scans....
[rf2o_laser_odometry_node-5] [INFO] [1771096706.047168587] [rf2o_laser_odometry]: execution time (ms): 12.000000
[rf2o_laser_odometry_node-5] [INFO] [1771096706.047302507] [rf2o_laser_odometry]: Laser odom [x,y,yaw]=[-2.030895 -2.017038 -1.083166]
[rf2o_laser_odometry_node-5] [INFO] [1771096706.047326537] [rf2o_laser_odometry]: Robot-base odom [x,y,yaw]=[-2.077748 -1.928693 -1.083166]
[rf2o_laser_odometry_node-5] [WARN] [1771096706.085973617] [rf2o_laser_odometry]: Waiting for laser_scans....
[rf2o_laser_odometry_node-5] [INFO] [1771096706.147003427] [rf2o_laser_odometry]: execution time (ms): 12.000000
[rf2o_laser_odometry_node-5] [INFO] [1771096706.147903517] [rf2o_laser_odometry]: Laser odom [x,y,yaw]=[-2.033013 -2.012213 -1.083764]
[rf2o_laser_odometry_node-5] [INFO] [1771096706.147952477] [rf2o_laser_odometry]: Robot-base odom [x,y,yaw]=[-2.079814 -1.923841 -1.083764]
[rf2o_laser_odometry_node-5] [WARN] [1771096706.185773087] [rf2o_laser_odometry]: Waiting for laser_scans....
[rf2o_laser_odometry_node-5] [WARN] [1771096706.235768447] [rf2o_laser_odometry]: Waiting for laser_scans....
[rf2o_laser_odometry_node-5] [INFO] [1771096706.297183277] [rf2o_laser_odometry]: execution time (ms): 12.000000
[rf2o_laser_odometry_node-5] [INFO] [1771096706.297399817] [rf2o_laser_odometry]: Laser odom [x,y,yaw]=[-2.035136 -2.007401 -1.084454]
[rf2o_laser_odometry_node-5] [INFO] [1771096706.297449587] [rf2o_laser_odometry]: Robot-base odom [x,y,yaw]=[-2.081876 -1.918996 -1.084454]
[rf2o_laser_odometry_node-5] [INFO] [1771096706.349512067] [rf2o_laser_odometry]: execution time (ms): 16.000000
[rf2o_laser_odometry_node-5] [INFO] [1771096706.351938107] [rf2o_laser_odometry]: Laser odom [x,y,yaw]=[-2.037225 -2.002540 -1.085226]
[rf2o_laser_odometry_node-5] [INFO] [1771096706.352005517] [rf2o_laser_odometry]: Robot-base odom [x,y,yaw]=[-2.083896 -1.914099 -1.085226]
[rf2o_laser_odometry_node-5] [WARN] [1771096706.385926067] [rf2o_laser_odometry]: Waiting for laser_scans....
[rf2o_laser_odometry_node-5] [INFO] [1771096706.450011017] [rf2o_laser_odometry]: execution time (ms): 12.000000
[rf2o_laser_odometry_node-5] [INFO] [1771096706.450159877] [rf2o_laser_odometry]: Laser odom [x,y,yaw]=[-2.038019 -2.000833 -1.085998]
[rf2o_laser_odometry_node-5] [INFO] [1771096706.450200557] [rf2o_laser_odometry]: Robot-base odom [x,y,yaw]=[-2.084622 -1.912356 -1.085998]
[rf2o_laser_odometry_node-5] [WARN] [1771096706.485824267] [rf2o_laser_odometry]: Waiting for laser_scans....
[rf2o_laser_odometry_node-5] [INFO] [1771096706.549700237] [rf2o_laser_odometry]: execution time (ms): 16.000000
[rf2o_laser_odometry_node-5] [INFO] [1771096706.549948187] [rf2o_laser_odometry]: Laser odom [x,y,yaw]=[-2.035875 -2.005672 -1.085226]
[rf2o_laser_odometry_node-5] [INFO] [1771096706.549996607] [rf2o_laser_odometry]: Robot-base odom [x,y,yaw]=[-2.082546 -1.917231 -1.085226]
[rf2o_laser_odometry_node-5] [WARN] [1771096706.585783757] [rf2o_laser_odometry]: Waiting for laser_scans....
[rf2o_laser_odometry_node-5] [INFO] [1771096706.649928017] [rf2o_laser_odometry]: execution time (ms): 12.000000
[rf2o_laser_odometry_node-5] [INFO] [1771096706.650109457] [rf2o_laser_odometry]: Laser odom [x,y,yaw]=[-2.033680 -2.010412 -1.084454]
[rf2o_laser_odometry_node-5] [INFO] [1771096706.650153917] [rf2o_laser_odometry]: Robot-base odom [x,y,yaw]=[-2.080420 -1.922007 -1.084454]
[rf2o_laser_odometry_node-5] [WARN] [1771096706.687353167] [rf2o_laser_odometry]: Waiting for laser_scans....
[rf2o_laser_odometry_node-5] [INFO] [1771096706.749909827] [rf2o_laser_odometry]: execution time (ms): 16.000000
[rf2o_laser_odometry_node-5] [INFO] [1771096706.750088747] [rf2o_laser_odometry]: Laser odom [x,y,yaw]=[-2.031468 -2.015155 -1.083682]
[rf2o_laser_odometry_node-5] [INFO] [1771096706.750130237] [rf2o_laser_odometry]: Robot-base odom [x,y,yaw]=[-2.078276 -1.926786 -1.083682]
[rf2o_laser_odometry_node-5] [WARN] [1771096706.785846287] [rf2o_laser_odometry]: Waiting for laser_scans....
[rf2o_laser_odometry_node-5] [WARN] [1771096706.835793227] [rf2o_laser_odometry]: Waiting for laser_scans....
[rf2o_laser_odometry_node-5] [INFO] [1771096706.897924547] [rf2o_laser_odometry]: execution time (ms): 12.000000
[rf2o_laser_odometry_node-5] [INFO] [1771096706.898060897] [rf2o_laser_odometry]: Laser odom [x,y,yaw]=[-2.029259 -2.019884 -1.082837]
[rf2o_laser_odometry_node-5] [INFO] [1771096706.898085107] [rf2o_laser_odometry]: Robot-base odom [x,y,yaw]=[-2.076141 -1.931555 -1.082837]
[rf2o_laser_odometry_node-5] [INFO] [1771096706.948608137] [rf2o_laser_odometry]: execution time (ms): 12.000000
[rf2o_laser_odometry_node-5] [INFO] [1771096706.948847267] [rf2o_laser_odometry]: Laser odom [x,y,yaw]=[-2.029226 -2.019966 -1.082837]
[rf2o_laser_odometry_node-5] [INFO] [1771096706.948884077] [rf2o_laser_odometry]: Robot-base odom [x,y,yaw]=[-2.076109 -1.931637 -1.082837]
[rf2o_laser_odometry_node-5] [WARN] [1771096706.985868317] [rf2o_laser_odometry]: Waiting for laser_scans....
[rf2o_laser_odometry_node-5] [WARN] [1771096707.035947737] [rf2o_laser_odometry]: Waiting for laser_scans....
[rf2o_laser_odometry_node-5] [INFO] [1771096707.096246837] [rf2o_laser_odometry]: execution time (ms): 8.000000
[rf2o_laser_odometry_node-5] [INFO] [1771096707.096435927] [rf2o_laser_odometry]: Laser odom [x,y,yaw]=[-2.031372 -2.015227 -1.083928]
[rf2o_laser_odometry_node-5] [INFO] [1771096707.096484797] [rf2o_laser_odometry]: Robot-base odom [x,y,yaw]=[-2.078158 -1.926847 -1.083928]
[rf2o_laser_odometry_node-5] [WARN] [1771096707.135836307] [rf2o_laser_odometry]: Waiting for laser_scans....
[rf2o_laser_odometry_node-5] [INFO] [1771096707.197428437] [rf2o_laser_odometry]: execution time (ms): 8.000000
[rf2o_laser_odometry_node-5] [INFO] [1771096707.197603397] [rf2o_laser_odometry]: Laser odom [x,y,yaw]=[-2.033517 -2.010486 -1.084905]
[rf2o_laser_odometry_node-5] [INFO] [1771096707.197646237] [rf2o_laser_odometry]: Robot-base odom [x,y,yaw]=[-2.080216 -1.922060 -1.084905]
[rf2o_laser_odometry_node-5] [WARN] [1771096707.235814607] [rf2o_laser_odometry]: Waiting for laser_scans....
[rf2o_laser_odometry_node-5] [INFO] [1771096707.296059077] [rf2o_laser_odometry]: execution time (ms): 12.000000
[rf2o_laser_odometry_node-5] [INFO] [1771096707.296207307] [rf2o_laser_odometry]: Laser odom [x,y,yaw]=[-2.035651 -2.005759 -1.085882]
[rf2o_laser_odometry_node-5] [INFO] [1771096707.296239077] [rf2o_laser_odometry]: Robot-base odom [x,y,yaw]=[-2.082264 -1.917287 -1.085882]
[rf2o_laser_odometry_node-5] [WARN] [1771096707.335848707] [rf2o_laser_odometry]: Waiting for laser_scans....
[rf2o_laser_odometry_node-5] [INFO] [1771096707.398515347] [rf2o_laser_odometry]: execution time (ms): 12.000000
[rf2o_laser_odometry_node-5] [INFO] [1771096707.398652237] [rf2o_laser_odometry]: Laser odom [x,y,yaw]=[-2.035353 -2.006461 -1.085882]
[rf2o_laser_odometry_node-5] [INFO] [1771096707.398677077] [rf2o_laser_odometry]: Robot-base odom [x,y,yaw]=[-2.081966 -1.917990 -1.085882]
[rf2o_laser_odometry_node-5] [WARN] [1771096707.437857227] [rf2o_laser_odometry]: Waiting for laser_scans....
[rf2o_laser_odometry_node-5] [INFO] [1771096707.501109677] [rf2o_laser_odometry]: execution time (ms): 16.000000
[rf2o_laser_odometry_node-5] [INFO] [1771096707.501264657] [rf2o_laser_odometry]: Laser odom [x,y,yaw]=[-2.033137 -2.011165 -1.084968]
[rf2o_laser_odometry_node-5] [INFO] [1771096707.501302457] [rf2o_laser_odometry]: Robot-base odom [x,y,yaw]=[-2.079831 -1.922736 -1.084968]
[rf2o_laser_odometry_node-5] [WARN] [1771096707.536015547] [rf2o_laser_odometry]: Waiting for laser_scans....
[rf2o_laser_odometry_node-5] [INFO] [1771096707.604100637] [rf2o_laser_odometry]: execution time (ms): 16.000000
[rf2o_laser_odometry_node-5] [INFO] [1771096707.604274247] [rf2o_laser_odometry]: Laser odom [x,y,yaw]=[-2.030919 -2.015863 -1.083992]
[rf2o_laser_odometry_node-5] [INFO] [1771096707.604311597] [rf2o_laser_odometry]: Robot-base odom [x,y,yaw]=[-2.077700 -1.927480 -1.083992]
[rf2o_laser_odometry_node-5] [WARN] [1771096707.635855787] [rf2o_laser_odometry]: Waiting for laser_scans....
[rf2o_laser_odometry_node-5] [INFO] [1771096707.697733307] [rf2o_laser_odometry]: execution time (ms): 12.000000
[rf2o_laser_odometry_node-5] [INFO] [1771096707.698443947] [rf2o_laser_odometry]: Laser odom [x,y,yaw]=[-2.028705 -2.020554 -1.082846]
[rf2o_laser_odometry_node-5] [INFO] [1771096707.698499657] [rf2o_laser_odometry]: Robot-base odom [x,y,yaw]=[-2.075587 -1.932224 -1.082846]
[rf2o_laser_odometry_node-5] [WARN] [1771096707.735830757] [rf2o_laser_odometry]: Waiting for laser_scans....
[rf2o_laser_odometry_node-5] [INFO] [1771096707.797024907] [rf2o_laser_odometry]: execution time (ms): 12.000000
[rf2o_laser_odometry_node-5] [INFO] [1771096707.797190147] [rf2o_laser_odometry]: Laser odom [x,y,yaw]=[-2.029499 -2.018689 -1.083192]
[rf2o_laser_odometry_node-5] [INFO] [1771096707.797231727] [rf2o_laser_odometry]: Robot-base odom [x,y,yaw]=[-2.076350 -1.930343 -1.083192]
[rf2o_laser_odometry_node-5] [WARN] [1771096707.835794027] [rf2o_laser_odometry]: Waiting for laser_scans....
[rf2o_laser_odometry_node-5] [WARN] [1771096707.885836907] [rf2o_laser_odometry]: Waiting for laser_scans....
[rf2o_laser_odometry_node-5] [INFO] [1771096707.947426967] [rf2o_laser_odometry]: execution time (ms): 12.000000
[rf2o_laser_odometry_node-5] [INFO] [1771096707.947584557] [rf2o_laser_odometry]: Laser odom [x,y,yaw]=[-2.031649 -2.013978 -1.084337]
[rf2o_laser_odometry_node-5] [INFO] [1771096707.947612997] [rf2o_laser_odometry]: Robot-base odom [x,y,yaw]=[-2.078399 -1.925578 -1.084337]
[rf2o_laser_odometry_node-5] [INFO] [1771096707.999936837] [rf2o_laser_odometry]: execution time (ms): 16.000000
[rf2o_laser_odometry_node-5] [INFO] [1771096708.000114857] [rf2o_laser_odometry]: Laser odom [x,y,yaw]=[-2.033797 -2.009266 -1.085482]
[rf2o_laser_odometry_node-5] [INFO] [1771096708.000156527] [rf2o_laser_odometry]: Robot-base odom [x,y,yaw]=[-2.080446 -1.920814 -1.085482]
[rf2o_laser_odometry_node-5] [WARN] [1771096708.035847737] [rf2o_laser_odometry]: Waiting for laser_scans....
[rf2o_laser_odometry_node-5] [INFO] [1771096708.096726527] [rf2o_laser_odometry]: execution time (ms): 8.000000
[rf2o_laser_odometry_node-5] [INFO] [1771096708.096853967] [rf2o_laser_odometry]: Laser odom [x,y,yaw]=[-2.035930 -2.004568 -1.086627]
[rf2o_laser_odometry_node-5] [INFO] [1771096708.096878717] [rf2o_laser_odometry]: Robot-base odom [x,y,yaw]=[-2.082477 -1.916062 -1.086627]
[rf2o_laser_odometry_node-5] [WARN] [1771096708.135770507] [rf2o_laser_odometry]: Waiting for laser_scans....
[rf2o_laser_odometry_node-5] [INFO] [1771096708.196733267] [rf2o_laser_odometry]: execution time (ms): 12.000000
[rf2o_laser_odometry_node-5] [INFO] [1771096708.196865207] [rf2o_laser_odometry]: Laser odom [x,y,yaw]=[-2.034945 -2.006807 -1.086029]
[rf2o_laser_odometry_node-5] [INFO] [1771096708.196891307] [rf2o_laser_odometry]: Robot-base odom [x,y,yaw]=[-2.081545 -1.918328 -1.086029]
[rf2o_laser_odometry_node-5] [WARN] [1771096708.235862747] [rf2o_laser_odometry]: Waiting for laser_scans....
[rf2o_laser_odometry_node-5] [INFO] [1771096708.299731337] [rf2o_laser_odometry]: execution time (ms): 12.000000
[rf2o_laser_odometry_node-5] [INFO] [1771096708.299889377] [rf2o_laser_odometry]: Laser odom [x,y,yaw]=[-2.032728 -2.011488 -1.084993]
[rf2o_laser_odometry_node-5] [INFO] [1771096708.299927357] [rf2o_laser_odometry]: Robot-base odom [x,y,yaw]=[-2.079420 -1.923058 -1.084993]
[rf2o_laser_odometry_node-5] [WARN] [1771096708.335857697] [rf2o_laser_odometry]: Waiting for laser_scans....
[rf2o_laser_odometry_node-5] [WARN] [1771096708.385855487] [rf2o_laser_odometry]: Waiting for laser_scans....
[rf2o_laser_odometry_node-5] [INFO] [1771096708.456468677] [rf2o_laser_odometry]: execution time (ms): 16.000000
[rf2o_laser_odometry_node-5] [INFO] [1771096708.456654167] [rf2o_laser_odometry]: Laser odom [x,y,yaw]=[-2.030510 -2.016167 -1.083957]
[rf2o_laser_odometry_node-5] [INFO] [1771096708.456700247] [rf2o_laser_odometry]: Robot-base odom [x,y,yaw]=[-2.077294 -1.927785 -1.083957]
[rf2o_laser_odometry_node-5] [INFO] [1771096708.512202887] [rf2o_laser_odometry]: execution time (ms): 24.000000
[rf2o_laser_odometry_node-5] [INFO] [1771096708.513334457] [rf2o_laser_odometry]: Laser odom [x,y,yaw]=[-2.028294 -2.020841 -1.082761]
[rf2o_laser_odometry_node-5] [INFO] [1771096708.513427427] [rf2o_laser_odometry]: Robot-base odom [x,y,yaw]=[-2.075183 -1.932516 -1.082761]
[rf2o_laser_odometry_node-5] [WARN] [1771096708.535864337] [rf2o_laser_odometry]: Waiting for laser_scans....
[rf2o_laser_odometry_node-5] [INFO] [1771096708.597721067] [rf2o_laser_odometry]: execution time (ms): 12.000000
[rf2o_laser_odometry_node-5] [INFO] [1771096708.599575787] [rf2o_laser_odometry]: Laser odom [x,y,yaw]=[-2.026229 -2.025102 -1.081516]
[rf2o_laser_odometry_node-5] [INFO] [1771096708.600696017] [rf2o_laser_odometry]: Robot-base odom [x,y,yaw]=[-2.073228 -1.936835 -1.081516]
[rf2o_laser_odometry_node-5] [WARN] [1771096708.635847407] [rf2o_laser_odometry]: Waiting for laser_scans....
[rf2o_laser_odometry_node-5] [INFO] [1771096708.697064057] [rf2o_laser_odometry]: execution time (ms): 8.000000
[rf2o_laser_odometry_node-5] [INFO] [1771096708.697203917] [rf2o_laser_odometry]: Laser odom [x,y,yaw]=[-2.028293 -2.020701 -1.082608]
[rf2o_laser_odometry_node-5] [INFO] [1771096708.697229837] [rf2o_laser_odometry]: Robot-base odom [x,y,yaw]=[-2.075196 -1.932383 -1.082608]
[rf2o_laser_odometry_node-5] [WARN] [1771096708.735878357] [rf2o_laser_odometry]: Waiting for laser_scans....
[rf2o_laser_odometry_node-5] [INFO] [1771096708.797136497] [rf2o_laser_odometry]: execution time (ms): 12.000000
[rf2o_laser_odometry_node-5] [INFO] [1771096708.797279507] [rf2o_laser_odometry]: Laser odom [x,y,yaw]=[-2.030447 -2.016007 -1.083753]
[rf2o_laser_odometry_node-5] [INFO] [1771096708.797325407] [rf2o_laser_odometry]: Robot-base odom [x,y,yaw]=[-2.077249 -1.927634 -1.083753]
[rf2o_laser_odometry_node-5] [WARN] [1771096708.835874027] [rf2o_laser_odometry]: Waiting for laser_scans....
[rf2o_laser_odometry_node-5] [INFO] [1771096708.897808697] [rf2o_laser_odometry]: execution time (ms): 12.000000
[rf2o_laser_odometry_node-5] [INFO] [1771096708.897929387] [rf2o_laser_odometry]: Laser odom [x,y,yaw]=[-2.032602 -2.011307 -1.084789]
[rf2o_laser_odometry_node-5] [INFO] [1771096708.897952697] [rf2o_laser_odometry]: Robot-base odom [x,y,yaw]=[-2.079312 -1.922886 -1.084789]
[rf2o_laser_odometry_node-5] [WARN] [1771096708.936062297] [rf2o_laser_odometry]: Waiting for laser_scans....
[rf2o_laser_odometry_node-5] [WARN] [1771096708.985816997] [rf2o_laser_odometry]: Waiting for laser_scans....
[rf2o_laser_odometry_node-5] [INFO] [1771096709.047084767] [rf2o_laser_odometry]: execution time (ms): 12.000000
[rf2o_laser_odometry_node-5] [INFO] [1771096709.047219857] [rf2o_laser_odometry]: Laser odom [x,y,yaw]=[-2.034507 -2.007239 -1.085985]
[rf2o_laser_odometry_node-5] [INFO] [1771096709.047244877] [rf2o_laser_odometry]: Robot-base odom [x,y,yaw]=[-2.081111 -1.918763 -1.085985]
[rf2o_laser_odometry_node-5] [INFO] [1771096709.102495247] [rf2o_laser_odometry]: execution time (ms): 16.000000
[rf2o_laser_odometry_node-5] [INFO] [1771096709.102653377] [rf2o_laser_odometry]: Laser odom [x,y,yaw]=[-2.032335 -2.011754 -1.084893]
[rf2o_laser_odometry_node-5] [INFO] [1771096709.102692347] [rf2o_laser_odometry]: Robot-base odom [x,y,yaw]=[-2.079035 -1.923328 -1.084893]
[rf2o_laser_odometry_node-5] [WARN] [1771096709.135821707] [rf2o_laser_odometry]: Waiting for laser_scans....
[rf2o_laser_odometry_node-5] [WARN] [1771096709.185859907] [rf2o_laser_odometry]: Waiting for laser_scans....
[rf2o_laser_odometry_node-5] [INFO] [1771096709.252387187] [rf2o_laser_odometry]: execution time (ms): 4.000000
[rf2o_laser_odometry_node-5] [INFO] [1771096709.252548647] [rf2o_laser_odometry]: Laser odom [x,y,yaw]=[-2.030115 -2.016423 -1.083802]
[rf2o_laser_odometry_node-5] [INFO] [1771096709.252586627] [rf2o_laser_odometry]: Robot-base odom [x,y,yaw]=[-2.076913 -1.928048 -1.083802]
[rf2o_laser_odometry_node-5] [WARN] [1771096709.286097947] [rf2o_laser_odometry]: Waiting for laser_scans....
[rf2o_laser_odometry_node-5] [INFO] [1771096709.349813807] [rf2o_laser_odometry]: execution time (ms): 16.000000
[rf2o_laser_odometry_node-5] [INFO] [1771096709.349985347] [rf2o_laser_odometry]: Laser odom [x,y,yaw]=[-2.027898 -2.021090 -1.082606]
[rf2o_laser_odometry_node-5] [INFO] [1771096709.350030257] [rf2o_laser_odometry]: Robot-base odom [x,y,yaw]=[-2.074801 -1.932772 -1.082606]
[rf2o_laser_odometry_node-5] [WARN] [1771096709.386152117] [rf2o_laser_odometry]: Waiting for laser_scans....
[rf2o_laser_odometry_node-5] [INFO] [1771096709.448497547] [rf2o_laser_odometry]: execution time (ms): 12.000000
[rf2o_laser_odometry_node-5] [INFO] [1771096709.448648567] [rf2o_laser_odometry]: Laser odom [x,y,yaw]=[-2.026637 -2.023836 -1.081760]
[rf2o_laser_odometry_node-5] [INFO] [1771096709.448675657] [rf2o_laser_odometry]: Robot-base odom [x,y,yaw]=[-2.073614 -1.935557 -1.081760]
[rf2o_laser_odometry_node-5] [WARN] [1771096709.485837197] [rf2o_laser_odometry]: Waiting for laser_scans....
[rf2o_laser_odometry_node-5] [INFO] [1771096709.547164187] [rf2o_laser_odometry]: execution time (ms): 12.000000
[rf2o_laser_odometry_node-5] [INFO] [1771096709.547304857] [rf2o_laser_odometry]: Laser odom [x,y,yaw]=[-2.028814 -2.019137 -1.082852]
[rf2o_laser_odometry_node-5] [INFO] [1771096709.547344457] [rf2o_laser_odometry]: Robot-base odom [x,y,yaw]=[-2.075696 -1.930807 -1.082852]
[rf2o_laser_odometry_node-5] [WARN] [1771096709.585826207] [rf2o_laser_odometry]: Waiting for laser_scans....
[rf2o_laser_odometry_node-5] [INFO] [1771096709.646183267] [rf2o_laser_odometry]: execution time (ms): 12.000000
[rf2o_laser_odometry_node-5] [INFO] [1771096709.646343107] [rf2o_laser_odometry]: Laser odom [x,y,yaw]=[-2.030969 -2.014447 -1.083997]
[rf2o_laser_odometry_node-5] [INFO] [1771096709.646374247] [rf2o_laser_odometry]: Robot-base odom [x,y,yaw]=[-2.077749 -1.926063 -1.083997]
[rf2o_laser_odometry_node-5] [WARN] [1771096709.685848067] [rf2o_laser_odometry]: Waiting for laser_scans....
[rf2o_laser_odometry_node-5] [INFO] [1771096709.746912437] [rf2o_laser_odometry]: execution time (ms): 12.000000
[rf2o_laser_odometry_node-5] [INFO] [1771096709.747102787] [rf2o_laser_odometry]: Laser odom [x,y,yaw]=[-2.033126 -2.009751 -1.085142]
[rf2o_laser_odometry_node-5] [INFO] [1771096709.747147697] [rf2o_laser_odometry]: Robot-base odom [x,y,yaw]=[-2.079805 -1.921314 -1.085142]
[rf2o_laser_odometry_node-5] [WARN] [1771096709.785821057] [rf2o_laser_odometry]: Waiting for laser_scans....
[rf2o_laser_odometry_node-5] [INFO] [1771096709.847360627] [rf2o_laser_odometry]: execution time (ms): 12.000000
[rf2o_laser_odometry_node-5] [INFO] [1771096709.848175667] [rf2o_laser_odometry]: Laser odom [x,y,yaw]=[-2.035270 -2.005065 -1.086387]
[rf2o_laser_odometry_node-5] [INFO] [1771096709.848255947] [rf2o_laser_odometry]: Robot-base odom [x,y,yaw]=[-2.081838 -1.916570 -1.086387]
[rf2o_laser_odometry_node-5] [WARN] [1771096709.885905647] [rf2o_laser_odometry]: Waiting for laser_scans....
[rf2o_laser_odometry_node-5] [INFO] [1771096709.945894247] [rf2o_laser_odometry]: execution time (ms): 12.000000
[rf2o_laser_odometry_node-5] [INFO] [1771096709.946076857] [rf2o_laser_odometry]: Laser odom [x,y,yaw]=[-2.036415 -2.002636 -1.087810]
[rf2o_laser_odometry_node-5] [INFO] [1771096709.946114927] [rf2o_laser_odometry]: Robot-base odom [x,y,yaw]=[-2.082858 -1.914075 -1.087810]
[rf2o_laser_odometry_node-5] [WARN] [1771096709.985846327] [rf2o_laser_odometry]: Waiting for laser_scans....
[rf2o_laser_odometry_node-5] [INFO] [1771096710.046756887] [rf2o_laser_odometry]: execution time (ms): 12.000000
[rf2o_laser_odometry_node-5] [INFO] [1771096710.047589387] [rf2o_laser_odometry]: Laser odom [x,y,yaw]=[-2.034250 -2.007372 -1.086565]
[rf2o_laser_odometry_node-5] [INFO] [1771096710.048313977] [rf2o_laser_odometry]: Robot-base odom [x,y,yaw]=[-2.080803 -1.918869 -1.086565]
[rf2o_laser_odometry_node-5] [WARN] [1771096710.085767207] [rf2o_laser_odometry]: Waiting for laser_scans....
[rf2o_laser_odometry_node-5] [INFO] [1771096710.148229637] [rf2o_laser_odometry]: execution time (ms): 12.000000
[rf2o_laser_odometry_node-5] [INFO] [1771096710.149569197] [rf2o_laser_odometry]: Laser odom [x,y,yaw]=[-2.032034 -2.012043 -1.085420]
[rf2o_laser_odometry_node-5] [INFO] [1771096710.151857087] [rf2o_laser_odometry]: Robot-base odom [x,y,yaw]=[-2.078688 -1.923593 -1.085420]
[rf2o_laser_odometry_node-5] [WARN] [1771096710.185839737] [rf2o_laser_odometry]: Waiting for laser_scans....
[rf2o_laser_odometry_node-5] [INFO] [1771096710.251243547] [rf2o_laser_odometry]: execution time (ms): 16.000000
[rf2o_laser_odometry_node-5] [INFO] [1771096710.251407617] [rf2o_laser_odometry]: Laser odom [x,y,yaw]=[-2.029820 -2.016707 -1.084224]
[rf2o_laser_odometry_node-5] [INFO] [1771096710.251447217] [rf2o_laser_odometry]: Robot-base odom [x,y,yaw]=[-2.076580 -1.928313 -1.084224]
[rf2o_laser_odometry_node-5] [WARN] [1771096710.285907587] [rf2o_laser_odometry]: Waiting for laser_scans....
[rf2o_laser_odometry_node-5] [INFO] [1771096710.354853977] [rf2o_laser_odometry]: execution time (ms): 16.000000
[rf2o_laser_odometry_node-5] [INFO] [1771096710.355018767] [rf2o_laser_odometry]: Laser odom [x,y,yaw]=[-2.029119 -2.018325 -1.083626]
[rf2o_laser_odometry_node-5] [INFO] [1771096710.355056837] [rf2o_laser_odometry]: Robot-base odom [x,y,yaw]=[-2.075932 -1.929959 -1.083626]
[rf2o_laser_odometry_node-5] [WARN] [1771096710.385978317] [rf2o_laser_odometry]: Waiting for laser_scans....
[rf2o_laser_odometry_node-5] [INFO] [1771096710.471221997] [rf2o_laser_odometry]: execution time (ms): 24.000000
[rf2o_laser_odometry_node-5] [INFO] [1771096710.472400097] [rf2o_laser_odometry]: Laser odom [x,y,yaw]=[-2.031282 -2.013631 -1.084718]
[rf2o_laser_odometry_node-5] [INFO] [1771096710.472473717] [rf2o_laser_odometry]: Robot-base odom [x,y,yaw]=[-2.077998 -1.925213 -1.084718]
[rf2o_laser_odometry_node-5] [WARN] [1771096710.485846817] [rf2o_laser_odometry]: Waiting for laser_scans....
[rf2o_laser_odometry_node-5] [WARN] [1771096710.535854957] [rf2o_laser_odometry]: Waiting for laser_scans....
[rf2o_laser_odometry_node-5] [INFO] [1771096710.597245577] [rf2o_laser_odometry]: execution time (ms): 12.000000
[rf2o_laser_odometry_node-5] [INFO] [1771096710.598302177] [rf2o_laser_odometry]: Laser odom [x,y,yaw]=[-2.033430 -2.008941 -1.085914]
[rf2o_laser_odometry_node-5] [INFO] [1771096710.598374177] [rf2o_laser_odometry]: Robot-base odom [x,y,yaw]=[-2.080040 -1.920468 -1.085914]
[rf2o_laser_odometry_node-5] [WARN] [1771096710.635793567] [rf2o_laser_odometry]: Waiting for laser_scans....
[rf2o_laser_odometry_node-5] [INFO] [1771096710.696649677] [rf2o_laser_odometry]: execution time (ms): 12.000000
[rf2o_laser_odometry_node-5] [INFO] [1771096710.696775767] [rf2o_laser_odometry]: Laser odom [x,y,yaw]=[-2.035564 -2.004261 -1.087059]
[rf2o_laser_odometry_node-5] [INFO] [1771096710.696822477] [rf2o_laser_odometry]: Robot-base odom [x,y,yaw]=[-2.082074 -1.915734 -1.087059]
[rf2o_laser_odometry_node-5] [WARN] [1771096710.735868797] [rf2o_laser_odometry]: Waiting for laser_scans....
[rf2o_laser_odometry_node-5] [INFO] [1771096710.797306487] [rf2o_laser_odometry]: execution time (ms): 12.000000
[rf2o_laser_odometry_node-5] [INFO] [1771096710.797431947] [rf2o_laser_odometry]: Laser odom [x,y,yaw]=[-2.033985 -2.007607 -1.086214]
[rf2o_laser_odometry_node-5] [INFO] [1771096710.797467677] [rf2o_laser_odometry]: Robot-base odom [x,y,yaw]=[-2.080569 -1.919120 -1.086214]
[rf2o_laser_odometry_node-5] [WARN] [1771096710.835833237] [rf2o_laser_odometry]: Waiting for laser_scans....
[rf2o_laser_odometry_node-5] [INFO] [1771096710.896582697] [rf2o_laser_odometry]: execution time (ms): 12.000000
[rf2o_laser_odometry_node-5] [INFO] [1771096710.896702757] [rf2o_laser_odometry]: Laser odom [x,y,yaw]=[-2.031765 -2.012276 -1.085122]
[rf2o_laser_odometry_node-5] [INFO] [1771096710.896726427] [rf2o_laser_odometry]: Robot-base odom [x,y,yaw]=[-2.078446 -1.923840 -1.085122]
[rf2o_laser_odometry_node-5] [WARN] [1771096710.935746377] [rf2o_laser_odometry]: Waiting for laser_scans....
[rf2o_laser_odometry_node-5] [INFO] [1771096710.996814167] [rf2o_laser_odometry]: execution time (ms): 12.000000
[rf2o_laser_odometry_node-5] [INFO] [1771096710.996950337] [rf2o_laser_odometry]: Laser odom [x,y,yaw]=[-2.029549 -2.016938 -1.083926]
[rf2o_laser_odometry_node-5] [INFO] [1771096710.996975717] [rf2o_laser_odometry]: Robot-base odom [x,y,yaw]=[-2.076336 -1.928557 -1.083926]
[rf2o_laser_odometry_node-5] [WARN] [1771096711.035821787] [rf2o_laser_odometry]: Waiting for laser_scans....
[rf2o_laser_odometry_node-5] [INFO] [1771096711.096858797] [rf2o_laser_odometry]: execution time (ms): 8.000000
[rf2o_laser_odometry_node-5] [INFO] [1771096711.104960867] [rf2o_laser_odometry]: Laser odom [x,y,yaw]=[-2.030901 -2.013953 -1.084771]
[rf2o_laser_odometry_node-5] [INFO] [1771096711.105009287] [rf2o_laser_odometry]: Robot-base odom [x,y,yaw]=[-2.077612 -1.925533 -1.084771]
[rf2o_laser_odometry_node-5] [WARN] [1771096711.136139837] [rf2o_laser_odometry]: Waiting for laser_scans....
[rf2o_laser_odometry_node-5] [WARN] [1771096711.185897057] [rf2o_laser_odometry]: Waiting for laser_scans....
[rf2o_laser_odometry_node-5] [INFO] [1771096711.250957607] [rf2o_laser_odometry]: execution time (ms): 16.000000
[rf2o_laser_odometry_node-5] [INFO] [1771096711.251112587] [rf2o_laser_odometry]: Laser odom [x,y,yaw]=[-2.033054 -2.009261 -1.085863]
[rf2o_laser_odometry_node-5] [INFO] [1771096711.251152637] [rf2o_laser_odometry]: Robot-base odom [x,y,yaw]=[-2.079669 -1.920790 -1.085863]
[rf2o_laser_odometry_node-5] [INFO] [1771096711.300283097] [rf2o_laser_odometry]: execution time (ms): 12.000000
[rf2o_laser_odometry_node-5] [INFO] [1771096711.300430157] [rf2o_laser_odometry]: Laser odom [x,y,yaw]=[-2.035194 -2.004577 -1.087059]
[rf2o_laser_odometry_node-5] [INFO] [1771096711.300457427] [rf2o_laser_odometry]: Robot-base odom [x,y,yaw]=[-2.081703 -1.916051 -1.087059]
[rf2o_laser_odometry_node-5] [WARN] [1771096711.335818427] [rf2o_laser_odometry]: Waiting for laser_scans....
[rf2o_laser_odometry_node-5] [INFO] [1771096711.396249827] [rf2o_laser_odometry]: execution time (ms): 8.000000
[rf2o_laser_odometry_node-5] [INFO] [1771096711.396375287] [rf2o_laser_odometry]: Laser odom [x,y,yaw]=[-2.037286 -1.999873 -1.088397]
[rf2o_laser_odometry_node-5] [INFO] [1771096711.396399227] [rf2o_laser_odometry]: Robot-base odom [x,y,yaw]=[-2.083676 -1.911285 -1.088397]
[rf2o_laser_odometry_node-5] [WARN] [1771096711.435821297] [rf2o_laser_odometry]: Waiting for laser_scans....
[rf2o_laser_odometry_node-5] [INFO] [1771096711.496087277] [rf2o_laser_odometry]: execution time (ms): 8.000000
[rf2o_laser_odometry_node-5] [INFO] [1771096711.496289867] [rf2o_laser_odometry]: Laser odom [x,y,yaw]=[-2.035538 -2.003609 -1.087105]
[rf2o_laser_odometry_node-5] [INFO] [1771096711.496338287] [rf2o_laser_odometry]: Robot-base odom [x,y,yaw]=[-2.082043 -1.915080 -1.087105]
[rf2o_laser_odometry_node-5] [WARN] [1771096711.535845587] [rf2o_laser_odometry]: Waiting for laser_scans....
[rf2o_laser_odometry_node-5] [INFO] [1771096711.597916697] [rf2o_laser_odometry]: execution time (ms): 12.000000
[rf2o_laser_odometry_node-5] [INFO] [1771096711.598043237] [rf2o_laser_odometry]: Laser odom [x,y,yaw]=[-2.033342 -2.008265 -1.085909]
[rf2o_laser_odometry_node-5] [INFO] [1771096711.598067357] [rf2o_laser_odometry]: Robot-base odom [x,y,yaw]=[-2.079953 -1.919792 -1.085909]
[rf2o_laser_odometry_node-5] [WARN] [1771096711.635838917] [rf2o_laser_odometry]: Waiting for laser_scans....
[rf2o_laser_odometry_node-5] [WARN] [1771096711.685773977] [rf2o_laser_odometry]: Waiting for laser_scans....
[rf2o_laser_odometry_node-5] [INFO] [1771096711.747848147] [rf2o_laser_odometry]: execution time (ms): 12.000000
[rf2o_laser_odometry_node-5] [INFO] [1771096711.748031117] [rf2o_laser_odometry]: Laser odom [x,y,yaw]=[-2.031124 -2.012931 -1.084763]
[rf2o_laser_odometry_node-5] [INFO] [1771096711.748076387] [rf2o_laser_odometry]: Robot-base odom [x,y,yaw]=[-2.077837 -1.924512 -1.084763]
[rf2o_laser_odometry_node-5] [INFO] [1771096711.796817417] [rf2o_laser_odometry]: execution time (ms): 12.000000
[rf2o_laser_odometry_node-5] [INFO] [1771096711.797034227] [rf2o_laser_odometry]: Laser odom [x,y,yaw]=[-2.028911 -2.017589 -1.083519]
[rf2o_laser_odometry_node-5] [INFO] [1771096711.797080037] [rf2o_laser_odometry]: Robot-base odom [x,y,yaw]=[-2.075733 -1.929227 -1.083519]
[rf2o_laser_odometry_node-5] [WARN] [1771096711.835786337] [rf2o_laser_odometry]: Waiting for laser_scans....
[rf2o_laser_odometry_node-5] [INFO] [1771096711.897585917] [rf2o_laser_odometry]: execution time (ms): 12.000000
[rf2o_laser_odometry_node-5] [INFO] [1771096711.897744407] [rf2o_laser_odometry]: Laser odom [x,y,yaw]=[-2.026735 -2.022127 -1.082323]
[rf2o_laser_odometry_node-5] [INFO] [1771096711.897778517] [rf2o_laser_odometry]: Robot-base odom [x,y,yaw]=[-2.073663 -1.933822 -1.082323]
[rf2o_laser_odometry_node-5] [WARN] [1771096711.935826107] [rf2o_laser_odometry]: Waiting for laser_scans....
[rf2o_laser_odometry_node-5] [INFO] [1771096711.997738367] [rf2o_laser_odometry]: execution time (ms): 12.000000
[rf2o_laser_odometry_node-5] [INFO] [1771096711.997874447] [rf2o_laser_odometry]: Laser odom [x,y,yaw]=[-2.028611 -2.018155 -1.083567]
[rf2o_laser_odometry_node-5] [INFO] [1771096711.997899287] [rf2o_laser_odometry]: Robot-base odom [x,y,yaw]=[-2.075429 -1.929792 -1.083567]
[rf2o_laser_odometry_node-5] [WARN] [1771096712.035888917] [rf2o_laser_odometry]: Waiting for laser_scans....
[rf2o_laser_odometry_node-5] [INFO] [1771096712.098835907] [rf2o_laser_odometry]: execution time (ms): 12.000000
[rf2o_laser_odometry_node-5] [INFO] [1771096712.099991687] [rf2o_laser_odometry]: Laser odom [x,y,yaw]=[-2.030760 -2.013469 -1.084659]
[rf2o_laser_odometry_node-5] [INFO] [1771096712.100068097] [rf2o_laser_odometry]: Robot-base odom [x,y,yaw]=[-2.077481 -1.925054 -1.084659]
[rf2o_laser_odometry_node-5] [WARN] [1771096712.136127317] [rf2o_laser_odometry]: Waiting for laser_scans....
[rf2o_laser_odometry_node-5] [WARN] [1771096712.185787787] [rf2o_laser_odometry]: Waiting for laser_scans....
[rf2o_laser_odometry_node-5] [INFO] [1771096712.246054577] [rf2o_laser_odometry]: execution time (ms): 12.000000
[rf2o_laser_odometry_node-5] [INFO] [1771096712.246193357] [rf2o_laser_odometry]: Laser odom [x,y,yaw]=[-2.032908 -2.008782 -1.085804]
[rf2o_laser_odometry_node-5] [INFO] [1771096712.246236287] [rf2o_laser_odometry]: Robot-base odom [x,y,yaw]=[-2.079528 -1.920314 -1.085804]
[rf2o_laser_odometry_node-5] [WARN] [1771096712.285841957] [rf2o_laser_odometry]: Waiting for laser_scans....
[rf2o_laser_odometry_node-5] [INFO] [1771096712.348648727] [rf2o_laser_odometry]: execution time (ms): 12.000000
[rf2o_laser_odometry_node-5] [INFO] [1771096712.348770587] [rf2o_laser_odometry]: Laser odom [x,y,yaw]=[-2.035045 -2.004102 -1.086950]
[rf2o_laser_odometry_node-5] [INFO] [1771096712.348794077] [rf2o_laser_odometry]: Robot-base odom [x,y,yaw]=[-2.081563 -1.915581 -1.086950]
[rf2o_laser_odometry_node-5] [WARN] [1771096712.385844107] [rf2o_laser_odometry]: Waiting for laser_scans....
[rf2o_laser_odometry_node-5] [INFO] [1771096712.445565137] [rf2o_laser_odometry]: execution time (ms): 4.000000
[rf2o_laser_odometry_node-5] [INFO] [1771096712.445728397] [rf2o_laser_odometry]: Laser odom [x,y,yaw]=[-2.036902 -1.999991 -1.088331]
[rf2o_laser_odometry_node-5] [INFO] [1771096712.445755757] [rf2o_laser_odometry]: Robot-base odom [x,y,yaw]=[-2.083299 -1.911406 -1.088331]
[rf2o_laser_odometry_node-5] [WARN] [1771096712.485893327] [rf2o_laser_odometry]: Waiting for laser_scans....
[rf2o_laser_odometry_node-5] [INFO] [1771096712.550188967] [rf2o_laser_odometry]: execution time (ms): 16.000000
[rf2o_laser_odometry_node-5] [INFO] [1771096712.550369687] [rf2o_laser_odometry]: Laser odom [x,y,yaw]=[-2.034807 -2.004558 -1.087039]
[rf2o_laser_odometry_node-5] [INFO] [1771096712.550421437] [rf2o_laser_odometry]: Robot-base odom [x,y,yaw]=[-2.081318 -1.916032 -1.087039]
[rf2o_laser_odometry_node-5] [WARN] [1771096712.585846967] [rf2o_laser_odometry]: Waiting for laser_scans....
[rf2o_laser_odometry_node-5] [INFO] [1771096712.647019067] [rf2o_laser_odometry]: execution time (ms): 12.000000
[rf2o_laser_odometry_node-5] [INFO] [1771096712.647163427] [rf2o_laser_odometry]: Laser odom [x,y,yaw]=[-2.032607 -2.009217 -1.085843]
[rf2o_laser_odometry_node-5] [INFO] [1771096712.647189797] [rf2o_laser_odometry]: Robot-base odom [x,y,yaw]=[-2.079224 -1.920748 -1.085843]
[rf2o_laser_odometry_node-5] [WARN] [1771096712.685973227] [rf2o_laser_odometry]: Waiting for laser_scans....
[rf2o_laser_odometry_node-5] [INFO] [1771096712.746110417] [rf2o_laser_odometry]: execution time (ms): 8.000000
[rf2o_laser_odometry_node-5] [INFO] [1771096712.746271877] [rf2o_laser_odometry]: Laser odom [x,y,yaw]=[-2.030390 -2.013882 -1.084698]
[rf2o_laser_odometry_node-5] [INFO] [1771096712.746316967] [rf2o_laser_odometry]: Robot-base odom [x,y,yaw]=[-2.077108 -1.925466 -1.084698]
[rf2o_laser_odometry_node-5] [WARN] [1771096712.785763787] [rf2o_laser_odometry]: Waiting for laser_scans....
[rf2o_laser_odometry_node-5] [INFO] [1771096712.849445267] [rf2o_laser_odometry]: execution time (ms): 16.000000
[rf2o_laser_odometry_node-5] [INFO] [1771096712.850540657] [rf2o_laser_odometry]: Laser odom [x,y,yaw]=[-2.028176 -2.018540 -1.083453]
[rf2o_laser_odometry_node-5] [INFO] [1771096712.851314927] [rf2o_laser_odometry]: Robot-base odom [x,y,yaw]=[-2.075004 -1.930182 -1.083453]
[rf2o_laser_odometry_node-5] [WARN] [1771096712.885827857] [rf2o_laser_odometry]: Waiting for laser_scans....
[rf2o_laser_odometry_node-5] [INFO] [1771096712.948004717] [rf2o_laser_odometry]: execution time (ms): 8.000000
[rf2o_laser_odometry_node-5] [INFO] [1771096712.948208117] [rf2o_laser_odometry]: Laser odom [x,y,yaw]=[-2.026913 -2.021281 -1.082607]
[rf2o_laser_odometry_node-5] [INFO] [1771096712.948254017] [rf2o_laser_odometry]: Robot-base odom [x,y,yaw]=[-2.073816 -1.932962 -1.082607]
[rf2o_laser_odometry_node-5] [WARN] [1771096712.985910647] [rf2o_laser_odometry]: Waiting for laser_scans....
[rf2o_laser_odometry_node-5] [INFO] [1771096713.054200037] [rf2o_laser_odometry]: execution time (ms): 12.000000
[rf2o_laser_odometry_node-5] [INFO] [1771096713.054405867] [rf2o_laser_odometry]: Laser odom [x,y,yaw]=[-2.029084 -2.016588 -1.083699]
[rf2o_laser_odometry_node-5] [INFO] [1771096713.054469947] [rf2o_laser_odometry]: Robot-base odom [x,y,yaw]=[-2.075891 -1.928218 -1.083699]
[rf2o_laser_odometry_node-5] [WARN] [1771096713.085848267] [rf2o_laser_odometry]: Waiting for laser_scans....
[rf2o_laser_odometry_node-5] [INFO] [1771096713.149859237] [rf2o_laser_odometry]: execution time (ms): 16.000000
[rf2o_laser_odometry_node-5] [INFO] [1771096713.150131577] [rf2o_laser_odometry]: Laser odom [x,y,yaw]=[-2.031238 -2.011899 -1.084844]
[rf2o_laser_odometry_node-5] [INFO] [1771096713.150208887] [rf2o_laser_odometry]: Robot-base odom [x,y,yaw]=[-2.077943 -1.923476 -1.084844]
[rf2o_laser_odometry_node-5] [WARN] [1771096713.185794257] [rf2o_laser_odometry]: Waiting for laser_scans....
[rf2o_laser_odometry_node-5] [INFO] [1771096713.249534147] [rf2o_laser_odometry]: execution time (ms): 12.000000
[rf2o_laser_odometry_node-5] [INFO] [1771096713.249671217] [rf2o_laser_odometry]: Laser odom [x,y,yaw]=[-2.033393 -2.007207 -1.085936]
[rf2o_laser_odometry_node-5] [INFO] [1771096713.249695787] [rf2o_laser_odometry]: Robot-base odom [x,y,yaw]=[-2.080002 -1.918733 -1.085936]
[rf2o_laser_odometry_node-5] [WARN] [1771096713.286475637] [rf2o_laser_odometry]: Waiting for laser_scans....
[rf2o_laser_odometry_node-5] [INFO] [1771096713.346551987] [rf2o_laser_odometry]: execution time (ms): 12.000000
[rf2o_laser_odometry_node-5] [INFO] [1771096713.346674027] [rf2o_laser_odometry]: Laser odom [x,y,yaw]=[-2.035509 -2.002462 -1.087273]
[rf2o_laser_odometry_node-5] [INFO] [1771096713.346697967] [rf2o_laser_odometry]: Robot-base odom [x,y,yaw]=[-2.081999 -1.913926 -1.087273]
[rf2o_laser_odometry_node-5] [WARN] [1771096713.385857867] [rf2o_laser_odometry]: Waiting for laser_scans....
[rf2o_laser_odometry_node-5] [INFO] [1771096713.446466927] [rf2o_laser_odometry]: execution time (ms): 12.000000
[rf2o_laser_odometry_node-5] [INFO] [1771096713.446633517] [rf2o_laser_odometry]: Laser odom [x,y,yaw]=[-2.036043 -2.001223 -1.087761]
[rf2o_laser_odometry_node-5] [INFO] [1771096713.446672307] [rf2o_laser_odometry]: Robot-base odom [x,y,yaw]=[-2.082490 -1.912664 -1.087761]
[rf2o_laser_odometry_node-5] [WARN] [1771096713.485776317] [rf2o_laser_odometry]: Waiting for laser_scans....
[rf2o_laser_odometry_node-5] [INFO] [1771096713.548114637] [rf2o_laser_odometry]: execution time (ms): 12.000000
[rf2o_laser_odometry_node-5] [INFO] [1771096713.548305437] [rf2o_laser_odometry]: Laser odom [x,y,yaw]=[-2.033881 -2.005951 -1.086424]
[rf2o_laser_odometry_node-5] [INFO] [1771096713.548334327] [rf2o_laser_odometry]: Robot-base odom [x,y,yaw]=[-2.080446 -1.917454 -1.086424]
[rf2o_laser_odometry_node-5] [WARN] [1771096713.585780267] [rf2o_laser_odometry]: Waiting for laser_scans....
[rf2o_laser_odometry_node-5] [INFO] [1771096713.646815387] [rf2o_laser_odometry]: execution time (ms): 12.000000
[rf2o_laser_odometry_node-5] [INFO] [1771096713.646944537] [rf2o_laser_odometry]: Laser odom [x,y,yaw]=[-2.031670 -2.010615 -1.085228]
[rf2o_laser_odometry_node-5] [INFO] [1771096713.646973697] [rf2o_laser_odometry]: Robot-base odom [x,y,yaw]=[-2.078341 -1.922174 -1.085228]
[rf2o_laser_odometry_node-5] [WARN] [1771096713.685851627] [rf2o_laser_odometry]: Waiting for laser_scans....
[rf2o_laser_odometry_node-5] [INFO] [1771096713.749968527] [rf2o_laser_odometry]: execution time (ms): 12.000000
[rf2o_laser_odometry_node-5] [INFO] [1771096713.750966177] [rf2o_laser_odometry]: Laser odom [x,y,yaw]=[-2.029449 -2.015279 -1.084083]
[rf2o_laser_odometry_node-5] [INFO] [1771096713.751783197] [rf2o_laser_odometry]: Robot-base odom [x,y,yaw]=[-2.076221 -1.926892 -1.084083]
[rf2o_laser_odometry_node-5] [WARN] [1771096713.785932347] [rf2o_laser_odometry]: Waiting for laser_scans....
[rf2o_laser_odometry_node-5] [INFO] [1771096713.849942687] [rf2o_laser_odometry]: execution time (ms): 12.000000
[rf2o_laser_odometry_node-5] [INFO] [1771096713.850940607] [rf2o_laser_odometry]: Laser odom [x,y,yaw]=[-2.027233 -2.019938 -1.082887]
[rf2o_laser_odometry_node-5] [INFO] [1771096713.851752317] [rf2o_laser_odometry]: Robot-base odom [x,y,yaw]=[-2.074111 -1.931606 -1.082887]
[rf2o_laser_odometry_node-5] [WARN] [1771096713.885845667] [rf2o_laser_odometry]: Waiting for laser_scans....
[rf2o_laser_odometry_node-5] [INFO] [1771096713.947292357] [rf2o_laser_odometry]: execution time (ms): 12.000000
[rf2o_laser_odometry_node-5] [INFO] [1771096713.947436177] [rf2o_laser_odometry]: Laser odom [x,y,yaw]=[-2.027035 -2.020403 -1.082887]
[rf2o_laser_odometry_node-5] [INFO] [1771096713.947483337] [rf2o_laser_odometry]: Robot-base odom [x,y,yaw]=[-2.073913 -1.932071 -1.082887]
[rf2o_laser_odometry_node-5] [WARN] [1771096713.985851867] [rf2o_laser_odometry]: Waiting for laser_scans....
[rf2o_laser_odometry_node-5] [INFO] [1771096714.046939007] [rf2o_laser_odometry]: execution time (ms): 8.000000
[rf2o_laser_odometry_node-5] [INFO] [1771096714.047115677] [rf2o_laser_odometry]: Laser odom [x,y,yaw]=[-2.029198 -2.015715 -1.084132]
[rf2o_laser_odometry_node-5] [INFO] [1771096714.047152847] [rf2o_laser_odometry]: Robot-base odom [x,y,yaw]=[-2.075966 -1.927326 -1.084132]
[rf2o_laser_odometry_node-5] [WARN] [1771096714.085824677] [rf2o_laser_odometry]: Waiting for laser_scans....
[rf2o_laser_odometry_node-5] [INFO] [1771096714.147127997] [rf2o_laser_odometry]: execution time (ms): 12.000000
[rf2o_laser_odometry_node-5] [INFO] [1771096714.147278567] [rf2o_laser_odometry]: Laser odom [x,y,yaw]=[-2.031351 -2.011024 -1.085277]
[rf2o_laser_odometry_node-5] [INFO] [1771096714.147315467] [rf2o_laser_odometry]: Robot-base odom [x,y,yaw]=[-2.078018 -1.922581 -1.085277]
[rf2o_laser_odometry_node-5] [WARN] [1771096714.185841947] [rf2o_laser_odometry]: Waiting for laser_scans....
[rf2o_laser_odometry_node-5] [INFO] [1771096714.247711997] [rf2o_laser_odometry]: execution time (ms): 12.000000
[rf2o_laser_odometry_node-5] [INFO] [1771096714.247862117] [rf2o_laser_odometry]: Laser odom [x,y,yaw]=[-2.033501 -2.006335 -1.086369]
[rf2o_laser_odometry_node-5] [INFO] [1771096714.247885517] [rf2o_laser_odometry]: Robot-base odom [x,y,yaw]=[-2.080072 -1.917841 -1.086369]
[rf2o_laser_odometry_node-5] [WARN] [1771096714.285821417] [rf2o_laser_odometry]: Waiting for laser_scans....
[rf2o_laser_odometry_node-5] [WARN] [1771096714.335843147] [rf2o_laser_odometry]: Waiting for laser_scans....
[rf2o_laser_odometry_node-5] [WARN] [1771096714.385851467] [rf2o_laser_odometry]: Waiting for laser_scans....
[rf2o_laser_odometry_node-5] [INFO] [1771096714.447026447] [rf2o_laser_odometry]: execution time (ms): 8.000000
[rf2o_laser_odometry_node-5] [INFO] [1771096714.447153977] [rf2o_laser_odometry]: Laser odom [x,y,yaw]=[-2.031291 -2.010945 -1.085333]
[rf2o_laser_odometry_node-5] [INFO] [1771096714.447178007] [rf2o_laser_odometry]: Robot-base odom [x,y,yaw]=[-2.077953 -1.922499 -1.085333]
[rf2o_laser_odometry_node-5] [WARN] [1771096714.485868107] [rf2o_laser_odometry]: Waiting for laser_scans....
[rf2o_laser_odometry_node-5] [WARN] [1771096714.535848437] [rf2o_laser_odometry]: Waiting for laser_scans....
[rf2o_laser_odometry_node-5] [INFO] [1771096714.598400327] [rf2o_laser_odometry]: execution time (ms): 12.000000
[rf2o_laser_odometry_node-5] [INFO] [1771096714.598711367] [rf2o_laser_odometry]: Laser odom [x,y,yaw]=[-2.029070 -2.015611 -1.084188]
[rf2o_laser_odometry_node-5] [INFO] [1771096714.598766807] [rf2o_laser_odometry]: Robot-base odom [x,y,yaw]=[-2.075833 -1.927218 -1.084188]
[rf2o_laser_odometry_node-5] [WARN] [1771096714.635824757] [rf2o_laser_odometry]: Waiting for laser_scans....
[rf2o_laser_odometry_node-5] [INFO] [1771096714.702381647] [rf2o_laser_odometry]: execution time (ms): 16.000000
[rf2o_laser_odometry_node-5] [INFO] [1771096714.702535457] [rf2o_laser_odometry]: Laser odom [x,y,yaw]=[-2.026854 -2.020271 -1.082992]
[rf2o_laser_odometry_node-5] [INFO] [1771096714.702563627] [rf2o_laser_odometry]: Robot-base odom [x,y,yaw]=[-2.073723 -1.931934 -1.082992]
[rf2o_laser_odometry_node-5] [WARN] [1771096714.735836267] [rf2o_laser_odometry]: Waiting for laser_scans....
[rf2o_laser_odometry_node-5] [INFO] [1771096714.803767277] [rf2o_laser_odometry]: execution time (ms): 12.000000
[rf2o_laser_odometry_node-5] [INFO] [1771096714.803913437] [rf2o_laser_odometry]: Laser odom [x,y,yaw]=[-2.027320 -2.019178 -1.082992]
[rf2o_laser_odometry_node-5] [INFO] [1771096714.803957717] [rf2o_laser_odometry]: Robot-base odom [x,y,yaw]=[-2.074189 -1.930842 -1.082992]
[rf2o_laser_odometry_node-5] [WARN] [1771096714.835791527] [rf2o_laser_odometry]: Waiting for laser_scans....
[rf2o_laser_odometry_node-5] [INFO] [1771096714.897684347] [rf2o_laser_odometry]: execution time (ms): 12.000000
[rf2o_laser_odometry_node-5] [INFO] [1771096714.898526477] [rf2o_laser_odometry]: Laser odom [x,y,yaw]=[-2.029482 -2.014489 -1.084237]
[rf2o_laser_odometry_node-5] [INFO] [1771096714.898594157] [rf2o_laser_odometry]: Robot-base odom [x,y,yaw]=[-2.076241 -1.926094 -1.084237]
[rf2o_laser_odometry_node-5] [WARN] [1771096714.935775587] [rf2o_laser_odometry]: Waiting for laser_scans....
[rf2o_laser_odometry_node-5] [INFO] [1771096714.997191587] [rf2o_laser_odometry]: execution time (ms): 12.000000
[rf2o_laser_odometry_node-5] [INFO] [1771096714.997314077] [rf2o_laser_odometry]: Laser odom [x,y,yaw]=[-2.031639 -2.009796 -1.085382]
[rf2o_laser_odometry_node-5] [INFO] [1771096714.997338557] [rf2o_laser_odometry]: Robot-base odom [x,y,yaw]=[-2.078296 -1.921348 -1.085382]
[rf2o_laser_odometry_node-5] [WARN] [1771096715.035851807] [rf2o_laser_odometry]: Waiting for laser_scans....
[rf2o_laser_odometry_node-5] [INFO] [1771096715.098464627] [rf2o_laser_odometry]: execution time (ms): 12.000000
[rf2o_laser_odometry_node-5] [INFO] [1771096715.098616907] [rf2o_laser_odometry]: Laser odom [x,y,yaw]=[-2.033785 -2.005111 -1.086578]
[rf2o_laser_odometry_node-5] [INFO] [1771096715.098678917] [rf2o_laser_odometry]: Robot-base odom [x,y,yaw]=[-2.080336 -1.916607 -1.086578]
[rf2o_laser_odometry_node-5] [WARN] [1771096715.135862777] [rf2o_laser_odometry]: Waiting for laser_scans....
[rf2o_laser_odometry_node-5] [INFO] [1771096715.197214697] [rf2o_laser_odometry]: execution time (ms): 12.000000
[rf2o_laser_odometry_node-5] [INFO] [1771096715.198526627] [rf2o_laser_odometry]: Laser odom [x,y,yaw]=[-2.032410 -2.008091 -1.085806]
[rf2o_laser_odometry_node-5] [INFO] [1771096715.198611767] [rf2o_laser_odometry]: Robot-base odom [x,y,yaw]=[-2.079030 -1.919623 -1.085806]
[rf2o_laser_odometry_node-5] [WARN] [1771096715.235829377] [rf2o_laser_odometry]: Waiting for laser_scans....
[rf2o_laser_odometry_node-5] [INFO] [1771096715.297483517] [rf2o_laser_odometry]: execution time (ms): 12.000000
[rf2o_laser_odometry_node-5] [INFO] [1771096715.297635707] [rf2o_laser_odometry]: Laser odom [x,y,yaw]=[-2.030188 -2.012758 -1.084661]
[rf2o_laser_odometry_node-5] [INFO] [1771096715.297674767] [rf2o_laser_odometry]: Robot-base odom [x,y,yaw]=[-2.076909 -1.924343 -1.084661]
[rf2o_laser_odometry_node-5] [WARN] [1771096715.335771227] [rf2o_laser_odometry]: Waiting for laser_scans....
[rf2o_laser_odometry_node-5] [INFO] [1771096715.399019357] [rf2o_laser_odometry]: execution time (ms): 12.000000
[rf2o_laser_odometry_node-5] [INFO] [1771096715.399215737] [rf2o_laser_odometry]: Laser odom [x,y,yaw]=[-2.027975 -2.017414 -1.083416]
[rf2o_laser_odometry_node-5] [INFO] [1771096715.399263977] [rf2o_laser_odometry]: Robot-base odom [x,y,yaw]=[-2.074806 -1.929058 -1.083416]
[rf2o_laser_odometry_node-5] [WARN] [1771096715.435829087] [rf2o_laser_odometry]: Waiting for laser_scans....
[rf2o_laser_odometry_node-5] [WARN] [1771096715.485792587] [rf2o_laser_odometry]: Waiting for laser_scans....
[rf2o_laser_odometry_node-5] [INFO] [1771096715.553321207] [rf2o_laser_odometry]: execution time (ms): 16.000000
[rf2o_laser_odometry_node-5] [INFO] [1771096715.553536577] [rf2o_laser_odometry]: Laser odom [x,y,yaw]=[-2.029327 -2.014429 -1.084261]
[rf2o_laser_odometry_node-5] [INFO] [1771096715.553587607] [rf2o_laser_odometry]: Robot-base odom [x,y,yaw]=[-2.076083 -1.926034 -1.084261]
[rf2o_laser_odometry_node-5] [INFO] [1771096715.601557517] [rf2o_laser_odometry]: execution time (ms): 16.000000
[rf2o_laser_odometry_node-5] [INFO] [1771096715.602437447] [rf2o_laser_odometry]: Laser odom [x,y,yaw]=[-2.031486 -2.009737 -1.085407]
[rf2o_laser_odometry_node-5] [INFO] [1771096715.602496037] [rf2o_laser_odometry]: Robot-base odom [x,y,yaw]=[-2.078141 -1.921287 -1.085407]
[rf2o_laser_odometry_node-5] [WARN] [1771096715.635896837] [rf2o_laser_odometry]: Waiting for laser_scans....
[rf2o_laser_odometry_node-5] [INFO] [1771096715.699164857] [rf2o_laser_odometry]: execution time (ms): 16.000000
[rf2o_laser_odometry_node-5] [INFO] [1771096715.699344677] [rf2o_laser_odometry]: Laser odom [x,y,yaw]=[-2.033615 -2.005094 -1.086552]
[rf2o_laser_odometry_node-5] [INFO] [1771096715.699386167] [rf2o_laser_odometry]: Robot-base odom [x,y,yaw]=[-2.080169 -1.916591 -1.086552]
[rf2o_laser_odometry_node-5] [WARN] [1771096715.735833287] [rf2o_laser_odometry]: Waiting for laser_scans....
[rf2o_laser_odometry_node-5] [INFO] [1771096715.797013037] [rf2o_laser_odometry]: execution time (ms): 12.000000
[rf2o_laser_odometry_node-5] [INFO] [1771096715.797181697] [rf2o_laser_odometry]: Laser odom [x,y,yaw]=[-2.031847 -2.008762 -1.085460]
[rf2o_laser_odometry_node-5] [INFO] [1771096715.797222377] [rf2o_laser_odometry]: Robot-base odom [x,y,yaw]=[-2.078498 -1.920311 -1.085460]
[rf2o_laser_odometry_node-5] [WARN] [1771096715.835766227] [rf2o_laser_odometry]: Waiting for laser_scans....
[rf2o_laser_odometry_node-5] [INFO] [1771096715.897478867] [rf2o_laser_odometry]: execution time (ms): 8.000000
[rf2o_laser_odometry_node-5] [INFO] [1771096715.898468687] [rf2o_laser_odometry]: Laser odom [x,y,yaw]=[-2.029629 -2.013425 -1.084368]
[rf2o_laser_odometry_node-5] [INFO] [1771096715.898538887] [rf2o_laser_odometry]: Robot-base odom [x,y,yaw]=[-2.076376 -1.925024 -1.084368]
[rf2o_laser_odometry_node-5] [WARN] [1771096715.935943877] [rf2o_laser_odometry]: Waiting for laser_scans....
[rf2o_laser_odometry_node-5] [WARN] [1771096715.985783177] [rf2o_laser_odometry]: Waiting for laser_scans....
[rf2o_laser_odometry_node-5] [INFO] [1771096716.046652517] [rf2o_laser_odometry]: execution time (ms): 8.000000
[rf2o_laser_odometry_node-5] [INFO] [1771096716.046821357] [rf2o_laser_odometry]: Laser odom [x,y,yaw]=[-2.027456 -2.017960 -1.083223]
[rf2o_laser_odometry_node-5] [INFO] [1771096716.046857537] [rf2o_laser_odometry]: Robot-base odom [x,y,yaw]=[-2.074305 -1.929612 -1.083223]
[rf2o_laser_odometry_node-5] [INFO] [1771096716.096869637] [rf2o_laser_odometry]: execution time (ms): 12.000000
[rf2o_laser_odometry_node-5] [INFO] [1771096716.097039827] [rf2o_laser_odometry]: Laser odom [x,y,yaw]=[-2.029326 -2.013992 -1.084468]
[rf2o_laser_odometry_node-5] [INFO] [1771096716.097145397] [rf2o_laser_odometry]: Robot-base odom [x,y,yaw]=[-2.076064 -1.925586 -1.084468]
[rf2o_laser_odometry_node-5] [WARN] [1771096716.135846387] [rf2o_laser_odometry]: Waiting for laser_scans....
[rf2o_laser_odometry_node-5] [INFO] [1771096716.198506187] [rf2o_laser_odometry]: execution time (ms): 12.000000
[rf2o_laser_odometry_node-5] [INFO] [1771096716.198698787] [rf2o_laser_odometry]: Laser odom [x,y,yaw]=[-2.031480 -2.009300 -1.085560]
[rf2o_laser_odometry_node-5] [INFO] [1771096716.198742167] [rf2o_laser_odometry]: Robot-base odom [x,y,yaw]=[-2.078122 -1.920844 -1.085560]
[rf2o_laser_odometry_node-5] [WARN] [1771096716.236118807] [rf2o_laser_odometry]: Waiting for laser_scans....
[rf2o_laser_odometry_node-5] [INFO] [1771096716.300268917] [rf2o_laser_odometry]: execution time (ms): 16.000000
[rf2o_laser_odometry_node-5] [INFO] [1771096716.301063077] [rf2o_laser_odometry]: Laser odom [x,y,yaw]=[-2.033535 -2.004862 -1.086851]
[rf2o_laser_odometry_node-5] [INFO] [1771096716.301127607] [rf2o_laser_odometry]: Robot-base odom [x,y,yaw]=[-2.080063 -1.916345 -1.086851]
[rf2o_laser_odometry_node-5] [WARN] [1771096716.335874537] [rf2o_laser_odometry]: Waiting for laser_scans....
[rf2o_laser_odometry_node-5] [INFO] [1771096716.401924367] [rf2o_laser_odometry]: execution time (ms): 12.000000
[rf2o_laser_odometry_node-5] [INFO] [1771096716.403043607] [rf2o_laser_odometry]: Laser odom [x,y,yaw]=[-2.031505 -2.009044 -1.085760]
[rf2o_laser_odometry_node-5] [INFO] [1771096716.403114977] [rf2o_laser_odometry]: Robot-base odom [x,y,yaw]=[-2.078129 -1.920578 -1.085760]
[rf2o_laser_odometry_node-5] [WARN] [1771096716.435824577] [rf2o_laser_odometry]: Waiting for laser_scans....
[rf2o_laser_odometry_node-5] [WARN] [1771096716.485780697] [rf2o_laser_odometry]: Waiting for laser_scans....
[rf2o_laser_odometry_node-5] [INFO] [1771096716.555151437] [rf2o_laser_odometry]: execution time (ms): 20.000000
[rf2o_laser_odometry_node-5] [INFO] [1771096716.555333597] [rf2o_laser_odometry]: Laser odom [x,y,yaw]=[-2.029285 -2.013710 -1.084614]
[rf2o_laser_odometry_node-5] [INFO] [1771096716.555373557] [rf2o_laser_odometry]: Robot-base odom [x,y,yaw]=[-2.076010 -1.925298 -1.084614]
[rf2o_laser_odometry_node-5] [WARN] [1771096716.585938187] [rf2o_laser_odometry]: Waiting for laser_scans....
[rf2o_laser_odometry_node-5] [INFO] [1771096716.650533617] [rf2o_laser_odometry]: execution time (ms): 16.000000
[rf2o_laser_odometry_node-5] [INFO] [1771096716.650723247] [rf2o_laser_odometry]: Laser odom [x,y,yaw]=[-2.027071 -2.018368 -1.083370]
[rf2o_laser_odometry_node-5] [INFO] [1771096716.650798037] [rf2o_laser_odometry]: Robot-base odom [x,y,yaw]=[-2.073906 -1.930014 -1.083370]
[rf2o_laser_odometry_node-5] [WARN] [1771096716.685851867] [rf2o_laser_odometry]: Waiting for laser_scans....
[rf2o_laser_odometry_node-5] [INFO] [1771096716.749416077] [rf2o_laser_odometry]: execution time (ms): 12.000000
[rf2o_laser_odometry_node-5] [INFO] [1771096716.749607777] [rf2o_laser_odometry]: Laser odom [x,y,yaw]=[-2.025602 -2.021479 -1.082456]
[rf2o_laser_odometry_node-5] [INFO] [1771096716.749654487] [rf2o_laser_odometry]: Robot-base odom [x,y,yaw]=[-2.072519 -1.933168 -1.082456]
[rf2o_laser_odometry_node-5] [WARN] [1771096716.785890467] [rf2o_laser_odometry]: Waiting for laser_scans....
[rf2o_laser_odometry_node-5] [INFO] [1771096716.847009917] [rf2o_laser_odometry]: execution time (ms): 12.000000
[rf2o_laser_odometry_node-5] [INFO] [1771096716.847192797] [rf2o_laser_odometry]: Laser odom [x,y,yaw]=[-2.027776 -2.016785 -1.083548]
[rf2o_laser_odometry_node-5] [INFO] [1771096716.847237437] [rf2o_laser_odometry]: Robot-base odom [x,y,yaw]=[-2.074595 -1.928423 -1.083548]
[rf2o_laser_odometry_node-5] [WARN] [1771096716.885839067] [rf2o_laser_odometry]: Waiting for laser_scans....
[rf2o_laser_odometry_node-5] [INFO] [1771096716.947745747] [rf2o_laser_odometry]: execution time (ms): 12.000000
[rf2o_laser_odometry_node-5] [INFO] [1771096716.947870037] [rf2o_laser_odometry]: Laser odom [x,y,yaw]=[-2.029929 -2.012098 -1.084693]
[rf2o_laser_odometry_node-5] [INFO] [1771096716.947894157] [rf2o_laser_odometry]: Robot-base odom [x,y,yaw]=[-2.076647 -1.923682 -1.084693]
[rf2o_laser_odometry_node-5] [WARN] [1771096716.985860927] [rf2o_laser_odometry]: Waiting for laser_scans....
[rf2o_laser_odometry_node-5] [INFO] [1771096717.046392767] [rf2o_laser_odometry]: execution time (ms): 12.000000
[rf2o_laser_odometry_node-5] [INFO] [1771096717.047395997] [rf2o_laser_odometry]: Laser odom [x,y,yaw]=[-2.032085 -2.007406 -1.085838]
[rf2o_laser_odometry_node-5] [INFO] [1771096717.048131387] [rf2o_laser_odometry]: Robot-base odom [x,y,yaw]=[-2.078702 -1.918937 -1.085838]
[rf2o_laser_odometry_node-5] [WARN] [1771096717.085842017] [rf2o_laser_odometry]: Waiting for laser_scans....
[rf2o_laser_odometry_node-5] [INFO] [1771096717.146273957] [rf2o_laser_odometry]: execution time (ms): 12.000000
[rf2o_laser_odometry_node-5] [INFO] [1771096717.147033107] [rf2o_laser_odometry]: Laser odom [x,y,yaw]=[-2.034218 -2.002727 -1.087034]
[rf2o_laser_odometry_node-5] [INFO] [1771096717.147085487] [rf2o_laser_odometry]: Robot-base odom [x,y,yaw]=[-2.080730 -1.914202 -1.087034]
[rf2o_laser_odometry_node-5] [WARN] [1771096717.185785127] [rf2o_laser_odometry]: Waiting for laser_scans....
[rf2o_laser_odometry_node-5] [INFO] [1771096717.247973237] [rf2o_laser_odometry]: execution time (ms): 12.000000
[rf2o_laser_odometry_node-5] [INFO] [1771096717.248141447] [rf2o_laser_odometry]: Laser odom [x,y,yaw]=[-2.035531 -1.999916 -1.088458]
[rf2o_laser_odometry_node-5] [INFO] [1771096717.248172047] [rf2o_laser_odometry]: Robot-base odom [x,y,yaw]=[-2.081916 -1.911325 -1.088458]
[rf2o_laser_odometry_node-5] [WARN] [1771096717.285884837] [rf2o_laser_odometry]: Waiting for laser_scans....
[rf2o_laser_odometry_node-5] [INFO] [1771096720.933055531] [rf2o_laser_odometry]: execution time (ms): 12.000000
[rf2o_laser_odometry_node-5] [INFO] [1771096720.933244711] [rf2o_laser_odometry]: Laser odom [x,y,yaw]=[-2.033368 -2.004652 -1.087166]
[rf2o_laser_odometry_node-5] [INFO] [1771096720.933284671] [rf2o_laser_odometry]: Robot-base odom [x,y,yaw]=[-2.079868 -1.916120 -1.087166]
[rf2o_laser_odometry_node-5] [WARN] [1771096720.936284371] [rf2o_laser_odometry]: Waiting for laser_scans....
[rf2o_laser_odometry_node-5] [WARN] [1771096720.986498971] [rf2o_laser_odometry]: Waiting for laser_scans....
[rf2o_laser_odometry_node-5] [INFO] [1771096721.054144231] [rf2o_laser_odometry]: execution time (ms): 4.000000
[rf2o_laser_odometry_node-5] [INFO] [1771096721.055953591] [rf2o_laser_odometry]: Laser odom [x,y,yaw]=[-2.031165 -2.009313 -1.085921]
[rf2o_laser_odometry_node-5] [INFO] [1771096721.057628761] [rf2o_laser_odometry]: Robot-base odom [x,y,yaw]=[-2.077775 -1.920840 -1.085921]
[rf2o_laser_odometry_node-5] [INFO] [1771096721.127440681] [rf2o_laser_odometry]: execution time (ms): 12.000000
[rf2o_laser_odometry_node-5] [INFO] [1771096721.127723191] [rf2o_laser_odometry]: Laser odom [x,y,yaw]=[-2.028946 -2.013980 -1.084776]
[rf2o_laser_odometry_node-5] [INFO] [1771096721.127771521] [rf2o_laser_odometry]: Robot-base odom [x,y,yaw]=[-2.075657 -1.925561 -1.084776]
[rf2o_laser_odometry_node-5] [WARN] [1771096721.178073331] [rf2o_laser_odometry]: Waiting for laser_scans....
[rf2o_laser_odometry_node-5] [INFO] [1771096721.242388861] [rf2o_laser_odometry]: execution time (ms): 16.000000
[rf2o_laser_odometry_node-5] [INFO] [1771096721.242556351] [rf2o_laser_odometry]: Laser odom [x,y,yaw]=[-2.026733 -2.018639 -1.083580]
[rf2o_laser_odometry_node-5] [INFO] [1771096721.242595501] [rf2o_laser_odometry]: Robot-base odom [x,y,yaw]=[-2.073550 -1.930275 -1.083580]
[rf2o_laser_odometry_node-5] [WARN] [1771096721.283609401] [rf2o_laser_odometry]: Waiting for laser_scans....
[rf2o_laser_odometry_node-5] [WARN] [1771096721.333659211] [rf2o_laser_odometry]: Waiting for laser_scans....
[rf2o_laser_odometry_node-5] [INFO] [1771096721.396124161] [rf2o_laser_odometry]: execution time (ms): 8.000000
[rf2o_laser_odometry_node-5] [INFO] [1771096721.396500631] [rf2o_laser_odometry]: Laser odom [x,y,yaw]=[-2.026702 -2.018714 -1.083580]
[rf2o_laser_odometry_node-5] [INFO] [1771096721.396545271] [rf2o_laser_odometry]: Robot-base odom [x,y,yaw]=[-2.073519 -1.930350 -1.083580]
[rf2o_laser_odometry_node-5] [INFO] [1771096721.449334141] [rf2o_laser_odometry]: execution time (ms): 16.000000
[rf2o_laser_odometry_node-5] [INFO] [1771096721.449528631] [rf2o_laser_odometry]: Laser odom [x,y,yaw]=[-2.028861 -2.014025 -1.084825]
[rf2o_laser_odometry_node-5] [INFO] [1771096721.449573361] [rf2o_laser_odometry]: Robot-base odom [x,y,yaw]=[-2.075568 -1.925603 -1.084825]
[rf2o_laser_odometry_node-5] [WARN] [1771096721.483634671] [rf2o_laser_odometry]: Waiting for laser_scans....
[rf2o_laser_odometry_node-5] [INFO] [1771096721.548538621] [rf2o_laser_odometry]: execution time (ms): 12.000000
[rf2o_laser_odometry_node-5] [INFO] [1771096721.548820501] [rf2o_laser_odometry]: Laser odom [x,y,yaw]=[-2.031015 -2.009331 -1.085970]
[rf2o_laser_odometry_node-5] [INFO] [1771096721.548865771] [rf2o_laser_odometry]: Robot-base odom [x,y,yaw]=[-2.077620 -1.920856 -1.085970]
[rf2o_laser_odometry_node-5] [WARN] [1771096721.584754531] [rf2o_laser_odometry]: Waiting for laser_scans....
[rf2o_laser_odometry_node-5] [WARN] [1771096721.633748461] [rf2o_laser_odometry]: Waiting for laser_scans....
[rf2o_laser_odometry_node-5] [INFO] [1771096721.698425881] [rf2o_laser_odometry]: execution time (ms): 12.000000
[rf2o_laser_odometry_node-5] [INFO] [1771096721.698615241] [rf2o_laser_odometry]: Laser odom [x,y,yaw]=[-2.033156 -2.004646 -1.087115]
[rf2o_laser_odometry_node-5] [INFO] [1771096721.698657361] [rf2o_laser_odometry]: Robot-base odom [x,y,yaw]=[-2.079661 -1.916117 -1.087115]
[rf2o_laser_odometry_node-5] [WARN] [1771096721.733724961] [rf2o_laser_odometry]: Waiting for laser_scans....
[rf2o_laser_odometry_node-5] [INFO] [1771096721.795981831] [rf2o_laser_odometry]: execution time (ms): 12.000000
[rf2o_laser_odometry_node-5] [INFO] [1771096721.796108101] [rf2o_laser_odometry]: Laser odom [x,y,yaw]=[-2.031979 -2.007255 -1.086424]
[rf2o_laser_odometry_node-5] [INFO] [1771096721.796142481] [rf2o_laser_odometry]: Robot-base odom [x,y,yaw]=[-2.078544 -1.918758 -1.086424]
[rf2o_laser_odometry_node-5] [WARN] [1771096721.833672931] [rf2o_laser_odometry]: Waiting for laser_scans....
[frontier_explore-19] [WARN] [1771096721.844152261] [frontier_explore]: Goal stuck for 34s wall time; canceling
[rf2o_laser_odometry_node-5] [INFO] [1771096721.897294741] [rf2o_laser_odometry]: execution time (ms): 12.000000
[rf2o_laser_odometry_node-5] [INFO] [1771096721.898429821] [rf2o_laser_odometry]: Laser odom [x,y,yaw]=[-2.029759 -2.011924 -1.085333]
[rf2o_laser_odometry_node-5] [INFO] [1771096721.899857851] [rf2o_laser_odometry]: Robot-base odom [x,y,yaw]=[-2.076421 -1.923478 -1.085333]
[rf2o_laser_odometry_node-5] [WARN] [1771096721.933630261] [rf2o_laser_odometry]: Waiting for laser_scans....
[rf2o_laser_odometry_node-5] [WARN] [1771096721.983633721] [rf2o_laser_odometry]: Waiting for laser_scans....
[rf2o_laser_odometry_node-5] [INFO] [1771096722.047019011] [rf2o_laser_odometry]: execution time (ms): 12.000000
[rf2o_laser_odometry_node-5] [INFO] [1771096722.047232851] [rf2o_laser_odometry]: Laser odom [x,y,yaw]=[-2.027559 -2.016544 -1.084088]
[rf2o_laser_odometry_node-5] [INFO] [1771096722.047282081] [rf2o_laser_odometry]: Robot-base odom [x,y,yaw]=[-2.074330 -1.928156 -1.084088]
[rf2o_laser_odometry_node-5] [INFO] [1771096722.098767391] [rf2o_laser_odometry]: execution time (ms): 16.000000
[rf2o_laser_odometry_node-5] [INFO] [1771096722.098948651] [rf2o_laser_odometry]: Laser odom [x,y,yaw]=[-2.027488 -2.016713 -1.084088]
[rf2o_laser_odometry_node-5] [INFO] [1771096722.098996261] [rf2o_laser_odometry]: Robot-base odom [x,y,yaw]=[-2.074260 -1.928325 -1.084088]
[rf2o_laser_odometry_node-5] [WARN] [1771096722.133975931] [rf2o_laser_odometry]: Waiting for laser_scans....
[rf2o_laser_odometry_node-5] [WARN] [1771096722.186341531] [rf2o_laser_odometry]: WARNING: Eigensolver couldn't find a solution. Pose is not updated
[rf2o_laser_odometry_node-5] [WARN] [1771096722.233625371] [rf2o_laser_odometry]: Waiting for laser_scans....
[rf2o_laser_odometry_node-5] [WARN] [1771096722.285348911] [rf2o_laser_odometry]: WARNING: Eigensolver couldn't find a solution. Pose is not updated
[rf2o_laser_odometry_node-5] [WARN] [1771096722.333627251] [rf2o_laser_odometry]: Waiting for laser_scans....
[rf2o_laser_odometry_node-5] [WARN] [1771096722.385403261] [rf2o_laser_odometry]: WARNING: Eigensolver couldn't find a solution. Pose is not updated
[rf2o_laser_odometry_node-5] [WARN] [1771096722.433625711] [rf2o_laser_odometry]: Waiting for laser_scans....
[rf2o_laser_odometry_node-5] [WARN] [1771096722.485287331] [rf2o_laser_odometry]: WARNING: Eigensolver couldn't find a solution. Pose is not updated
[rf2o_laser_odometry_node-5] [WARN] [1771096722.533592221] [rf2o_laser_odometry]: Waiting for laser_scans....
[rf2o_laser_odometry_node-5] [WARN] [1771096722.585253301] [rf2o_laser_odometry]: WARNING: Eigensolver couldn't find a solution. Pose is not updated
[cmd_vel_mux-7] [WARN] [1771096722.609621701] [cmd_vel_mux]: No auto cmd_vel for 0.7s (timeout=0.5s); sent stop
[rf2o_laser_odometry_node-5] [WARN] [1771096722.633631541] [rf2o_laser_odometry]: Waiting for laser_scans....
[rf2o_laser_odometry_node-5] [WARN] [1771096722.685344551] [rf2o_laser_odometry]: WARNING: Eigensolver couldn't find a solution. Pose is not updated
[rf2o_laser_odometry_node-5] [WARN] [1771096722.733663301] [rf2o_laser_odometry]: Waiting for laser_scans....
[rf2o_laser_odometry_node-5] [WARN] [1771096722.785762861] [rf2o_laser_odometry]: WARNING: Eigensolver couldn't find a solution. Pose is not updated
[rf2o_laser_odometry_node-5] [WARN] [1771096722.833639531] [rf2o_laser_odometry]: Waiting for laser_scans....
[rf2o_laser_odometry_node-5] [WARN] [1771096722.885932321] [rf2o_laser_odometry]: WARNING: Eigensolver couldn't find a solution. Pose is not updated
[rf2o_laser_odometry_node-5] [WARN] [1771096722.933656621] [rf2o_laser_odometry]: Waiting for laser_scans....
[rf2o_laser_odometry_node-5] [WARN] [1771096722.987138221] [rf2o_laser_odometry]: WARNING: Eigensolver couldn't find a solution. Pose is not updated
[rf2o_laser_odometry_node-5] [WARN] [1771096723.033695041] [rf2o_laser_odometry]: Waiting for laser_scans....
[rf2o_laser_odometry_node-5] [WARN] [1771096723.083579521] [rf2o_laser_odometry]: Waiting for laser_scans....
[rf2o_laser_odometry_node-5] [WARN] [1771096723.135275431] [rf2o_laser_odometry]: WARNING: Eigensolver couldn't find a solution. Pose is not updated
[rf2o_laser_odometry_node-5] [WARN] [1771096723.185042371] [rf2o_laser_odometry]: WARNING: Eigensolver couldn't find a solution. Pose is not updated
[rf2o_laser_odometry_node-5] [WARN] [1771096723.233618521] [rf2o_laser_odometry]: Waiting for laser_scans....
[rf2o_laser_odometry_node-5] [WARN] [1771096723.283628731] [rf2o_laser_odometry]: Waiting for laser_scans....
[rf2o_laser_odometry_node-5] [WARN] [1771096723.334885081] [rf2o_laser_odometry]: WARNING: Eigensolver couldn't find a solution. Pose is not updated
[rf2o_laser_odometry_node-5] [WARN] [1771096723.383602801] [rf2o_laser_odometry]: Waiting for laser_scans....
[rf2o_laser_odometry_node-5] [WARN] [1771096723.435266131] [rf2o_laser_odometry]: WARNING: Eigensolver couldn't find a solution. Pose is not updated
[rf2o_laser_odometry_node-5] [WARN] [1771096723.483593161] [rf2o_laser_odometry]: Waiting for laser_scans....
[rf2o_laser_odometry_node-5] [WARN] [1771096723.535252081] [rf2o_laser_odometry]: WARNING: Eigensolver couldn't find a solution. Pose is not updated
[rf2o_laser_odometry_node-5] [WARN] [1771096723.583620241] [rf2o_laser_odometry]: Waiting for laser_scans....
[rf2o_laser_odometry_node-5] [WARN] [1771096723.635373661] [rf2o_laser_odometry]: WARNING: Eigensolver couldn't find a solution. Pose is not updated
[rf2o_laser_odometry_node-5] [WARN] [1771096723.684762331] [rf2o_laser_odometry]: Waiting for laser_scans....
[rf2o_laser_odometry_node-5] [WARN] [1771096723.735707911] [rf2o_laser_odometry]: WARNING: Eigensolver couldn't find a solution. Pose is not updated
[rf2o_laser_odometry_node-5] [WARN] [1771096723.783644701] [rf2o_laser_odometry]: Waiting for laser_scans....
[rf2o_laser_odometry_node-5] [WARN] [1771096723.835124971] [rf2o_laser_odometry]: WARNING: Eigensolver couldn't find a solution. Pose is not updated
[rf2o_laser_odometry_node-5] [WARN] [1771096723.883722541] [rf2o_laser_odometry]: Waiting for laser_scans....
[frontier_explore-19] [INFO] [1771096723.885938611] [frontier_explore]: Clearing costmaps to recover from planner failures
[rf2o_laser_odometry_node-5] [WARN] [1771096723.935048731] [rf2o_laser_odometry]: WARNING: Eigensolver couldn't find a solution. Pose is not updated
[frontier_explore-19] [INFO] [1771096723.972714541] [frontier_explore]: Goal #4: x=-0.83 y=-2.29 dist=1.5m
[rf2o_laser_odometry_node-5] [WARN] [1771096723.983722531] [rf2o_laser_odometry]: Waiting for laser_scans....
[rf2o_laser_odometry_node-5] [WARN] [1771096724.035271291] [rf2o_laser_odometry]: WARNING: Eigensolver couldn't find a solution. Pose is not updated
[rf2o_laser_odometry_node-5] [WARN] [1771096724.083614881] [rf2o_laser_odometry]: Waiting for laser_scans....
[rf2o_laser_odometry_node-5] [WARN] [1771096724.135356151] [rf2o_laser_odometry]: WARNING: Eigensolver couldn't find a solution. Pose is not updated
[rf2o_laser_odometry_node-5] [WARN] [1771096724.183621081] [rf2o_laser_odometry]: Waiting for laser_scans....
[rf2o_laser_odometry_node-5] [INFO] [1771096724.246620541] [rf2o_laser_odometry]: execution time (ms): 12.000000
[rf2o_laser_odometry_node-5] [INFO] [1771096724.246849411] [rf2o_laser_odometry]: Laser odom [x,y,yaw]=[-2.027434 -2.016840 -1.084088]
[rf2o_laser_odometry_node-5] [INFO] [1771096724.246899901] [rf2o_laser_odometry]: Robot-base odom [x,y,yaw]=[-2.074206 -1.928453 -1.084088]
[rf2o_laser_odometry_node-5] [WARN] [1771096724.283585971] [rf2o_laser_odometry]: Waiting for laser_scans....
[rf2o_laser_odometry_node-5] [INFO] [1771096724.348657141] [rf2o_laser_odometry]: execution time (ms): 16.000000
[rf2o_laser_odometry_node-5] [INFO] [1771096724.349391361] [rf2o_laser_odometry]: Laser odom [x,y,yaw]=[-2.023842 -2.022662 -1.079456]
[rf2o_laser_odometry_node-5] [INFO] [1771096724.349447341] [rf2o_laser_odometry]: Robot-base odom [x,y,yaw]=[-2.071023 -1.934492 -1.079456]
[rf2o_laser_odometry_node-5] [WARN] [1771096724.383733291] [rf2o_laser_odometry]: Waiting for laser_scans....
[rf2o_laser_odometry_node-5] [INFO] [1771096724.444580941] [rf2o_laser_odometry]: execution time (ms): 8.000000
[rf2o_laser_odometry_node-5] [INFO] [1771096724.444782901] [rf2o_laser_odometry]: Laser odom [x,y,yaw]=[-2.019749 -2.028771 -1.071658]
[rf2o_laser_odometry_node-5] [INFO] [1771096724.444827091] [rf2o_laser_odometry]: Robot-base odom [x,y,yaw]=[-2.067616 -1.940972 -1.071658]
[rf2o_laser_odometry_node-5] [WARN] [1771096724.483651921] [rf2o_laser_odometry]: Waiting for laser_scans....
[rf2o_laser_odometry_node-5] [INFO] [1771096724.548053131] [rf2o_laser_odometry]: execution time (ms): 12.000000
[rf2o_laser_odometry_node-5] [INFO] [1771096724.548239161] [rf2o_laser_odometry]: Laser odom [x,y,yaw]=[-2.015429 -2.034589 -1.062978]
[rf2o_laser_odometry_node-5] [INFO] [1771096724.548281731] [rf2o_laser_odometry]: Robot-base odom [x,y,yaw]=[-2.064056 -1.947209 -1.062978]
[rf2o_laser_odometry_node-5] [WARN] [1771096724.583633821] [rf2o_laser_odometry]: Waiting for laser_scans....
[rf2o_laser_odometry_node-5] [INFO] [1771096724.646625811] [rf2o_laser_odometry]: execution time (ms): 12.000000
[rf2o_laser_odometry_node-5] [INFO] [1771096724.647343651] [rf2o_laser_odometry]: Laser odom [x,y,yaw]=[-2.010830 -2.040207 -1.053323]
[rf2o_laser_odometry_node-5] [INFO] [1771096724.647408271] [rf2o_laser_odometry]: Robot-base odom [x,y,yaw]=[-2.060298 -1.953300 -1.053323]
[rf2o_laser_odometry_node-5] [WARN] [1771096724.683603121] [rf2o_laser_odometry]: Waiting for laser_scans....
[rf2o_laser_odometry_node-5] [INFO] [1771096724.745974741] [rf2o_laser_odometry]: execution time (ms): 12.000000
[rf2o_laser_odometry_node-5] [INFO] [1771096724.746129811] [rf2o_laser_odometry]: Laser odom [x,y,yaw]=[-2.005977 -2.045638 -1.043151]
[rf2o_laser_odometry_node-5] [INFO] [1771096724.746169141] [rf2o_laser_odometry]: Robot-base odom [x,y,yaw]=[-2.056327 -1.959238 -1.043151]
[rf2o_laser_odometry_node-5] [WARN] [1771096724.783607341] [rf2o_laser_odometry]: Waiting for laser_scans....
[rf2o_laser_odometry_node-5] [INFO] [1771096724.844229811] [rf2o_laser_odometry]: execution time (ms): 12.000000
[rf2o_laser_odometry_node-5] [INFO] [1771096724.844424751] [rf2o_laser_odometry]: Laser odom [x,y,yaw]=[-2.000887 -2.050909 -1.032315]
[rf2o_laser_odometry_node-5] [INFO] [1771096724.844457241] [rf2o_laser_odometry]: Robot-base odom [x,y,yaw]=[-2.052171 -1.965060 -1.032315]
[rf2o_laser_odometry_node-5] [WARN] [1771096724.883713981] [rf2o_laser_odometry]: Waiting for laser_scans....
[rf2o_laser_odometry_node-5] [INFO] [1771096724.945914421] [rf2o_laser_odometry]: execution time (ms): 12.000000
[rf2o_laser_odometry_node-5] [INFO] [1771096724.946056081] [rf2o_laser_odometry]: Laser odom [x,y,yaw]=[-1.995527 -2.056080 -1.021052]
[rf2o_laser_odometry_node-5] [INFO] [1771096724.946084881] [rf2o_laser_odometry]: Robot-base odom [x,y,yaw]=[-2.047773 -1.970814 -1.021052]
[rf2o_laser_odometry_node-5] [WARN] [1771096724.983636571] [rf2o_laser_odometry]: Waiting for laser_scans....
[rf2o_laser_odometry_node-5] [INFO] [1771096725.044515091] [rf2o_laser_odometry]: execution time (ms): 12.000000
[rf2o_laser_odometry_node-5] [INFO] [1771096725.044638661] [rf2o_laser_odometry]: Laser odom [x,y,yaw]=[-1.990005 -2.061081 -1.009067]
[rf2o_laser_odometry_node-5] [INFO] [1771096725.044663681] [rf2o_laser_odometry]: Robot-base odom [x,y,yaw]=[-2.043270 -1.976447 -1.009067]
[rf2o_laser_odometry_node-5] [WARN] [1771096725.083730521] [rf2o_laser_odometry]: Waiting for laser_scans....
[rf2o_laser_odometry_node-5] [INFO] [1771096725.144595721] [rf2o_laser_odometry]: execution time (ms): 12.000000
[rf2o_laser_odometry_node-5] [INFO] [1771096725.146794151] [rf2o_laser_odometry]: Laser odom [x,y,yaw]=[-1.984245 -2.065996 -0.996690]
[rf2o_laser_odometry_node-5] [INFO] [1771096725.146875151] [rf2o_laser_odometry]: Robot-base odom [x,y,yaw]=[-2.038554 -1.982029 -0.996690]
[rf2o_laser_odometry_node-5] [WARN] [1771096725.183593531] [rf2o_laser_odometry]: Waiting for laser_scans....
[rf2o_laser_odometry_node-5] [INFO] [1771096725.245677871] [rf2o_laser_odometry]: execution time (ms): 12.000000
[rf2o_laser_odometry_node-5] [INFO] [1771096725.246749051] [rf2o_laser_odometry]: Laser odom [x,y,yaw]=[-1.978067 -2.070971 -0.984581]
[rf2o_laser_odometry_node-5] [INFO] [1771096725.246816821] [rf2o_laser_odometry]: Robot-base odom [x,y,yaw]=[-2.033389 -1.987667 -0.984581]
[rf2o_laser_odometry_node-5] [WARN] [1771096725.284253941] [rf2o_laser_odometry]: Waiting for laser_scans....
[rf2o_laser_odometry_node-5] [INFO] [1771096725.345051281] [rf2o_laser_odometry]: execution time (ms): 8.000000
[rf2o_laser_odometry_node-5] [INFO] [1771096725.346450961] [rf2o_laser_odometry]: Laser odom [x,y,yaw]=[-1.971740 -2.075806 -0.971971]
[rf2o_laser_odometry_node-5] [INFO] [1771096725.346541591] [rf2o_laser_odometry]: Robot-base odom [x,y,yaw]=[-2.028107 -1.993206 -0.971971]
[rf2o_laser_odometry_node-5] [WARN] [1771096725.383608721] [rf2o_laser_odometry]: Waiting for laser_scans....
[rf2o_laser_odometry_node-5] [INFO] [1771096725.444491201] [rf2o_laser_odometry]: execution time (ms): 4.000000
[rf2o_laser_odometry_node-5] [INFO] [1771096725.444654821] [rf2o_laser_odometry]: Laser odom [x,y,yaw]=[-1.965333 -2.080459 -0.958634]
[rf2o_laser_odometry_node-5] [INFO] [1771096725.444689741] [rf2o_laser_odometry]: Robot-base odom [x,y,yaw]=[-2.022797 -1.998619 -0.958634]
[rf2o_laser_odometry_node-5] [WARN] [1771096725.483668831] [rf2o_laser_odometry]: Waiting for laser_scans....
[rf2o_laser_odometry_node-5] [WARN] [1771096725.535103111] [rf2o_laser_odometry]: Waiting for laser_scans....
[rf2o_laser_odometry_node-5] [INFO] [1771096725.601015511] [rf2o_laser_odometry]: execution time (ms): 16.000000
[rf2o_laser_odometry_node-5] [INFO] [1771096725.601220981] [rf2o_laser_odometry]: Laser odom [x,y,yaw]=[-1.958265 -2.085339 -0.944754]
[rf2o_laser_odometry_node-5] [INFO] [1771096725.601267061] [rf2o_laser_odometry]: Robot-base odom [x,y,yaw]=[-2.016859 -2.004304 -0.944754]
[rf2o_laser_odometry_node-5] [WARN] [1771096725.634097711] [rf2o_laser_odometry]: Waiting for laser_scans....
[rf2o_laser_odometry_node-5] [INFO] [1771096725.695515331] [rf2o_laser_odometry]: execution time (ms): 12.000000
[rf2o_laser_odometry_node-5] [INFO] [1771096725.695665901] [rf2o_laser_odometry]: Laser odom [x,y,yaw]=[-1.950783 -2.090138 -0.930657]
[rf2o_laser_odometry_node-5] [INFO] [1771096725.695694251] [rf2o_laser_odometry]: Robot-base odom [x,y,yaw]=[-2.010514 -2.009937 -0.930657]
[rf2o_laser_odometry_node-5] [WARN] [1771096725.733692791] [rf2o_laser_odometry]: Waiting for laser_scans....
[rf2o_laser_odometry_node-5] [INFO] [1771096725.796266641] [rf2o_laser_odometry]: execution time (ms): 16.000000
[rf2o_laser_odometry_node-5] [INFO] [1771096725.796478231] [rf2o_laser_odometry]: Laser odom [x,y,yaw]=[-1.943197 -2.094700 -0.916301]
[rf2o_laser_odometry_node-5] [INFO] [1771096725.796528181] [rf2o_laser_odometry]: Robot-base odom [x,y,yaw]=[-2.004073 -2.015365 -0.916301]
[rf2o_laser_odometry_node-5] [WARN] [1771096725.833660201] [rf2o_laser_odometry]: Waiting for laser_scans....
[rf2o_laser_odometry_node-5] [INFO] [1771096725.894980081] [rf2o_laser_odometry]: execution time (ms): 12.000000
[rf2o_laser_odometry_node-5] [INFO] [1771096725.895116071] [rf2o_laser_odometry]: Laser odom [x,y,yaw]=[-1.935497 -2.099063 -0.901632]
[rf2o_laser_odometry_node-5] [INFO] [1771096725.895141001] [rf2o_laser_odometry]: Robot-base odom [x,y,yaw]=[-1.997530 -2.020629 -0.901632]
[rf2o_laser_odometry_node-5] [WARN] [1771096725.933627791] [rf2o_laser_odometry]: Waiting for laser_scans....
[frontier_explore-19] [INFO] [1771096725.936407171] [frontier_explore]: Costmap clearing cooldown complete
[rf2o_laser_odometry_node-5] [INFO] [1771096725.994726091] [rf2o_laser_odometry]: execution time (ms): 12.000000
[rf2o_laser_odometry_node-5] [INFO] [1771096725.994881431] [rf2o_laser_odometry]: Laser odom [x,y,yaw]=[-1.927631 -2.103263 -0.886574]
[rf2o_laser_odometry_node-5] [INFO] [1771096725.994921841] [rf2o_laser_odometry]: Robot-base odom [x,y,yaw]=[-1.990838 -2.025772 -0.886574]
[rf2o_laser_odometry_node-5] [WARN] [1771096726.033778441] [rf2o_laser_odometry]: Waiting for laser_scans....
[rf2o_laser_odometry_node-5] [INFO] [1771096726.098675821] [rf2o_laser_odometry]: execution time (ms): 12.000000
[rf2o_laser_odometry_node-5] [INFO] [1771096726.100055881] [rf2o_laser_odometry]: Laser odom [x,y,yaw]=[-1.919593 -2.107296 -0.871137]
[rf2o_laser_odometry_node-5] [INFO] [1771096726.100994581] [rf2o_laser_odometry]: Robot-base odom [x,y,yaw]=[-1.983988 -2.030790 -0.871137]
[rf2o_laser_odometry_node-5] [WARN] [1771096726.133663591] [rf2o_laser_odometry]: Waiting for laser_scans....
[rf2o_laser_odometry_node-5] [INFO] [1771096726.194986351] [rf2o_laser_odometry]: execution time (ms): 12.000000
[rf2o_laser_odometry_node-5] [INFO] [1771096726.195152401] [rf2o_laser_odometry]: Laser odom [x,y,yaw]=[-1.911456 -2.111036 -0.855496]
[rf2o_laser_odometry_node-5] [INFO] [1771096726.195229711] [rf2o_laser_odometry]: Robot-base odom [x,y,yaw]=[-1.977041 -2.035546 -0.855496]
[rf2o_laser_odometry_node-5] [WARN] [1771096726.233684011] [rf2o_laser_odometry]: Waiting for laser_scans....
[rf2o_laser_odometry_node-5] [WARN] [1771096726.283603591] [rf2o_laser_odometry]: Waiting for laser_scans....
[rf2o_laser_odometry_node-5] [INFO] [1771096726.351016651] [rf2o_laser_odometry]: execution time (ms): 20.000000
[rf2o_laser_odometry_node-5] [INFO] [1771096726.351174241] [rf2o_laser_odometry]: Laser odom [x,y,yaw]=[-1.903172 -2.114641 -0.839573]
[rf2o_laser_odometry_node-5] [INFO] [1771096726.351217261] [rf2o_laser_odometry]: Robot-base odom [x,y,yaw]=[-1.969951 -2.040205 -0.839573]
[rf2o_laser_odometry_node-5] [INFO] [1771096726.402460381] [rf2o_laser_odometry]: execution time (ms): 16.000000
[rf2o_laser_odometry_node-5] [INFO] [1771096726.403463521] [rf2o_laser_odometry]: Laser odom [x,y,yaw]=[-1.894690 -2.118067 -0.822658]
[rf2o_laser_odometry_node-5] [INFO] [1771096726.404386201] [rf2o_laser_odometry]: Robot-base odom [x,y,yaw]=[-1.962717 -2.044771 -0.822658]
[rf2o_laser_odometry_node-5] [WARN] [1771096726.433588591] [rf2o_laser_odometry]: Waiting for laser_scans....
[rf2o_laser_odometry_node-5] [INFO] [1771096726.496641781] [rf2o_laser_odometry]: execution time (ms): 12.000000
[rf2o_laser_odometry_node-5] [INFO] [1771096726.496886401] [rf2o_laser_odometry]: Laser odom [x,y,yaw]=[-1.886135 -2.121331 -0.806067]
[rf2o_laser_odometry_node-5] [INFO] [1771096726.496939141] [rf2o_laser_odometry]: Robot-base odom [x,y,yaw]=[-1.955370 -2.049174 -0.806067]
[rf2o_laser_odometry_node-5] [WARN] [1771096726.533635741] [rf2o_laser_odometry]: Waiting for laser_scans....
[rf2o_laser_odometry_node-5] [INFO] [1771096726.600006691] [rf2o_laser_odometry]: execution time (ms): 16.000000
[rf2o_laser_odometry_node-5] [INFO] [1771096726.600183991] [rf2o_laser_odometry]: Laser odom [x,y,yaw]=[-1.877487 -2.124513 -0.789408]
[rf2o_laser_odometry_node-5] [INFO] [1771096726.600239791] [rf2o_laser_odometry]: Robot-base odom [x,y,yaw]=[-1.947914 -2.053519 -0.789408]
[rf2o_laser_odometry_node-5] [WARN] [1771096726.633768571] [rf2o_laser_odometry]: Waiting for laser_scans....
[rf2o_laser_odometry_node-5] [INFO] [1771096726.694628641] [rf2o_laser_odometry]: execution time (ms): 8.000000
[rf2o_laser_odometry_node-5] [INFO] [1771096726.694747981] [rf2o_laser_odometry]: Laser odom [x,y,yaw]=[-1.868713 -2.127581 -0.772620]
[rf2o_laser_odometry_node-5] [INFO] [1771096726.694788121] [rf2o_laser_odometry]: Robot-base odom [x,y,yaw]=[-1.940321 -2.057779 -0.772620]
[rf2o_laser_odometry_node-5] [WARN] [1771096726.733664251] [rf2o_laser_odometry]: Waiting for laser_scans....
[rf2o_laser_odometry_node-5] [INFO] [1771096726.796038031] [rf2o_laser_odometry]: execution time (ms): 12.000000
[rf2o_laser_odometry_node-5] [INFO] [1771096726.797019571] [rf2o_laser_odometry]: Laser odom [x,y,yaw]=[-1.859817 -2.130533 -0.755632]
[rf2o_laser_odometry_node-5] [INFO] [1771096726.797077261] [rf2o_laser_odometry]: Robot-base odom [x,y,yaw]=[-1.932601 -2.061958 -0.755632]
[rf2o_laser_odometry_node-5] [WARN] [1771096726.833600791] [rf2o_laser_odometry]: Waiting for laser_scans....
[rf2o_laser_odometry_node-5] [INFO] [1771096726.894754621] [rf2o_laser_odometry]: execution time (ms): 8.000000
[rf2o_laser_odometry_node-5] [INFO] [1771096726.894974311] [rf2o_laser_odometry]: Laser odom [x,y,yaw]=[-1.850426 -2.133408 -0.737664]
[rf2o_laser_odometry_node-5] [INFO] [1771096726.895121461] [rf2o_laser_odometry]: Robot-base odom [x,y,yaw]=[-1.924430 -2.066151 -0.737664]
[rf2o_laser_odometry_node-5] [WARN] [1771096726.933652801] [rf2o_laser_odometry]: Waiting for laser_scans....
[rf2o_laser_odometry_node-5] [INFO] [1771096726.996170671] [rf2o_laser_odometry]: execution time (ms): 8.000000
[rf2o_laser_odometry_node-5] [INFO] [1771096726.996348511] [rf2o_laser_odometry]: Laser odom [x,y,yaw]=[-1.840721 -2.135919 -0.718345]
[rf2o_laser_odometry_node-5] [INFO] [1771096726.996397561] [rf2o_laser_odometry]: Robot-base odom [x,y,yaw]=[-1.916011 -2.070105 -0.718345]
[rf2o_laser_odometry_node-5] [WARN] [1771096727.033646491] [rf2o_laser_odometry]: Waiting for laser_scans....
[rf2o_laser_odometry_node-5] [INFO] [1771096727.094353471] [rf2o_laser_odometry]: execution time (ms): 12.000000
[rf2o_laser_odometry_node-5] [INFO] [1771096727.094572441] [rf2o_laser_odometry]: Laser odom [x,y,yaw]=[-1.831013 -2.138255 -0.698334]
[rf2o_laser_odometry_node-5] [INFO] [1771096727.094616091] [rf2o_laser_odometry]: Robot-base odom [x,y,yaw]=[-1.907605 -2.073960 -0.698334]
[rf2o_laser_odometry_node-5] [WARN] [1771096727.133622541] [rf2o_laser_odometry]: Waiting for laser_scans....
[rf2o_laser_odometry_node-5] [INFO] [1771096727.196161201] [rf2o_laser_odometry]: execution time (ms): 12.000000
[rf2o_laser_odometry_node-5] [INFO] [1771096727.196283691] [rf2o_laser_odometry]: Laser odom [x,y,yaw]=[-1.821237 -2.140348 -0.677663]
[rf2o_laser_odometry_node-5] [INFO] [1771096727.196308171] [rf2o_laser_odometry]: Robot-base odom [x,y,yaw]=[-1.899141 -2.077651 -0.677663]
[rf2o_laser_odometry_node-5] [WARN] [1771096727.233749161] [rf2o_laser_odometry]: Waiting for laser_scans....
[rf2o_laser_odometry_node-5] [INFO] [1771096727.295570431] [rf2o_laser_odometry]: execution time (ms): 12.000000
[rf2o_laser_odometry_node-5] [INFO] [1771096727.295832781] [rf2o_laser_odometry]: Laser odom [x,y,yaw]=[-1.811360 -2.142168 -0.656458]
[rf2o_laser_odometry_node-5] [INFO] [1771096727.295880481] [rf2o_laser_odometry]: Robot-base odom [x,y,yaw]=[-1.890575 -2.081136 -0.656458]
[rf2o_laser_odometry_node-5] [WARN] [1771096727.333646731] [rf2o_laser_odometry]: Waiting for laser_scans....
[rf2o_laser_odometry_node-5] [WARN] [1771096727.383876901] [rf2o_laser_odometry]: Waiting for laser_scans....
[rf2o_laser_odometry_node-5] [INFO] [1771096727.449961111] [rf2o_laser_odometry]: execution time (ms): 12.000000
[rf2o_laser_odometry_node-5] [INFO] [1771096727.450179811] [rf2o_laser_odometry]: Laser odom [x,y,yaw]=[-1.801207 -2.143814 -0.635068]
[rf2o_laser_odometry_node-5] [INFO] [1771096727.450237591] [rf2o_laser_odometry]: Robot-base odom [x,y,yaw]=[-1.881710 -2.084491 -0.635068]
[rf2o_laser_odometry_node-5] [WARN] [1771096727.483919371] [rf2o_laser_odometry]: Waiting for laser_scans....
[rf2o_laser_odometry_node-5] [INFO] [1771096727.545614101] [rf2o_laser_odometry]: execution time (ms): 12.000000
[rf2o_laser_odometry_node-5] [INFO] [1771096727.545878071] [rf2o_laser_odometry]: Laser odom [x,y,yaw]=[-1.790835 -2.145303 -0.613272]
[rf2o_laser_odometry_node-5] [INFO] [1771096727.545918031] [rf2o_laser_odometry]: Robot-base odom [x,y,yaw]=[-1.872612 -2.087748 -0.613272]
[rf2o_laser_odometry_node-5] [WARN] [1771096727.583615161] [rf2o_laser_odometry]: Waiting for laser_scans....
[rf2o_laser_odometry_node-5] [INFO] [1771096727.646383771] [rf2o_laser_odometry]: execution time (ms): 12.000000
[rf2o_laser_odometry_node-5] [INFO] [1771096727.646537941] [rf2o_laser_odometry]: Laser odom [x,y,yaw]=[-1.780136 -2.146581 -0.591171]
[rf2o_laser_odometry_node-5] [INFO] [1771096727.646568721] [rf2o_laser_odometry]: Robot-base odom [x,y,yaw]=[-1.863165 -2.090847 -0.591171]
[rf2o_laser_odometry_node-5] [WARN] [1771096727.683778861] [rf2o_laser_odometry]: Waiting for laser_scans....
[rf2o_laser_odometry_node-5] [INFO] [1771096727.744760521] [rf2o_laser_odometry]: execution time (ms): 8.000000
[rf2o_laser_odometry_node-5] [INFO] [1771096727.744918201] [rf2o_laser_odometry]: Laser odom [x,y,yaw]=[-1.769635 -2.147655 -0.568488]
[rf2o_laser_odometry_node-5] [INFO] [1771096727.744959241] [rf2o_laser_odometry]: Robot-base odom [x,y,yaw]=[-1.853906 -2.093819 -0.568488]
[rf2o_laser_odometry_node-5] [WARN] [1771096727.783609831] [rf2o_laser_odometry]: Waiting for laser_scans....
[rf2o_laser_odometry_node-5] [INFO] [1771096727.845517681] [rf2o_laser_odometry]: execution time (ms): 12.000000
[rf2o_laser_odometry_node-5] [INFO] [1771096727.845756361] [rf2o_laser_odometry]: Laser odom [x,y,yaw]=[-1.758997 -2.148573 -0.545239]
[rf2o_laser_odometry_node-5] [INFO] [1771096727.845794611] [rf2o_laser_odometry]: Robot-base odom [x,y,yaw]=[-1.844497 -2.096710 -0.545239]
[rf2o_laser_odometry_node-5] [WARN] [1771096727.883682631] [rf2o_laser_odometry]: Waiting for laser_scans....
[rf2o_laser_odometry_node-5] [WARN] [1771096727.933624261] [rf2o_laser_odometry]: Waiting for laser_scans....
[rf2o_laser_odometry_node-5] [INFO] [1771096727.997193601] [rf2o_laser_odometry]: execution time (ms): 16.000000
[rf2o_laser_odometry_node-5] [INFO] [1771096727.997339851] [rf2o_laser_odometry]: Laser odom [x,y,yaw]=[-1.747902 -2.149231 -0.521857]
[rf2o_laser_odometry_node-5] [INFO] [1771096727.997376841] [rf2o_laser_odometry]: Robot-base odom [x,y,yaw]=[-1.834592 -2.099382 -0.521857]
[rf2o_laser_odometry_node-5] [INFO] [1771096728.046310561] [rf2o_laser_odometry]: execution time (ms): 8.000000
[rf2o_laser_odometry_node-5] [INFO] [1771096728.046550951] [rf2o_laser_odometry]: Laser odom [x,y,yaw]=[-1.736788 -2.149730 -0.497631]
[rf2o_laser_odometry_node-5] [INFO] [1771096728.046614041] [rf2o_laser_odometry]: Robot-base odom [x,y,yaw]=[-1.824659 -2.101995 -0.497631]
[rf2o_laser_odometry_node-5] [WARN] [1771096728.083683781] [rf2o_laser_odometry]: Waiting for laser_scans....
[rf2o_laser_odometry_node-5] [INFO] [1771096728.157485221] [rf2o_laser_odometry]: execution time (ms): 16.000000
[rf2o_laser_odometry_node-5] [INFO] [1771096728.163575881] [rf2o_laser_odometry]: Laser odom [x,y,yaw]=[-1.725471 -2.150047 -0.472303]
[rf2o_laser_odometry_node-5] [INFO] [1771096728.165641021] [rf2o_laser_odometry]: Robot-base odom [x,y,yaw]=[-1.814523 -2.104553 -0.472303]
[rf2o_laser_odometry_node-5] [WARN] [1771096728.183918401] [rf2o_laser_odometry]: Waiting for laser_scans....
[rf2o_laser_odometry_node-5] [WARN] [1771096728.233690651] [rf2o_laser_odometry]: Waiting for laser_scans....
[rf2o_laser_odometry_node-5] [INFO] [1771096728.299328281] [rf2o_laser_odometry]: execution time (ms): 16.000000
[rf2o_laser_odometry_node-5] [INFO] [1771096728.300661991] [rf2o_laser_odometry]: Laser odom [x,y,yaw]=[-1.713086 -2.150138 -0.443281]
[rf2o_laser_odometry_node-5] [INFO] [1771096728.300733721] [rf2o_laser_odometry]: Robot-base odom [x,y,yaw]=[-1.803421 -2.107247 -0.443281]
[rf2o_laser_odometry_node-5] [WARN] [1771096728.333624041] [rf2o_laser_odometry]: Waiting for laser_scans....
[rf2o_laser_odometry_node-5] [INFO] [1771096728.395470691] [rf2o_laser_odometry]: execution time (ms): 12.000000
[rf2o_laser_odometry_node-5] [INFO] [1771096728.395659961] [rf2o_laser_odometry]: Laser odom [x,y,yaw]=[-1.700256 -2.149805 -0.413204]
[rf2o_laser_odometry_node-5] [INFO] [1771096728.395744921] [rf2o_laser_odometry]: Robot-base odom [x,y,yaw]=[-1.791840 -2.109651 -0.413204]
[rf2o_laser_odometry_node-5] [WARN] [1771096728.433694501] [rf2o_laser_odometry]: Waiting for laser_scans....
[rf2o_laser_odometry_node-5] [INFO] [1771096728.495342071] [rf2o_laser_odometry]: execution time (ms): 12.000000
[rf2o_laser_odometry_node-5] [INFO] [1771096728.495496241] [rf2o_laser_odometry]: Laser odom [x,y,yaw]=[-1.686906 -2.148995 -0.382192]
[rf2o_laser_odometry_node-5] [INFO] [1771096728.495537281] [rf2o_laser_odometry]: Robot-base odom [x,y,yaw]=[-1.779691 -2.111700 -0.382192]
[rf2o_laser_odometry_node-5] [WARN] [1771096728.533580461] [rf2o_laser_odometry]: Waiting for laser_scans....
[rf2o_laser_odometry_node-5] [WARN] [1771096728.583572221] [rf2o_laser_odometry]: Waiting for laser_scans....
[rf2o_laser_odometry_node-5] [INFO] [1771096728.646783811] [rf2o_laser_odometry]: execution time (ms): 4.000000
[rf2o_laser_odometry_node-5] [INFO] [1771096728.646918001] [rf2o_laser_odometry]: Laser odom [x,y,yaw]=[-1.672699 -2.147687 -0.350308]
[rf2o_laser_odometry_node-5] [INFO] [1771096728.646943021] [rf2o_laser_odometry]: Robot-base odom [x,y,yaw]=[-1.766626 -2.113369 -0.350308]
[rf2o_laser_odometry_node-5] [INFO] [1771096728.696288221] [rf2o_laser_odometry]: execution time (ms): 12.000000
[rf2o_laser_odometry_node-5] [INFO] [1771096728.696448331] [rf2o_laser_odometry]: Laser odom [x,y,yaw]=[-1.657627 -2.145846 -0.317266]
[rf2o_laser_odometry_node-5] [INFO] [1771096728.696511871] [rf2o_laser_odometry]: Robot-base odom [x,y,yaw]=[-1.752636 -2.114649 -0.317266]
[rf2o_laser_odometry_node-5] [WARN] [1771096728.733603841] [rf2o_laser_odometry]: Waiting for laser_scans....
[rf2o_laser_odometry_node-5] [INFO] [1771096728.832107761] [rf2o_laser_odometry]: execution time (ms): 24.000000
[rf2o_laser_odometry_node-5] [INFO] [1771096728.833044121] [rf2o_laser_odometry]: Laser odom [x,y,yaw]=[-1.642173 -2.143526 -0.284068]
[rf2o_laser_odometry_node-5] [INFO] [1771096728.833093081] [rf2o_laser_odometry]: Robot-base odom [x,y,yaw]=[-1.738165 -2.115500 -0.284068]
[rf2o_laser_odometry_node-5] [WARN] [1771096728.833701031] [rf2o_laser_odometry]: Waiting for laser_scans....
[rf2o_laser_odometry_node-5] [WARN] [1771096728.883616651] [rf2o_laser_odometry]: Waiting for laser_scans....
[rf2o_laser_odometry_node-5] [INFO] [1771096728.946707461] [rf2o_laser_odometry]: execution time (ms): 12.000000
[rf2o_laser_odometry_node-5] [INFO] [1771096728.946831751] [rf2o_laser_odometry]: Laser odom [x,y,yaw]=[-1.625445 -2.140492 -0.249089]
[rf2o_laser_odometry_node-5] [INFO] [1771096728.946855781] [rf2o_laser_odometry]: Robot-base odom [x,y,yaw]=[-1.722359 -2.115839 -0.249089]
[rf2o_laser_odometry_node-5] [WARN] [1771096728.983659391] [rf2o_laser_odometry]: Waiting for laser_scans....
[rf2o_laser_odometry_node-5] [INFO] [1771096729.046342141] [rf2o_laser_odometry]: execution time (ms): 12.000000
[rf2o_laser_odometry_node-5] [INFO] [1771096729.046500631] [rf2o_laser_odometry]: Laser odom [x,y,yaw]=[-1.608059 -2.136830 -0.213327]
[rf2o_laser_odometry_node-5] [INFO] [1771096729.046534831] [rf2o_laser_odometry]: Robot-base odom [x,y,yaw]=[-1.705792 -2.115659 -0.213327]
[rf2o_laser_odometry_node-5] [WARN] [1771096729.083616811] [rf2o_laser_odometry]: Waiting for laser_scans....
[rf2o_laser_odometry_node-5] [INFO] [1771096729.154721671] [rf2o_laser_odometry]: execution time (ms): 16.000000
[rf2o_laser_odometry_node-5] [INFO] [1771096729.154929031] [rf2o_laser_odometry]: Laser odom [x,y,yaw]=[-1.588868 -2.132214 -0.175065]
[rf2o_laser_odometry_node-5] [INFO] [1771096729.154973221] [rf2o_laser_odometry]: Robot-base odom [x,y,yaw]=[-1.687339 -2.114796 -0.175065]
[rf2o_laser_odometry_node-5] [WARN] [1771096729.183643711] [rf2o_laser_odometry]: Waiting for laser_scans....
[rf2o_laser_odometry_node-5] [INFO] [1771096729.245156101] [rf2o_laser_odometry]: execution time (ms): 12.000000
[rf2o_laser_odometry_node-5] [INFO] [1771096729.246043501] [rf2o_laser_odometry]: Laser odom [x,y,yaw]=[-1.567838 -2.126529 -0.132899]
[rf2o_laser_odometry_node-5] [INFO] [1771096729.246109111] [rf2o_laser_odometry]: Robot-base odom [x,y,yaw]=[-1.666957 -2.113278 -0.132899]
[rf2o_laser_odometry_node-5] [WARN] [1771096729.283597711] [rf2o_laser_odometry]: Waiting for laser_scans....
[rf2o_laser_odometry_node-5] [INFO] [1771096729.355578901] [rf2o_laser_odometry]: execution time (ms): 20.000000
[rf2o_laser_odometry_node-5] [INFO] [1771096729.355730281] [rf2o_laser_odometry]: Laser odom [x,y,yaw]=[-1.545230 -2.119454 -0.086350]
[rf2o_laser_odometry_node-5] [INFO] [1771096729.355768351] [rf2o_laser_odometry]: Robot-base odom [x,y,yaw]=[-1.644857 -2.110829 -0.086350]
[rf2o_laser_odometry_node-5] [WARN] [1771096729.383598241] [rf2o_laser_odometry]: Waiting for laser_scans....
[rf2o_laser_odometry_node-5] [INFO] [1771096729.448241461] [rf2o_laser_odometry]: execution time (ms): 16.000000
[rf2o_laser_odometry_node-5] [INFO] [1771096729.448458361] [rf2o_laser_odometry]: Laser odom [x,y,yaw]=[-1.521892 -2.111507 -0.040322]
[rf2o_laser_odometry_node-5] [INFO] [1771096729.448519291] [rf2o_laser_odometry]: Robot-base odom [x,y,yaw]=[-1.621810 -2.107476 -0.040322]
[rf2o_laser_odometry_node-5] [WARN] [1771096729.483634501] [rf2o_laser_odometry]: Waiting for laser_scans....
[rf2o_laser_odometry_node-5] [INFO] [1771096729.546859321] [rf2o_laser_odometry]: execution time (ms): 12.000000
[rf2o_laser_odometry_node-5] [INFO] [1771096729.547007911] [rf2o_laser_odometry]: Laser odom [x,y,yaw]=[-1.498521 -2.103426 0.001390]
[rf2o_laser_odometry_node-5] [INFO] [1771096729.547035091] [rf2o_laser_odometry]: Robot-base odom [x,y,yaw]=[-1.598521 -2.103565 0.001390]
[rf2o_laser_odometry_node-5] [WARN] [1771096729.583612711] [rf2o_laser_odometry]: Waiting for laser_scans....
[rf2o_laser_odometry_node-5] [INFO] [1771096729.646643491] [rf2o_laser_odometry]: execution time (ms): 12.000000
[rf2o_laser_odometry_node-5] [INFO] [1771096729.646961191] [rf2o_laser_odometry]: Laser odom [x,y,yaw]=[-1.476282 -2.095579 0.039015]
[rf2o_laser_odometry_node-5] [INFO] [1771096729.647015461] [rf2o_laser_odometry]: Robot-base odom [x,y,yaw]=[-1.576206 -2.099480 0.039015]
[rf2o_laser_odometry_node-5] [WARN] [1771096729.683657971] [rf2o_laser_odometry]: Waiting for laser_scans....
[rf2o_laser_odometry_node-5] [INFO] [1771096729.745649071] [rf2o_laser_odometry]: execution time (ms): 12.000000
[rf2o_laser_odometry_node-5] [INFO] [1771096729.745774531] [rf2o_laser_odometry]: Laser odom [x,y,yaw]=[-1.455497 -2.088046 0.071024]
[rf2o_laser_odometry_node-5] [INFO] [1771096729.745799461] [rf2o_laser_odometry]: Robot-base odom [x,y,yaw]=[-1.555244 -2.095143 0.071024]
[rf2o_laser_odometry_node-5] [WARN] [1771096729.783578401] [rf2o_laser_odometry]: Waiting for laser_scans....
[rf2o_laser_odometry_node-5] [WARN] [1771096729.833584201] [rf2o_laser_odometry]: Waiting for laser_scans....
[rviz2-10] [INFO] [1771096729.848247451] [rviz2]: Trying to create a map of size 121 x 180 using 1 swatches
[rf2o_laser_odometry_node-5] [INFO] [1771096729.895958791] [rf2o_laser_odometry]: execution time (ms): 12.000000
[rf2o_laser_odometry_node-5] [INFO] [1771096729.896089651] [rf2o_laser_odometry]: Laser odom [x,y,yaw]=[-1.434297 -2.080944 0.098334]
[rf2o_laser_odometry_node-5] [INFO] [1771096729.896114671] [rf2o_laser_odometry]: Robot-base odom [x,y,yaw]=[-1.533814 -2.090761 0.098334]
[rf2o_laser_odometry_node-5] [INFO] [1771096729.956488921] [rf2o_laser_odometry]: execution time (ms): 24.000000
[rf2o_laser_odometry_node-5] [INFO] [1771096729.956665591] [rf2o_laser_odometry]: Laser odom [x,y,yaw]=[-1.412280 -2.073968 0.120991]
[rf2o_laser_odometry_node-5] [INFO] [1771096729.956720131] [rf2o_laser_odometry]: Robot-base odom [x,y,yaw]=[-1.511549 -2.086038 0.120991]
[rf2o_laser_odometry_node-5] [WARN] [1771096729.983603941] [rf2o_laser_odometry]: Waiting for laser_scans....
[rf2o_laser_odometry_node-5] [WARN] [1771096730.033668961] [rf2o_laser_odometry]: Waiting for laser_scans....
[rf2o_laser_odometry_node-5] [INFO] [1771096730.100045401] [rf2o_laser_odometry]: execution time (ms): 16.000000
[rf2o_laser_odometry_node-5] [INFO] [1771096730.100257171] [rf2o_laser_odometry]: Laser odom [x,y,yaw]=[-1.392396 -2.067991 0.136907]
[rf2o_laser_odometry_node-5] [INFO] [1771096730.100321791] [rf2o_laser_odometry]: Robot-base odom [x,y,yaw]=[-1.491461 -2.081639 0.136907]
[rf2o_laser_odometry_node-5] [WARN] [1771096730.134097081] [rf2o_laser_odometry]: Waiting for laser_scans....
[rf2o_laser_odometry_node-5] [INFO] [1771096730.201691131] [rf2o_laser_odometry]: execution time (ms): 12.000000
[rf2o_laser_odometry_node-5] [INFO] [1771096730.201859071] [rf2o_laser_odometry]: Laser odom [x,y,yaw]=[-1.375553 -2.063709 0.146758]
[rf2o_laser_odometry_node-5] [INFO] [1771096730.201925851] [rf2o_laser_odometry]: Robot-base odom [x,y,yaw]=[-1.474478 -2.078333 0.146758]
[rf2o_laser_odometry_node-5] [WARN] [1771096730.233670471] [rf2o_laser_odometry]: Waiting for laser_scans....
[rf2o_laser_odometry_node-5] [INFO] [1771096730.296275821] [rf2o_laser_odometry]: execution time (ms): 12.000000
[rf2o_laser_odometry_node-5] [INFO] [1771096730.296449611] [rf2o_laser_odometry]: Laser odom [x,y,yaw]=[-1.360511 -2.060375 0.152028]
[rf2o_laser_odometry_node-5] [INFO] [1771096730.296477241] [rf2o_laser_odometry]: Robot-base odom [x,y,yaw]=[-1.459357 -2.075519 0.152028]
[rf2o_laser_odometry_node-5] [WARN] [1771096730.333728781] [rf2o_laser_odometry]: Waiting for laser_scans....
[rf2o_laser_odometry_node-5] [INFO] [1771096730.395142711] [rf2o_laser_odometry]: execution time (ms): 12.000000
[rf2o_laser_odometry_node-5] [INFO] [1771096730.395310831] [rf2o_laser_odometry]: Laser odom [x,y,yaw]=[-1.345830 -2.058063 0.150563]
[rf2o_laser_odometry_node-5] [INFO] [1771096730.395350791] [rf2o_laser_odometry]: Robot-base odom [x,y,yaw]=[-1.444699 -2.073062 0.150563]
[rf2o_laser_odometry_node-5] [WARN] [1771096730.433600071] [rf2o_laser_odometry]: Waiting for laser_scans....
[rf2o_laser_odometry_node-5] [INFO] [1771096730.502924461] [rf2o_laser_odometry]: execution time (ms): 20.000000
[rf2o_laser_odometry_node-5] [INFO] [1771096730.503191761] [rf2o_laser_odometry]: Laser odom [x,y,yaw]=[-1.333118 -2.056599 0.148380]
[rf2o_laser_odometry_node-5] [INFO] [1771096730.503236311] [rf2o_laser_odometry]: Robot-base odom [x,y,yaw]=[-1.432019 -2.071383 0.148380]
[rf2o_laser_odometry_node-5] [WARN] [1771096730.533645961] [rf2o_laser_odometry]: Waiting for laser_scans....
[rf2o_laser_odometry_node-5] [INFO] [1771096730.595870791] [rf2o_laser_odometry]: execution time (ms): 12.000000
[rf2o_laser_odometry_node-5] [INFO] [1771096730.595997151] [rf2o_laser_odometry]: Laser odom [x,y,yaw]=[-1.317019 -2.055418 0.143583]
[rf2o_laser_odometry_node-5] [INFO] [1771096730.596021991] [rf2o_laser_odometry]: Robot-base odom [x,y,yaw]=[-1.415990 -2.069727 0.143583]
[rf2o_laser_odometry_node-5] [WARN] [1771096730.633622011] [rf2o_laser_odometry]: Waiting for laser_scans....
[rf2o_laser_odometry_node-5] [INFO] [1771096730.700675431] [rf2o_laser_odometry]: execution time (ms): 12.000000
[rf2o_laser_odometry_node-5] [INFO] [1771096730.700842291] [rf2o_laser_odometry]: Laser odom [x,y,yaw]=[-1.299118 -2.054741 0.136541]
[rf2o_laser_odometry_node-5] [INFO] [1771096730.700881801] [rf2o_laser_odometry]: Robot-base odom [x,y,yaw]=[-1.398187 -2.068353 0.136541]
[rf2o_laser_odometry_node-5] [WARN] [1771096730.733689771] [rf2o_laser_odometry]: Waiting for laser_scans....
[rf2o_laser_odometry_node-5] [INFO] [1771096730.796041591] [rf2o_laser_odometry]: execution time (ms): 12.000000
[rf2o_laser_odometry_node-5] [INFO] [1771096730.796500591] [rf2o_laser_odometry]: Laser odom [x,y,yaw]=[-1.281609 -2.054635 0.127772]
[rf2o_laser_odometry_node-5] [INFO] [1771096730.796562061] [rf2o_laser_odometry]: Robot-base odom [x,y,yaw]=[-1.380794 -2.067377 0.127772]
[rf2o_laser_odometry_node-5] [WARN] [1771096730.833673021] [rf2o_laser_odometry]: Waiting for laser_scans....
[rf2o_laser_odometry_node-5] [INFO] [1771096730.896732151] [rf2o_laser_odometry]: execution time (ms): 8.000000
[rf2o_laser_odometry_node-5] [INFO] [1771096730.896916831] [rf2o_laser_odometry]: Laser odom [x,y,yaw]=[-1.264157 -2.055084 0.117753]
[rf2o_laser_odometry_node-5] [INFO] [1771096730.896961651] [rf2o_laser_odometry]: Robot-base odom [x,y,yaw]=[-1.363465 -2.066832 0.117753]
[rf2o_laser_odometry_node-5] [WARN] [1771096730.935796201] [rf2o_laser_odometry]: Waiting for laser_scans....
[rf2o_laser_odometry_node-5] [INFO] [1771096731.008136221] [rf2o_laser_odometry]: execution time (ms): 20.000000
[rf2o_laser_odometry_node-5] [INFO] [1771096731.008317571] [rf2o_laser_odometry]: Laser odom [x,y,yaw]=[-1.246483 -2.056101 0.105974]
[rf2o_laser_odometry_node-5] [INFO] [1771096731.008364731] [rf2o_laser_odometry]: Robot-base odom [x,y,yaw]=[-1.345922 -2.066679 0.105974]
[rf2o_laser_odometry_node-5] [WARN] [1771096731.033633851] [rf2o_laser_odometry]: Waiting for laser_scans....
[rf2o_laser_odometry_node-5] [INFO] [1771096731.095719361] [rf2o_laser_odometry]: execution time (ms): 12.000000
[rf2o_laser_odometry_node-5] [INFO] [1771096731.095840411] [rf2o_laser_odometry]: Laser odom [x,y,yaw]=[-1.227702 -2.057772 0.091919]
[rf2o_laser_odometry_node-5] [INFO] [1771096731.095864801] [rf2o_laser_odometry]: Robot-base odom [x,y,yaw]=[-1.327280 -2.066950 0.091919]
[rf2o_laser_odometry_node-5] [WARN] [1771096731.133705931] [rf2o_laser_odometry]: Waiting for laser_scans....
[rf2o_laser_odometry_node-5] [INFO] [1771096731.196340351] [rf2o_laser_odometry]: execution time (ms): 12.000000
[rf2o_laser_odometry_node-5] [INFO] [1771096731.196529351] [rf2o_laser_odometry]: Laser odom [x,y,yaw]=[-1.207704 -2.060108 0.074443]
[rf2o_laser_odometry_node-5] [INFO] [1771096731.196580561] [rf2o_laser_odometry]: Robot-base odom [x,y,yaw]=[-1.307427 -2.067545 0.074443]
[rf2o_laser_odometry_node-5] [WARN] [1771096731.233777921] [rf2o_laser_odometry]: Waiting for laser_scans....
[rf2o_laser_odometry_node-5] [INFO] [1771096731.294959561] [rf2o_laser_odometry]: execution time (ms): 12.000000
[rf2o_laser_odometry_node-5] [INFO] [1771096731.295097711] [rf2o_laser_odometry]: Laser odom [x,y,yaw]=[-1.187273 -2.063084 0.054826]
[rf2o_laser_odometry_node-5] [INFO] [1771096731.295135781] [rf2o_laser_odometry]: Robot-base odom [x,y,yaw]=[-1.287123 -2.068564 0.054826]
[rf2o_laser_odometry_node-5] [WARN] [1771096731.333690341] [rf2o_laser_odometry]: Waiting for laser_scans....
[rf2o_laser_odometry_node-5] [INFO] [1771096731.395152961] [rf2o_laser_odometry]: execution time (ms): 12.000000
[rf2o_laser_odometry_node-5] [INFO] [1771096731.395328641] [rf2o_laser_odometry]: Laser odom [x,y,yaw]=[-1.166585 -2.066810 0.033477]
[rf2o_laser_odometry_node-5] [INFO] [1771096731.395370041] [rf2o_laser_odometry]: Robot-base odom [x,y,yaw]=[-1.266529 -2.070157 0.033477]
[rf2o_laser_odometry_node-5] [WARN] [1771096731.433643351] [rf2o_laser_odometry]: Waiting for laser_scans....
[rf2o_laser_odometry_node-5] [INFO] [1771096731.494564621] [rf2o_laser_odometry]: execution time (ms): 12.000000
[rf2o_laser_odometry_node-5] [INFO] [1771096731.495613121] [rf2o_laser_odometry]: Laser odom [x,y,yaw]=[-1.145526 -2.071351 0.010282]
[rf2o_laser_odometry_node-5] [INFO] [1771096731.495683231] [rf2o_laser_odometry]: Robot-base odom [x,y,yaw]=[-1.245521 -2.072379 0.010282]
[rf2o_laser_odometry_node-5] [WARN] [1771096731.533575301] [rf2o_laser_odometry]: Waiting for laser_scans....
[rf2o_laser_odometry_node-5] [INFO] [1771096731.595835411] [rf2o_laser_odometry]: execution time (ms): 8.000000
[rf2o_laser_odometry_node-5] [INFO] [1771096731.596018111] [rf2o_laser_odometry]: Laser odom [x,y,yaw]=[-1.124223 -2.076718 -0.014424]
[rf2o_laser_odometry_node-5] [INFO] [1771096731.596067071] [rf2o_laser_odometry]: Robot-base odom [x,y,yaw]=[-1.224212 -2.075276 -0.014424]
[rf2o_laser_odometry_node-5] [WARN] [1771096731.633606341] [rf2o_laser_odometry]: Waiting for laser_scans....
[rf2o_laser_odometry_node-5] [INFO] [1771096731.699967931] [rf2o_laser_odometry]: execution time (ms): 12.000000
[rf2o_laser_odometry_node-5] [INFO] [1771096731.700184651] [rf2o_laser_odometry]: Laser odom [x,y,yaw]=[-1.102461 -2.082981 -0.040310]
[rf2o_laser_odometry_node-5] [INFO] [1771096731.700388501] [rf2o_laser_odometry]: Robot-base odom [x,y,yaw]=[-1.202380 -2.078951 -0.040310]
[rf2o_laser_odometry_node-5] [WARN] [1771096731.733677971] [rf2o_laser_odometry]: Waiting for laser_scans....
[rf2o_laser_odometry_node-5] [WARN] [1771096731.783628511] [rf2o_laser_odometry]: Waiting for laser_scans....
[rf2o_laser_odometry_node-5] [INFO] [1771096731.847451291] [rf2o_laser_odometry]: execution time (ms): 12.000000
[rf2o_laser_odometry_node-5] [INFO] [1771096731.847601231] [rf2o_laser_odometry]: Laser odom [x,y,yaw]=[-1.078580 -2.090786 -0.067229]
[rf2o_laser_odometry_node-5] [INFO] [1771096731.847630031] [rf2o_laser_odometry]: Robot-base odom [x,y,yaw]=[-1.178354 -2.084068 -0.067229]
[rf2o_laser_odometry_node-5] [WARN] [1771096731.883678631] [rf2o_laser_odometry]: Waiting for laser_scans....
[rf2o_laser_odometry_node-5] [INFO] [1771096731.950653031] [rf2o_laser_odometry]: execution time (ms): 20.000000
[rf2o_laser_odometry_node-5] [INFO] [1771096731.951753011] [rf2o_laser_odometry]: Laser odom [x,y,yaw]=[-1.054428 -2.099355 -0.094760]
[rf2o_laser_odometry_node-5] [INFO] [1771096731.951828341] [rf2o_laser_odometry]: Robot-base odom [x,y,yaw]=[-1.153979 -2.089893 -0.094760]
[rf2o_laser_odometry_node-5] [WARN] [1771096731.983656301] [rf2o_laser_odometry]: Waiting for laser_scans....
[rf2o_laser_odometry_node-5] [INFO] [1771096732.046961311] [rf2o_laser_odometry]: execution time (ms): 12.000000
[rf2o_laser_odometry_node-5] [INFO] [1771096732.047209081] [rf2o_laser_odometry]: Laser odom [x,y,yaw]=[-1.030420 -2.108541 -0.122187]
[rf2o_laser_odometry_node-5] [INFO] [1771096732.047342371] [rf2o_laser_odometry]: Robot-base odom [x,y,yaw]=[-1.129674 -2.096353 -0.122187]
[rf2o_laser_odometry_node-5] [WARN] [1771096732.083589781] [rf2o_laser_odometry]: Waiting for laser_scans....
[rf2o_laser_odometry_node-5] [INFO] [1771096732.147341551] [rf2o_laser_odometry]: execution time (ms): 16.000000
[rf2o_laser_odometry_node-5] [INFO] [1771096732.147829351] [rf2o_laser_odometry]: Laser odom [x,y,yaw]=[-1.006628 -2.118322 -0.149198]
[rf2o_laser_odometry_node-5] [INFO] [1771096732.149455291] [rf2o_laser_odometry]: Robot-base odom [x,y,yaw]=[-1.105517 -2.103458 -0.149198]
[rf2o_laser_odometry_node-5] [WARN] [1771096732.183669151] [rf2o_laser_odometry]: Waiting for laser_scans....
[rf2o_laser_odometry_node-5] [INFO] [1771096732.246337861] [rf2o_laser_odometry]: execution time (ms): 12.000000
[rf2o_laser_odometry_node-5] [INFO] [1771096732.246509311] [rf2o_laser_odometry]: Laser odom [x,y,yaw]=[-0.983976 -2.128026 -0.175783]
[rf2o_laser_odometry_node-5] [INFO] [1771096732.246555301] [rf2o_laser_odometry]: Robot-base odom [x,y,yaw]=[-1.082435 -2.110538 -0.175783]
[rf2o_laser_odometry_node-5] [WARN] [1771096732.283652581] [rf2o_laser_odometry]: Waiting for laser_scans....
[rf2o_laser_odometry_node-5] [INFO] [1771096732.345914671] [rf2o_laser_odometry]: execution time (ms): 12.000000
[rf2o_laser_odometry_node-5] [INFO] [1771096732.346922401] [rf2o_laser_odometry]: Laser odom [x,y,yaw]=[-0.962647 -2.137682 -0.200566]
[rf2o_laser_odometry_node-5] [INFO] [1771096732.346988101] [rf2o_laser_odometry]: Robot-base odom [x,y,yaw]=[-1.060643 -2.117760 -0.200566]
[rf2o_laser_odometry_node-5] [WARN] [1771096732.383677501] [rf2o_laser_odometry]: Waiting for laser_scans....
[rf2o_laser_odometry_node-5] [INFO] [1771096732.446711971] [rf2o_laser_odometry]: execution time (ms): 12.000000
[rf2o_laser_odometry_node-5] [INFO] [1771096732.446889091] [rf2o_laser_odometry]: Laser odom [x,y,yaw]=[-0.942780 -2.147115 -0.222854]
[rf2o_laser_odometry_node-5] [INFO] [1771096732.446919331] [rf2o_laser_odometry]: Robot-base odom [x,y,yaw]=[-1.040307 -2.125014 -0.222854]
[rf2o_laser_odometry_node-5] [WARN] [1771096732.483713671] [rf2o_laser_odometry]: Waiting for laser_scans....
[rf2o_laser_odometry_node-5] [INFO] [1771096732.544753201] [rf2o_laser_odometry]: execution time (ms): 12.000000
[rf2o_laser_odometry_node-5] [INFO] [1771096732.544890361] [rf2o_laser_odometry]: Laser odom [x,y,yaw]=[-0.924560 -2.156154 -0.241994]
[rf2o_laser_odometry_node-5] [INFO] [1771096732.544916101] [rf2o_laser_odometry]: Robot-base odom [x,y,yaw]=[-1.021646 -2.132190 -0.241994]
[rf2o_laser_odometry_node-5] [WARN] [1771096732.583618981] [rf2o_laser_odometry]: Waiting for laser_scans....
[rf2o_laser_odometry_node-5] [WARN] [1771096732.633584191] [rf2o_laser_odometry]: Waiting for laser_scans....
[rf2o_laser_odometry_node-5] [INFO] [1771096732.706544941] [rf2o_laser_odometry]: execution time (ms): 20.000000
[rf2o_laser_odometry_node-5] [INFO] [1771096732.707852011] [rf2o_laser_odometry]: Laser odom [x,y,yaw]=[-0.908147 -2.164414 -0.257087]
[rf2o_laser_odometry_node-5] [INFO] [1771096732.707921401] [rf2o_laser_odometry]: Robot-base odom [x,y,yaw]=[-1.004861 -2.138988 -0.257087]
[rf2o_laser_odometry_node-5] [INFO] [1771096732.754532941] [rf2o_laser_odometry]: execution time (ms): 16.000000
[rf2o_laser_odometry_node-5] [INFO] [1771096732.754747501] [rf2o_laser_odometry]: Laser odom [x,y,yaw]=[-0.892398 -2.172411 -0.270628]
[rf2o_laser_odometry_node-5] [INFO] [1771096732.754796461] [rf2o_laser_odometry]: Robot-base odom [x,y,yaw]=[-0.988758 -2.145677 -0.270628]
[rf2o_laser_odometry_node-5] [WARN] [1771096732.783624451] [rf2o_laser_odometry]: Waiting for laser_scans....
[rf2o_laser_odometry_node-5] [INFO] [1771096732.846643081] [rf2o_laser_odometry]: execution time (ms): 16.000000
[rf2o_laser_odometry_node-5] [INFO] [1771096732.846820381] [rf2o_laser_odometry]: Laser odom [x,y,yaw]=[-0.877029 -2.180314 -0.283010]
[rf2o_laser_odometry_node-5] [INFO] [1771096732.846861781] [rf2o_laser_odometry]: Robot-base odom [x,y,yaw]=[-0.973051 -2.152390 -0.283010]
[rf2o_laser_odometry_node-5] [WARN] [1771096732.883670431] [rf2o_laser_odometry]: Waiting for laser_scans....
[rf2o_laser_odometry_node-5] [INFO] [1771096732.947308621] [rf2o_laser_odometry]: execution time (ms): 16.000000
[rf2o_laser_odometry_node-5] [INFO] [1771096732.947492401] [rf2o_laser_odometry]: Laser odom [x,y,yaw]=[-0.863091 -2.187386 -0.293088]
[rf2o_laser_odometry_node-5] [INFO] [1771096732.947538391] [rf2o_laser_odometry]: Robot-base odom [x,y,yaw]=[-0.958827 -2.158495 -0.293088]
[rf2o_laser_odometry_node-5] [WARN] [1771096732.983623441] [rf2o_laser_odometry]: Waiting for laser_scans....
[rf2o_laser_odometry_node-5] [INFO] [1771096733.046524711] [rf2o_laser_odometry]: execution time (ms): 16.000000
[rf2o_laser_odometry_node-5] [INFO] [1771096733.046762491] [rf2o_laser_odometry]: Laser odom [x,y,yaw]=[-0.849744 -2.194101 -0.302031]
[rf2o_laser_odometry_node-5] [INFO] [1771096733.046811991] [rf2o_laser_odometry]: Robot-base odom [x,y,yaw]=[-0.945218 -2.164355 -0.302031]
[rf2o_laser_odometry_node-5] [WARN] [1771096733.083619111] [rf2o_laser_odometry]: Waiting for laser_scans....
[rf2o_laser_odometry_node-5] [INFO] [1771096733.147138501] [rf2o_laser_odometry]: execution time (ms): 12.000000
[rf2o_laser_odometry_node-5] [INFO] [1771096733.147286731] [rf2o_laser_odometry]: Laser odom [x,y,yaw]=[-0.838740 -2.199789 -0.309307]
[rf2o_laser_odometry_node-5] [INFO] [1771096733.147327591] [rf2o_laser_odometry]: Robot-base odom [x,y,yaw]=[-0.933995 -2.169349 -0.309307]
[rf2o_laser_odometry_node-5] [WARN] [1771096733.183619821] [rf2o_laser_odometry]: Waiting for laser_scans....
[rf2o_laser_odometry_node-5] [INFO] [1771096733.247155141] [rf2o_laser_odometry]: execution time (ms): 12.000000
[rf2o_laser_odometry_node-5] [INFO] [1771096733.247292661] [rf2o_laser_odometry]: Laser odom [x,y,yaw]=[-0.838638 -2.199862 -0.310079]
[rf2o_laser_odometry_node-5] [INFO] [1771096733.247319841] [rf2o_laser_odometry]: Robot-base odom [x,y,yaw]=[-0.933869 -2.169349 -0.310079]
[rf2o_laser_odometry_node-5] [WARN] [1771096733.283740861] [rf2o_laser_odometry]: Waiting for laser_scans....
[rf2o_laser_odometry_node-5] [WARN] [1771096733.333604551] [rf2o_laser_odometry]: Waiting for laser_scans....
[rf2o_laser_odometry_node-5] [WARN] [1771096733.385188681] [rf2o_laser_odometry]: WARNING: Eigensolver couldn't find a solution. Pose is not updated
[rf2o_laser_odometry_node-5] [WARN] [1771096733.433641981] [rf2o_laser_odometry]: Waiting for laser_scans....
[rf2o_laser_odometry_node-5] [WARN] [1771096733.485266791] [rf2o_laser_odometry]: WARNING: Eigensolver couldn't find a solution. Pose is not updated
[rf2o_laser_odometry_node-5] [WARN] [1771096733.533618031] [rf2o_laser_odometry]: Waiting for laser_scans....
[rf2o_laser_odometry_node-5] [WARN] [1771096733.585718491] [rf2o_laser_odometry]: WARNING: Eigensolver couldn't find a solution. Pose is not updated
[frontier_explore-19] [INFO] [1771096733.587274501] [frontier_explore]: Goal SUCCEEDED (9.6s)
[rf2o_laser_odometry_node-5] [WARN] [1771096733.633592191] [rf2o_laser_odometry]: Waiting for laser_scans....
[rf2o_laser_odometry_node-5] [WARN] [1771096733.685462071] [rf2o_laser_odometry]: WARNING: Eigensolver couldn't find a solution. Pose is not updated
[rf2o_laser_odometry_node-5] [WARN] [1771096733.733594701] [rf2o_laser_odometry]: Waiting for laser_scans....
[cmd_vel_mux-7] [WARN] [1771096733.745092201] [cmd_vel_mux]: No auto cmd_vel for 0.6s (timeout=0.5s); sent stop
[rf2o_laser_odometry_node-5] [WARN] [1771096733.785383131] [rf2o_laser_odometry]: WARNING: Eigensolver couldn't find a solution. Pose is not updated
[rf2o_laser_odometry_node-5] [WARN] [1771096733.833582361] [rf2o_laser_odometry]: Waiting for laser_scans....
[rf2o_laser_odometry_node-5] [WARN] [1771096733.885345861] [rf2o_laser_odometry]: WARNING: Eigensolver couldn't find a solution. Pose is not updated
[rf2o_laser_odometry_node-5] [WARN] [1771096733.933604761] [rf2o_laser_odometry]: Waiting for laser_scans....
[rf2o_laser_odometry_node-5] [WARN] [1771096733.984862371] [rf2o_laser_odometry]: WARNING: Eigensolver couldn't find a solution. Pose is not updated
[rf2o_laser_odometry_node-5] [WARN] [1771096734.033593321] [rf2o_laser_odometry]: Waiting for laser_scans....
[rf2o_laser_odometry_node-5] [WARN] [1771096734.084853001] [rf2o_laser_odometry]: WARNING: Eigensolver couldn't find a solution. Pose is not updated
[rf2o_laser_odometry_node-5] [WARN] [1771096734.133617791] [rf2o_laser_odometry]: Waiting for laser_scans....
[rf2o_laser_odometry_node-5] [WARN] [1771096734.185301731] [rf2o_laser_odometry]: WARNING: Eigensolver couldn't find a solution. Pose is not updated
[rf2o_laser_odometry_node-5] [WARN] [1771096734.233623451] [rf2o_laser_odometry]: Waiting for laser_scans....
[rf2o_laser_odometry_node-5] [WARN] [1771096734.285114431] [rf2o_laser_odometry]: WARNING: Eigensolver couldn't find a solution. Pose is not updated
[frontier_explore-19] [INFO] [1771096734.319429361] [frontier_explore]: Goal #5: x=-0.33 y=-2.32 dist=0.8m
[rf2o_laser_odometry_node-5] [WARN] [1771096734.333616871] [rf2o_laser_odometry]: Waiting for laser_scans....
[rf2o_laser_odometry_node-5] [WARN] [1771096734.385138091] [rf2o_laser_odometry]: WARNING: Eigensolver couldn't find a solution. Pose is not updated
[rf2o_laser_odometry_node-5] [WARN] [1771096734.433660421] [rf2o_laser_odometry]: Waiting for laser_scans....
[rf2o_laser_odometry_node-5] [WARN] [1771096734.485494751] [rf2o_laser_odometry]: WARNING: Eigensolver couldn't find a solution. Pose is not updated
[rf2o_laser_odometry_node-5] [WARN] [1771096734.533817281] [rf2o_laser_odometry]: Waiting for laser_scans....
[rf2o_laser_odometry_node-5] [INFO] [1771096734.600539501] [rf2o_laser_odometry]: execution time (ms): 16.000000
[rf2o_laser_odometry_node-5] [INFO] [1771096734.600699431] [rf2o_laser_odometry]: Laser odom [x,y,yaw]=[-0.837427 -2.200434 -0.310079]
[rf2o_laser_odometry_node-5] [INFO] [1771096734.600736151] [rf2o_laser_odometry]: Robot-base odom [x,y,yaw]=[-0.932658 -2.169921 -0.310079]
[rf2o_laser_odometry_node-5] [WARN] [1771096734.633639431] [rf2o_laser_odometry]: Waiting for laser_scans....
[rf2o_laser_odometry_node-5] [INFO] [1771096734.696935801] [rf2o_laser_odometry]: execution time (ms): 12.000000
[rf2o_laser_odometry_node-5] [INFO] [1771096734.697077551] [rf2o_laser_odometry]: Laser odom [x,y,yaw]=[-0.823017 -2.205396 -0.304652]
[rf2o_laser_odometry_node-5] [INFO] [1771096734.697103921] [rf2o_laser_odometry]: Robot-base odom [x,y,yaw]=[-0.918412 -2.175400 -0.304652]
[rf2o_laser_odometry_node-5] [WARN] [1771096734.733590371] [rf2o_laser_odometry]: Waiting for laser_scans....
[rf2o_laser_odometry_node-5] [INFO] [1771096734.795926081] [rf2o_laser_odometry]: execution time (ms): 12.000000
[rf2o_laser_odometry_node-5] [INFO] [1771096734.796074491] [rf2o_laser_odometry]: Laser odom [x,y,yaw]=[-0.806998 -2.210373 -0.296000]
[rf2o_laser_odometry_node-5] [INFO] [1771096734.796112651] [rf2o_laser_odometry]: Robot-base odom [x,y,yaw]=[-0.902649 -2.181204 -0.296000]
[rf2o_laser_odometry_node-5] [WARN] [1771096734.833586851] [rf2o_laser_odometry]: Waiting for laser_scans....
[rf2o_laser_odometry_node-5] [INFO] [1771096734.894659681] [rf2o_laser_odometry]: execution time (ms): 8.000000
[rf2o_laser_odometry_node-5] [INFO] [1771096734.894820871] [rf2o_laser_odometry]: Laser odom [x,y,yaw]=[-0.790892 -2.214684 -0.285409]
[rf2o_laser_odometry_node-5] [INFO] [1771096734.894860831] [rf2o_laser_odometry]: Robot-base odom [x,y,yaw]=[-0.886847 -2.186529 -0.285409]
[rf2o_laser_odometry_node-5] [WARN] [1771096734.933575771] [rf2o_laser_odometry]: Waiting for laser_scans....
[rf2o_laser_odometry_node-5] [INFO] [1771096734.994374461] [rf2o_laser_odometry]: execution time (ms): 8.000000
[rf2o_laser_odometry_node-5] [INFO] [1771096734.994501721] [rf2o_laser_odometry]: Laser odom [x,y,yaw]=[-0.774535 -2.218466 -0.273710]
[rf2o_laser_odometry_node-5] [INFO] [1771096734.994526471] [rf2o_laser_odometry]: Robot-base odom [x,y,yaw]=[-0.870813 -2.191435 -0.273710]
[rf2o_laser_odometry_node-5] [WARN] [1771096735.033633721] [rf2o_laser_odometry]: Waiting for laser_scans....
[rf2o_laser_odometry_node-5] [INFO] [1771096735.095729941] [rf2o_laser_odometry]: execution time (ms): 8.000000
[rf2o_laser_odometry_node-5] [INFO] [1771096735.095927581] [rf2o_laser_odometry]: Laser odom [x,y,yaw]=[-0.757596 -2.221740 -0.260741]
[rf2o_laser_odometry_node-5] [INFO] [1771096735.095969881] [rf2o_laser_odometry]: Robot-base odom [x,y,yaw]=[-0.854216 -2.195961 -0.260741]
[rf2o_laser_odometry_node-5] [WARN] [1771096735.133587271] [rf2o_laser_odometry]: Waiting for laser_scans....
[rf2o_laser_odometry_node-5] [INFO] [1771096735.196733971] [rf2o_laser_odometry]: execution time (ms): 12.000000
[rf2o_laser_odometry_node-5] [INFO] [1771096735.196868161] [rf2o_laser_odometry]: Laser odom [x,y,yaw]=[-0.739926 -2.224473 -0.246673]
[rf2o_laser_odometry_node-5] [INFO] [1771096735.196893541] [rf2o_laser_odometry]: Robot-base odom [x,y,yaw]=[-0.836899 -2.200055 -0.246673]
[rf2o_laser_odometry_node-5] [WARN] [1771096735.233624251] [rf2o_laser_odometry]: Waiting for laser_scans....
[rf2o_laser_odometry_node-5] [INFO] [1771096735.295482781] [rf2o_laser_odometry]: execution time (ms): 12.000000
[rf2o_laser_odometry_node-5] [INFO] [1771096735.295698241] [rf2o_laser_odometry]: Laser odom [x,y,yaw]=[-0.721370 -2.226746 -0.231580]
[rf2o_laser_odometry_node-5] [INFO] [1771096735.295745041] [rf2o_laser_odometry]: Robot-base odom [x,y,yaw]=[-0.818701 -2.203794 -0.231580]
[rf2o_laser_odometry_node-5] [WARN] [1771096735.333665461] [rf2o_laser_odometry]: Waiting for laser_scans....
[rf2o_laser_odometry_node-5] [INFO] [1771096735.397598581] [rf2o_laser_odometry]: execution time (ms): 16.000000
[rf2o_laser_odometry_node-5] [INFO] [1771096735.397750591] [rf2o_laser_odometry]: Laser odom [x,y,yaw]=[-0.701613 -2.228354 -0.215323]
[rf2o_laser_odometry_node-5] [INFO] [1771096735.397789561] [rf2o_laser_odometry]: Robot-base odom [x,y,yaw]=[-0.799303 -2.206988 -0.215323]
[rf2o_laser_odometry_node-5] [WARN] [1771096735.433569601] [rf2o_laser_odometry]: Waiting for laser_scans....
[rf2o_laser_odometry_node-5] [INFO] [1771096735.495638191] [rf2o_laser_odometry]: execution time (ms): 12.000000
[rf2o_laser_odometry_node-5] [INFO] [1771096735.495804511] [rf2o_laser_odometry]: Laser odom [x,y,yaw]=[-0.680785 -2.229249 -0.197230]
[rf2o_laser_odometry_node-5] [INFO] [1771096735.495845461] [rf2o_laser_odometry]: Robot-base odom [x,y,yaw]=[-0.778846 -2.209654 -0.197230]
[rf2o_laser_odometry_node-5] [WARN] [1771096735.533701261] [rf2o_laser_odometry]: Waiting for laser_scans....
[rf2o_laser_odometry_node-5] [INFO] [1771096735.594389341] [rf2o_laser_odometry]: execution time (ms): 12.000000
[rf2o_laser_odometry_node-5] [INFO] [1771096735.595239661] [rf2o_laser_odometry]: Laser odom [x,y,yaw]=[-0.658629 -2.229359 -0.176482]
[rf2o_laser_odometry_node-5] [INFO] [1771096735.595320121] [rf2o_laser_odometry]: Robot-base odom [x,y,yaw]=[-0.757076 -2.211802 -0.176482]
[rf2o_laser_odometry_node-5] [WARN] [1771096735.633640231] [rf2o_laser_odometry]: Waiting for laser_scans....
[rf2o_laser_odometry_node-5] [WARN] [1771096735.683620651] [rf2o_laser_odometry]: Waiting for laser_scans....
[rf2o_laser_odometry_node-5] [INFO] [1771096735.744485581] [rf2o_laser_odometry]: execution time (ms): 12.000000
[rf2o_laser_odometry_node-5] [INFO] [1771096735.745590511] [rf2o_laser_odometry]: Laser odom [x,y,yaw]=[-0.635481 -2.228571 -0.152337]
[rf2o_laser_odometry_node-5] [INFO] [1771096735.745676821] [rf2o_laser_odometry]: Robot-base odom [x,y,yaw]=[-0.734323 -2.213396 -0.152337]
[rf2o_laser_odometry_node-5] [INFO] [1771096735.795344131] [rf2o_laser_odometry]: execution time (ms): 12.000000
[rf2o_laser_odometry_node-5] [INFO] [1771096735.795491911] [rf2o_laser_odometry]: Laser odom [x,y,yaw]=[-0.609981 -2.227008 -0.125845]
[rf2o_laser_odometry_node-5] [INFO] [1771096735.795529441] [rf2o_laser_odometry]: Robot-base odom [x,y,yaw]=[-0.709190 -2.214457 -0.125845]
[rf2o_laser_odometry_node-5] [WARN] [1771096735.833606911] [rf2o_laser_odometry]: Waiting for laser_scans....
[rf2o_laser_odometry_node-5] [WARN] [1771096735.883768231] [rf2o_laser_odometry]: Waiting for laser_scans....
[rf2o_laser_odometry_node-5] [INFO] [1771096735.943658371] [rf2o_laser_odometry]: execution time (ms): 8.000000
[rf2o_laser_odometry_node-5] [INFO] [1771096735.943788331] [rf2o_laser_odometry]: Laser odom [x,y,yaw]=[-0.585192 -2.224599 -0.097765]
[rf2o_laser_odometry_node-5] [INFO] [1771096735.943813981] [rf2o_laser_odometry]: Robot-base odom [x,y,yaw]=[-0.684715 -2.214838 -0.097765]
[rf2o_laser_odometry_node-5] [WARN] [1771096735.983559511] [rf2o_laser_odometry]: Waiting for laser_scans....
[rf2o_laser_odometry_node-5] [INFO] [1771096736.043615161] [rf2o_laser_odometry]: execution time (ms): 8.000000
[rf2o_laser_odometry_node-5] [INFO] [1771096736.043788771] [rf2o_laser_odometry]: Laser odom [x,y,yaw]=[-0.560416 -2.221748 -0.071051]
[rf2o_laser_odometry_node-5] [INFO] [1771096736.043833951] [rf2o_laser_odometry]: Robot-base odom [x,y,yaw]=[-0.660164 -2.214649 -0.071051]
[rf2o_laser_odometry_node-5] [WARN] [1771096736.083605671] [rf2o_laser_odometry]: Waiting for laser_scans....
[rf2o_laser_odometry_node-5] [INFO] [1771096736.146224971] [rf2o_laser_odometry]: execution time (ms): 12.000000
[rf2o_laser_odometry_node-5] [INFO] [1771096736.146383551] [rf2o_laser_odometry]: Laser odom [x,y,yaw]=[-0.535496 -2.218746 -0.046929]
[rf2o_laser_odometry_node-5] [INFO] [1771096736.146440341] [rf2o_laser_odometry]: Robot-base odom [x,y,yaw]=[-0.635386 -2.214054 -0.046929]
[rf2o_laser_odometry_node-5] [WARN] [1771096736.185522661] [rf2o_laser_odometry]: Waiting for laser_scans....
[rf2o_laser_odometry_node-5] [INFO] [1771096736.252173331] [rf2o_laser_odometry]: execution time (ms): 12.000000
[rf2o_laser_odometry_node-5] [INFO] [1771096736.254563371] [rf2o_laser_odometry]: Laser odom [x,y,yaw]=[-0.510796 -2.215355 -0.025723]
[rf2o_laser_odometry_node-5] [INFO] [1771096736.255967371] [rf2o_laser_odometry]: Robot-base odom [x,y,yaw]=[-0.610763 -2.212783 -0.025723]
[rf2o_laser_odometry_node-5] [WARN] [1771096736.283729401] [rf2o_laser_odometry]: Waiting for laser_scans....
[rf2o_laser_odometry_node-5] [INFO] [1771096736.348667011] [rf2o_laser_odometry]: execution time (ms): 12.000000
[rf2o_laser_odometry_node-5] [INFO] [1771096736.348846201] [rf2o_laser_odometry]: Laser odom [x,y,yaw]=[-0.487755 -2.212215 -0.007736]
[rf2o_laser_odometry_node-5] [INFO] [1771096736.348919641] [rf2o_laser_odometry]: Robot-base odom [x,y,yaw]=[-0.587752 -2.211441 -0.007736]
[rf2o_laser_odometry_node-5] [WARN] [1771096736.383615901] [rf2o_laser_odometry]: Waiting for laser_scans....
[rf2o_laser_odometry_node-5] [INFO] [1771096736.453913821] [rf2o_laser_odometry]: execution time (ms): 20.000000
[rf2o_laser_odometry_node-5] [INFO] [1771096736.454037751] [rf2o_laser_odometry]: Laser odom [x,y,yaw]=[-0.466767 -2.209598 0.007701]
[rf2o_laser_odometry_node-5] [INFO] [1771096736.454062141] [rf2o_laser_odometry]: Robot-base odom [x,y,yaw]=[-0.566764 -2.210368 0.007701]
[rf2o_laser_odometry_node-5] [WARN] [1771096736.483578721] [rf2o_laser_odometry]: Waiting for laser_scans....
[rf2o_laser_odometry_node-5] [WARN] [1771096736.533662911] [rf2o_laser_odometry]: Waiting for laser_scans....
[rf2o_laser_odometry_node-5] [INFO] [1771096736.596162061] [rf2o_laser_odometry]: execution time (ms): 4.000000
[rf2o_laser_odometry_node-5] [INFO] [1771096736.596321271] [rf2o_laser_odometry]: Laser odom [x,y,yaw]=[-0.447873 -2.206768 0.022066]
[rf2o_laser_odometry_node-5] [INFO] [1771096736.596346651] [rf2o_laser_odometry]: Robot-base odom [x,y,yaw]=[-0.547849 -2.208975 0.022066]
[rf2o_laser_odometry_node-5] [INFO] [1771096736.644853231] [rf2o_laser_odometry]: execution time (ms): 8.000000
[rf2o_laser_odometry_node-5] [INFO] [1771096736.645136641] [rf2o_laser_odometry]: Laser odom [x,y,yaw]=[-0.429719 -2.203591 0.035514]
[rf2o_laser_odometry_node-5] [INFO] [1771096736.645212061] [rf2o_laser_odometry]: Robot-base odom [x,y,yaw]=[-0.529656 -2.207141 0.035514]
[rf2o_laser_odometry_node-5] [WARN] [1771096736.683648361] [rf2o_laser_odometry]: Waiting for laser_scans....
[rf2o_laser_odometry_node-5] [INFO] [1771096736.744812811] [rf2o_laser_odometry]: execution time (ms): 8.000000
[rf2o_laser_odometry_node-5] [INFO] [1771096736.745640991] [rf2o_laser_odometry]: Laser odom [x,y,yaw]=[-0.412226 -2.200130 0.048607]
[rf2o_laser_odometry_node-5] [INFO] [1771096736.745735311] [rf2o_laser_odometry]: Robot-base odom [x,y,yaw]=[-0.512108 -2.204988 0.048607]
[rf2o_laser_odometry_node-5] [WARN] [1771096736.783630801] [rf2o_laser_odometry]: Waiting for laser_scans....
[rf2o_laser_odometry_node-5] [INFO] [1771096736.845156601] [rf2o_laser_odometry]: execution time (ms): 12.000000
[rf2o_laser_odometry_node-5] [INFO] [1771096736.845315991] [rf2o_laser_odometry]: Laser odom [x,y,yaw]=[-0.395538 -2.196704 0.060950]
[rf2o_laser_odometry_node-5] [INFO] [1771096736.845357661] [rf2o_laser_odometry]: Robot-base odom [x,y,yaw]=[-0.495353 -2.202795 0.060950]
[rf2o_laser_odometry_node-5] [WARN] [1771096736.883583721] [rf2o_laser_odometry]: Waiting for laser_scans....
[rf2o_laser_odometry_node-5] [INFO] [1771096736.944863911] [rf2o_laser_odometry]: execution time (ms): 12.000000
[rf2o_laser_odometry_node-5] [INFO] [1771096736.945038961] [rf2o_laser_odometry]: Laser odom [x,y,yaw]=[-0.379887 -2.193710 0.071654]
[rf2o_laser_odometry_node-5] [INFO] [1771096736.945079551] [rf2o_laser_odometry]: Robot-base odom [x,y,yaw]=[-0.479631 -2.200870 0.071654]
[rf2o_laser_odometry_node-5] [WARN] [1771096736.983602971] [rf2o_laser_odometry]: Waiting for laser_scans....
[rf2o_laser_odometry_node-5] [INFO] [1771096737.045670211] [rf2o_laser_odometry]: execution time (ms): 12.000000
[rf2o_laser_odometry_node-5] [INFO] [1771096737.045822221] [rf2o_laser_odometry]: Laser odom [x,y,yaw]=[-0.365204 -2.191302 0.080327]
[rf2o_laser_odometry_node-5] [INFO] [1771096737.045859661] [rf2o_laser_odometry]: Robot-base odom [x,y,yaw]=[-0.464882 -2.199326 0.080327]
[rf2o_laser_odometry_node-5] [WARN] [1771096737.083660921] [rf2o_laser_odometry]: Waiting for laser_scans....
[rf2o_laser_odometry_node-5] [INFO] [1771096737.147916421] [rf2o_laser_odometry]: execution time (ms): 12.000000
[rf2o_laser_odometry_node-5] [INFO] [1771096737.148101101] [rf2o_laser_odometry]: Laser odom [x,y,yaw]=[-0.351774 -2.189337 0.086257]
[rf2o_laser_odometry_node-5] [INFO] [1771096737.148139711] [rf2o_laser_odometry]: Robot-base odom [x,y,yaw]=[-0.451403 -2.197952 0.086257]
[rf2o_laser_odometry_node-5] [WARN] [1771096737.183883211] [rf2o_laser_odometry]: Waiting for laser_scans....
[rf2o_laser_odometry_node-5] [INFO] [1771096737.244660121] [rf2o_laser_odometry]: execution time (ms): 12.000000
[rf2o_laser_odometry_node-5] [INFO] [1771096737.244870181] [rf2o_laser_odometry]: Laser odom [x,y,yaw]=[-0.338601 -2.187478 0.091482]
[rf2o_laser_odometry_node-5] [INFO] [1771096737.244913381] [rf2o_laser_odometry]: Robot-base odom [x,y,yaw]=[-0.438183 -2.196613 0.091482]
[rf2o_laser_odometry_node-5] [WARN] [1771096737.287951741] [rf2o_laser_odometry]: Waiting for laser_scans....
[rf2o_laser_odometry_node-5] [WARN] [1771096737.333794231] [rf2o_laser_odometry]: Waiting for laser_scans....
[rf2o_laser_odometry_node-5] [INFO] [1771096737.394125821] [rf2o_laser_odometry]: execution time (ms): 8.000000
[rf2o_laser_odometry_node-5] [INFO] [1771096737.394286741] [rf2o_laser_odometry]: Laser odom [x,y,yaw]=[-0.334571 -2.186715 0.094627]
[rf2o_laser_odometry_node-5] [INFO] [1771096737.394328591] [rf2o_laser_odometry]: Robot-base odom [x,y,yaw]=[-0.434124 -2.196163 0.094627]
[rf2o_laser_odometry_node-5] [WARN] [1771096737.433617371] [rf2o_laser_odometry]: Waiting for laser_scans....
[rf2o_laser_odometry_node-5] [WARN] [1771096737.485588321] [rf2o_laser_odometry]: WARNING: Eigensolver couldn't find a solution. Pose is not updated
[rf2o_laser_odometry_node-5] [WARN] [1771096737.533609531] [rf2o_laser_odometry]: Waiting for laser_scans....
[rf2o_laser_odometry_node-5] [WARN] [1771096737.585034001] [rf2o_laser_odometry]: WARNING: Eigensolver couldn't find a solution. Pose is not updated
[rf2o_laser_odometry_node-5] [WARN] [1771096737.633603131] [rf2o_laser_odometry]: Waiting for laser_scans....
[rf2o_laser_odometry_node-5] [WARN] [1771096737.684914381] [rf2o_laser_odometry]: WARNING: Eigensolver couldn't find a solution. Pose is not updated
[frontier_explore-19] [INFO] [1771096737.722319371] [frontier_explore]: Goal SUCCEEDED (3.4s)
[rf2o_laser_odometry_node-5] [WARN] [1771096737.733601681] [rf2o_laser_odometry]: Waiting for laser_scans....
[rf2o_laser_odometry_node-5] [WARN] [1771096737.785097431] [rf2o_laser_odometry]: WARNING: Eigensolver couldn't find a solution. Pose is not updated
[rf2o_laser_odometry_node-5] [WARN] [1771096737.833666381] [rf2o_laser_odometry]: Waiting for laser_scans....
[cmd_vel_mux-7] [WARN] [1771096737.837896831] [cmd_vel_mux]: No auto cmd_vel for 0.6s (timeout=0.5s); sent stop
[rviz2-10] [INFO] [1771096737.854720891] [rviz2]: Trying to create a map of size 121 x 213 using 1 swatches
[rf2o_laser_odometry_node-5] [WARN] [1771096737.885140081] [rf2o_laser_odometry]: WARNING: Eigensolver couldn't find a solution. Pose is not updated
[rf2o_laser_odometry_node-5] [WARN] [1771096737.933627491] [rf2o_laser_odometry]: Waiting for laser_scans....
[rf2o_laser_odometry_node-5] [WARN] [1771096737.985502411] [rf2o_laser_odometry]: WARNING: Eigensolver couldn't find a solution. Pose is not updated
[rf2o_laser_odometry_node-5] [WARN] [1771096738.033985141] [rf2o_laser_odometry]: Waiting for laser_scans....
[rf2o_laser_odometry_node-5] [WARN] [1771096738.085368031] [rf2o_laser_odometry]: WARNING: Eigensolver couldn't find a solution. Pose is not updated
[rf2o_laser_odometry_node-5] [WARN] [1771096738.133633051] [rf2o_laser_odometry]: Waiting for laser_scans....
[rf2o_laser_odometry_node-5] [WARN] [1771096738.187216891] [rf2o_laser_odometry]: WARNING: Eigensolver couldn't find a solution. Pose is not updated
[rf2o_laser_odometry_node-5] [WARN] [1771096738.233847331] [rf2o_laser_odometry]: Waiting for laser_scans....
[rf2o_laser_odometry_node-5] [WARN] [1771096738.285066421] [rf2o_laser_odometry]: WARNING: Eigensolver couldn't find a solution. Pose is not updated
[rf2o_laser_odometry_node-5] [WARN] [1771096738.333622321] [rf2o_laser_odometry]: Waiting for laser_scans....
[rf2o_laser_odometry_node-5] [WARN] [1771096738.385343521] [rf2o_laser_odometry]: WARNING: Eigensolver couldn't find a solution. Pose is not updated
[frontier_explore-19] [INFO] [1771096738.423001141] [frontier_explore]: Goal #6: x=-0.23 y=-3.04 dist=0.9m
[rf2o_laser_odometry_node-5] [WARN] [1771096738.433596751] [rf2o_laser_odometry]: Waiting for laser_scans....
[rf2o_laser_odometry_node-5] [WARN] [1771096738.485203921] [rf2o_laser_odometry]: WARNING: Eigensolver couldn't find a solution. Pose is not updated
[rf2o_laser_odometry_node-5] [WARN] [1771096738.533569471] [rf2o_laser_odometry]: Waiting for laser_scans....
[rf2o_laser_odometry_node-5] [WARN] [1771096738.583546381] [rf2o_laser_odometry]: Waiting for laser_scans....
[rf2o_laser_odometry_node-5] [WARN] [1771096738.635366131] [rf2o_laser_odometry]: WARNING: Eigensolver couldn't find a solution. Pose is not updated
[rf2o_laser_odometry_node-5] [INFO] [1771096738.696175981] [rf2o_laser_odometry]: execution time (ms): 16.000000
[rf2o_laser_odometry_node-5] [INFO] [1771096738.696325021] [rf2o_laser_odometry]: Laser odom [x,y,yaw]=[-0.333325 -2.187119 0.095225]
[rf2o_laser_odometry_node-5] [INFO] [1771096738.696364441] [rf2o_laser_odometry]: Robot-base odom [x,y,yaw]=[-0.432871 -2.196627 0.095225]
[rf2o_laser_odometry_node-5] [WARN] [1771096738.733708771] [rf2o_laser_odometry]: Waiting for laser_scans....
[rf2o_laser_odometry_node-5] [INFO] [1771096738.794419261] [rf2o_laser_odometry]: execution time (ms): 12.000000
[rf2o_laser_odometry_node-5] [INFO] [1771096738.794565511] [rf2o_laser_odometry]: Laser odom [x,y,yaw]=[-0.326772 -2.187707 0.092961]
[rf2o_laser_odometry_node-5] [INFO] [1771096738.794593591] [rf2o_laser_odometry]: Robot-base odom [x,y,yaw]=[-0.426341 -2.196989 0.092961]
[rf2o_laser_odometry_node-5] [WARN] [1771096738.833595271] [rf2o_laser_odometry]: Waiting for laser_scans....
[rf2o_laser_odometry_node-5] [INFO] [1771096738.895288471] [rf2o_laser_odometry]: execution time (ms): 12.000000
[rf2o_laser_odometry_node-5] [INFO] [1771096738.895493221] [rf2o_laser_odometry]: Laser odom [x,y,yaw]=[-0.319931 -2.188589 0.089101]
[rf2o_laser_odometry_node-5] [INFO] [1771096738.895535521] [rf2o_laser_odometry]: Robot-base odom [x,y,yaw]=[-0.419535 -2.197488 0.089101]
[rf2o_laser_odometry_node-5] [WARN] [1771096738.933673381] [rf2o_laser_odometry]: Waiting for laser_scans....
[rf2o_laser_odometry_node-5] [INFO] [1771096738.995539291] [rf2o_laser_odometry]: execution time (ms): 12.000000
[rf2o_laser_odometry_node-5] [INFO] [1771096738.995691391] [rf2o_laser_odometry]: Laser odom [x,y,yaw]=[-0.312710 -2.188301 0.085225]
[rf2o_laser_odometry_node-5] [INFO] [1771096738.995726581] [rf2o_laser_odometry]: Robot-base odom [x,y,yaw]=[-0.412347 -2.196814 0.085225]
[rf2o_laser_odometry_node-5] [WARN] [1771096739.033595071] [rf2o_laser_odometry]: Waiting for laser_scans....
[rf2o_laser_odometry_node-5] [WARN] [1771096739.083808681] [rf2o_laser_odometry]: Waiting for laser_scans....
[rf2o_laser_odometry_node-5] [INFO] [1771096739.145841361] [rf2o_laser_odometry]: execution time (ms): 12.000000
[rf2o_laser_odometry_node-5] [INFO] [1771096739.146015241] [rf2o_laser_odometry]: Laser odom [x,y,yaw]=[-0.305634 -2.188180 0.079854]
[rf2o_laser_odometry_node-5] [INFO] [1771096739.146060871] [rf2o_laser_odometry]: Robot-base odom [x,y,yaw]=[-0.405315 -2.196157 0.079854]
[rf2o_laser_odometry_node-5] [INFO] [1771096739.194957871] [rf2o_laser_odometry]: execution time (ms): 8.000000
[rf2o_laser_odometry_node-5] [INFO] [1771096739.195157401] [rf2o_laser_odometry]: Laser odom [x,y,yaw]=[-0.298644 -2.188108 0.074108]
[rf2o_laser_odometry_node-5] [INFO] [1771096739.195207171] [rf2o_laser_odometry]: Robot-base odom [x,y,yaw]=[-0.398370 -2.195512 0.074108]
[rf2o_laser_odometry_node-5] [WARN] [1771096739.233662551] [rf2o_laser_odometry]: Waiting for laser_scans....
[rf2o_laser_odometry_node-5] [INFO] [1771096739.295667061] [rf2o_laser_odometry]: execution time (ms): 12.000000
[rf2o_laser_odometry_node-5] [INFO] [1771096739.295822851] [rf2o_laser_odometry]: Laser odom [x,y,yaw]=[-0.291766 -2.188381 0.067057]
[rf2o_laser_odometry_node-5] [INFO] [1771096739.295852551] [rf2o_laser_odometry]: Robot-base odom [x,y,yaw]=[-0.391541 -2.195082 0.067057]
[rf2o_laser_odometry_node-5] [WARN] [1771096739.333613851] [rf2o_laser_odometry]: Waiting for laser_scans....
[rf2o_laser_odometry_node-5] [INFO] [1771096739.394574451] [rf2o_laser_odometry]: execution time (ms): 8.000000
[rf2o_laser_odometry_node-5] [INFO] [1771096739.394697931] [rf2o_laser_odometry]: Laser odom [x,y,yaw]=[-0.284919 -2.188957 0.058858]
[rf2o_laser_odometry_node-5] [INFO] [1771096739.394742931] [rf2o_laser_odometry]: Robot-base odom [x,y,yaw]=[-0.384746 -2.194839 0.058858]
[rf2o_laser_odometry_node-5] [WARN] [1771096739.433672251] [rf2o_laser_odometry]: Waiting for laser_scans....
[rf2o_laser_odometry_node-5] [INFO] [1771096739.494282031] [rf2o_laser_odometry]: execution time (ms): 12.000000
[rf2o_laser_odometry_node-5] [INFO] [1771096739.494518641] [rf2o_laser_odometry]: Laser odom [x,y,yaw]=[-0.278252 -2.190047 0.049129]
[rf2o_laser_odometry_node-5] [INFO] [1771096739.494583981] [rf2o_laser_odometry]: Robot-base odom [x,y,yaw]=[-0.378131 -2.194958 0.049129]
[rf2o_laser_odometry_node-5] [WARN] [1771096739.533617611] [rf2o_laser_odometry]: Waiting for laser_scans....
[rf2o_laser_odometry_node-5] [WARN] [1771096739.583572921] [rf2o_laser_odometry]: Waiting for laser_scans....
[rf2o_laser_odometry_node-5] [INFO] [1771096739.645542061] [rf2o_laser_odometry]: execution time (ms): 8.000000
[rf2o_laser_odometry_node-5] [INFO] [1771096739.645752211] [rf2o_laser_odometry]: Laser odom [x,y,yaw]=[-0.271622 -2.191508 0.038309]
[rf2o_laser_odometry_node-5] [INFO] [1771096739.645796941] [rf2o_laser_odometry]: Robot-base odom [x,y,yaw]=[-0.371548 -2.195338 0.038309]
[rf2o_laser_odometry_node-5] [WARN] [1771096739.683584701] [rf2o_laser_odometry]: Waiting for laser_scans....
[rf2o_laser_odometry_node-5] [INFO] [1771096739.744776151] [rf2o_laser_odometry]: execution time (ms): 12.000000
[rf2o_laser_odometry_node-5] [INFO] [1771096739.744900891] [rf2o_laser_odometry]: Laser odom [x,y,yaw]=[-0.265065 -2.193152 0.026852]
[rf2o_laser_odometry_node-5] [INFO] [1771096739.744925281] [rf2o_laser_odometry]: Robot-base odom [x,y,yaw]=[-0.365029 -2.195837 0.026852]
[rf2o_laser_odometry_node-5] [WARN] [1771096739.783644271] [rf2o_laser_odometry]: Waiting for laser_scans....
[rf2o_laser_odometry_node-5] [INFO] [1771096739.847862331] [rf2o_laser_odometry]: execution time (ms): 12.000000
[rf2o_laser_odometry_node-5] [INFO] [1771096739.848072661] [rf2o_laser_odometry]: Laser odom [x,y,yaw]=[-0.258582 -2.194980 0.014788]
[rf2o_laser_odometry_node-5] [INFO] [1771096739.849266421] [rf2o_laser_odometry]: Robot-base odom [x,y,yaw]=[-0.358571 -2.196458 0.014788]
[rf2o_laser_odometry_node-5] [WARN] [1771096739.883723461] [rf2o_laser_odometry]: Waiting for laser_scans....
[rf2o_laser_odometry_node-5] [INFO] [1771096739.947467491] [rf2o_laser_odometry]: execution time (ms): 12.000000
[rf2o_laser_odometry_node-5] [INFO] [1771096739.947606991] [rf2o_laser_odometry]: Laser odom [x,y,yaw]=[-0.252242 -2.196962 0.002277]
[rf2o_laser_odometry_node-5] [INFO] [1771096739.947647221] [rf2o_laser_odometry]: Robot-base odom [x,y,yaw]=[-0.352242 -2.197189 0.002277]
[rf2o_laser_odometry_node-5] [WARN] [1771096739.983584311] [rf2o_laser_odometry]: Waiting for laser_scans....
[rf2o_laser_odometry_node-5] [INFO] [1771096740.048495191] [rf2o_laser_odometry]: execution time (ms): 12.000000
[rf2o_laser_odometry_node-5] [INFO] [1771096740.048655931] [rf2o_laser_odometry]: Laser odom [x,y,yaw]=[-0.245951 -2.198944 -0.010475]
[rf2o_laser_odometry_node-5] [INFO] [1771096740.048697151] [rf2o_laser_odometry]: Robot-base odom [x,y,yaw]=[-0.345945 -2.197896 -0.010475]
[rf2o_laser_odometry_node-5] [WARN] [1771096740.083656571] [rf2o_laser_odometry]: Waiting for laser_scans....
[rf2o_laser_odometry_node-5] [WARN] [1771096740.133665251] [rf2o_laser_odometry]: Waiting for laser_scans....
[rf2o_laser_odometry_node-5] [INFO] [1771096740.200021081] [rf2o_laser_odometry]: execution time (ms): 16.000000
[rf2o_laser_odometry_node-5] [INFO] [1771096740.201844661] [rf2o_laser_odometry]: Laser odom [x,y,yaw]=[-0.239748 -2.201045 -0.023581]
[rf2o_laser_odometry_node-5] [INFO] [1771096740.201920531] [rf2o_laser_odometry]: Robot-base odom [x,y,yaw]=[-0.339720 -2.198687 -0.023581]
[rf2o_laser_odometry_node-5] [INFO] [1771096740.247671761] [rf2o_laser_odometry]: execution time (ms): 16.000000
[rf2o_laser_odometry_node-5] [INFO] [1771096740.248725481] [rf2o_laser_odometry]: Laser odom [x,y,yaw]=[-0.233598 -2.203215 -0.036896]
[rf2o_laser_odometry_node-5] [INFO] [1771096740.248800811] [rf2o_laser_odometry]: Robot-base odom [x,y,yaw]=[-0.333530 -2.199526 -0.036896]
[rf2o_laser_odometry_node-5] [WARN] [1771096740.283754651] [rf2o_laser_odometry]: Waiting for laser_scans....
[rf2o_laser_odometry_node-5] [INFO] [1771096740.344613641] [rf2o_laser_odometry]: execution time (ms): 8.000000
[rf2o_laser_odometry_node-5] [INFO] [1771096740.344787251] [rf2o_laser_odometry]: Laser odom [x,y,yaw]=[-0.227505 -2.205231 -0.050020]
[rf2o_laser_odometry_node-5] [INFO] [1771096740.344868521] [rf2o_laser_odometry]: Robot-base odom [x,y,yaw]=[-0.327380 -2.200231 -0.050020]
[rf2o_laser_odometry_node-5] [WARN] [1771096740.383606951] [rf2o_laser_odometry]: Waiting for laser_scans....
[rf2o_laser_odometry_node-5] [INFO] [1771096740.448266911] [rf2o_laser_odometry]: execution time (ms): 16.000000
[rf2o_laser_odometry_node-5] [INFO] [1771096740.450301001] [rf2o_laser_odometry]: Laser odom [x,y,yaw]=[-0.221540 -2.207458 -0.063583]
[rf2o_laser_odometry_node-5] [INFO] [1771096740.451324481] [rf2o_laser_odometry]: Robot-base odom [x,y,yaw]=[-0.321337 -2.201104 -0.063583]
[rf2o_laser_odometry_node-5] [WARN] [1771096740.483902321] [rf2o_laser_odometry]: Waiting for laser_scans....
[rf2o_laser_odometry_node-5] [INFO] [1771096740.544591301] [rf2o_laser_odometry]: execution time (ms): 12.000000
[rf2o_laser_odometry_node-5] [INFO] [1771096740.545537381] [rf2o_laser_odometry]: Laser odom [x,y,yaw]=[-0.215595 -2.209462 -0.076717]
[rf2o_laser_odometry_node-5] [INFO] [1771096740.545610461] [rf2o_laser_odometry]: Robot-base odom [x,y,yaw]=[-0.315301 -2.201797 -0.076717]
[rf2o_laser_odometry_node-5] [WARN] [1771096740.583593431] [rf2o_laser_odometry]: Waiting for laser_scans....
[rf2o_laser_odometry_node-5] [WARN] [1771096740.633586181] [rf2o_laser_odometry]: Waiting for laser_scans....
[rf2o_laser_odometry_node-5] [INFO] [1771096740.696251021] [rf2o_laser_odometry]: execution time (ms): 8.000000
[rf2o_laser_odometry_node-5] [INFO] [1771096740.696428051] [rf2o_laser_odometry]: Laser odom [x,y,yaw]=[-0.209739 -2.211763 -0.090450]
[rf2o_laser_odometry_node-5] [INFO] [1771096740.696481691] [rf2o_laser_odometry]: Robot-base odom [x,y,yaw]=[-0.309331 -2.202730 -0.090450]
[rf2o_laser_odometry_node-5] [INFO] [1771096740.751666451] [rf2o_laser_odometry]: execution time (ms): 16.000000
[rf2o_laser_odometry_node-5] [INFO] [1771096740.752190701] [rf2o_laser_odometry]: Laser odom [x,y,yaw]=[-0.203974 -2.214088 -0.104222]
[rf2o_laser_odometry_node-5] [INFO] [1771096740.753277811] [rf2o_laser_odometry]: Robot-base odom [x,y,yaw]=[-0.303432 -2.203684 -0.104222]
[rf2o_laser_odometry_node-5] [WARN] [1771096740.783692681] [rf2o_laser_odometry]: Waiting for laser_scans....
[rf2o_laser_odometry_node-5] [INFO] [1771096740.844934891] [rf2o_laser_odometry]: execution time (ms): 8.000000
[rf2o_laser_odometry_node-5] [INFO] [1771096740.845095901] [rf2o_laser_odometry]: Laser odom [x,y,yaw]=[-0.198258 -2.216463 -0.118050]
[rf2o_laser_odometry_node-5] [INFO] [1771096740.845123171] [rf2o_laser_odometry]: Robot-base odom [x,y,yaw]=[-0.297562 -2.204685 -0.118050]
[rf2o_laser_odometry_node-5] [WARN] [1771096740.883602041] [rf2o_laser_odometry]: Waiting for laser_scans....
[rf2o_laser_odometry_node-5] [INFO] [1771096740.948092081] [rf2o_laser_odometry]: execution time (ms): 12.000000
[rf2o_laser_odometry_node-5] [INFO] [1771096740.949094411] [rf2o_laser_odometry]: Laser odom [x,y,yaw]=[-0.192599 -2.218971 -0.131976]
[rf2o_laser_odometry_node-5] [INFO] [1771096740.949221221] [rf2o_laser_odometry]: Robot-base odom [x,y,yaw]=[-0.291729 -2.205811 -0.131976]
[rf2o_laser_odometry_node-5] [WARN] [1771096740.983640731] [rf2o_laser_odometry]: Waiting for laser_scans....
[rf2o_laser_odometry_node-5] [WARN] [1771096741.033634201] [rf2o_laser_odometry]: Waiting for laser_scans....
[rf2o_laser_odometry_node-5] [INFO] [1771096741.096426121] [rf2o_laser_odometry]: execution time (ms): 12.000000
[rf2o_laser_odometry_node-5] [INFO] [1771096741.096596401] [rf2o_laser_odometry]: Laser odom [x,y,yaw]=[-0.186965 -2.221471 -0.145770]
[rf2o_laser_odometry_node-5] [INFO] [1771096741.096639151] [rf2o_laser_odometry]: Robot-base odom [x,y,yaw]=[-0.285905 -2.206945 -0.145770]
[rf2o_laser_odometry_node-5] [WARN] [1771096741.133613491] [rf2o_laser_odometry]: Waiting for laser_scans....
[rf2o_laser_odometry_node-5] [INFO] [1771096741.193234711] [rf2o_laser_odometry]: execution time (ms): 12.000000
[rf2o_laser_odometry_node-5] [INFO] [1771096741.193416331] [rf2o_laser_odometry]: Laser odom [x,y,yaw]=[-0.181410 -2.224151 -0.159765]
[rf2o_laser_odometry_node-5] [INFO] [1771096741.193444951] [rf2o_laser_odometry]: Robot-base odom [x,y,yaw]=[-0.280136 -2.208242 -0.159765]
[rf2o_laser_odometry_node-5] [WARN] [1771096741.234216841] [rf2o_laser_odometry]: Waiting for laser_scans....
[rf2o_laser_odometry_node-5] [INFO] [1771096741.294257281] [rf2o_laser_odometry]: execution time (ms): 12.000000
[rf2o_laser_odometry_node-5] [INFO] [1771096741.294430621] [rf2o_laser_odometry]: Laser odom [x,y,yaw]=[-0.175891 -2.226824 -0.173589]
[rf2o_laser_odometry_node-5] [INFO] [1771096741.294469051] [rf2o_laser_odometry]: Robot-base odom [x,y,yaw]=[-0.274388 -2.209552 -0.173589]
[rf2o_laser_odometry_node-5] [WARN] [1771096741.333677641] [rf2o_laser_odometry]: Waiting for laser_scans....
[rf2o_laser_odometry_node-5] [INFO] [1771096741.394631311] [rf2o_laser_odometry]: execution time (ms): 12.000000
[rf2o_laser_odometry_node-5] [INFO] [1771096741.395416651] [rf2o_laser_odometry]: Laser odom [x,y,yaw]=[-0.170453 -2.229637 -0.187571]
[rf2o_laser_odometry_node-5] [INFO] [1771096741.395479111] [rf2o_laser_odometry]: Robot-base odom [x,y,yaw]=[-0.268699 -2.210989 -0.187571]
[rf2o_laser_odometry_node-5] [WARN] [1771096741.433629031] [rf2o_laser_odometry]: Waiting for laser_scans....
[rf2o_laser_odometry_node-5] [INFO] [1771096741.495300991] [rf2o_laser_odometry]: execution time (ms): 12.000000
[rf2o_laser_odometry_node-5] [INFO] [1771096741.495436351] [rf2o_laser_odometry]: Laser odom [x,y,yaw]=[-0.164780 -2.232564 -0.201693]
[rf2o_laser_odometry_node-5] [INFO] [1771096741.495461101] [rf2o_laser_odometry]: Robot-base odom [x,y,yaw]=[-0.262753 -2.212531 -0.201693]
[rf2o_laser_odometry_node-5] [WARN] [1771096741.533633251] [rf2o_laser_odometry]: Waiting for laser_scans....
[rf2o_laser_odometry_node-5] [INFO] [1771096741.593753701] [rf2o_laser_odometry]: execution time (ms): 8.000000
[rf2o_laser_odometry_node-5] [INFO] [1771096741.593963941] [rf2o_laser_odometry]: Laser odom [x,y,yaw]=[-0.159198 -2.235637 -0.216029]
[rf2o_laser_odometry_node-5] [INFO] [1771096741.594050521] [rf2o_laser_odometry]: Robot-base odom [x,y,yaw]=[-0.256874 -2.214202 -0.216029]
[rf2o_laser_odometry_node-5] [WARN] [1771096741.633604441] [rf2o_laser_odometry]: Waiting for laser_scans....
[rf2o_laser_odometry_node-5] [WARN] [1771096741.683666221] [rf2o_laser_odometry]: Waiting for laser_scans....
[rf2o_laser_odometry_node-5] [INFO] [1771096741.755071771] [rf2o_laser_odometry]: execution time (ms): 16.000000
[rf2o_laser_odometry_node-5] [INFO] [1771096741.758167411] [rf2o_laser_odometry]: Laser odom [x,y,yaw]=[-0.153674 -2.238792 -0.230336]
[rf2o_laser_odometry_node-5] [INFO] [1771096741.759751591] [rf2o_laser_odometry]: Robot-base odom [x,y,yaw]=[-0.251033 -2.215961 -0.230336]
[rf2o_laser_odometry_node-5] [INFO] [1771096741.797135881] [rf2o_laser_odometry]: execution time (ms): 12.000000
[rf2o_laser_odometry_node-5] [INFO] [1771096741.797322811] [rf2o_laser_odometry]: Laser odom [x,y,yaw]=[-0.148235 -2.242078 -0.244850]
[rf2o_laser_odometry_node-5] [INFO] [1771096741.797363131] [rf2o_laser_odometry]: Robot-base odom [x,y,yaw]=[-0.245252 -2.217837 -0.244850]
[rf2o_laser_odometry_node-5] [WARN] [1771096741.833688301] [rf2o_laser_odometry]: Waiting for laser_scans....
[rf2o_laser_odometry_node-5] [INFO] [1771096741.894690751] [rf2o_laser_odometry]: execution time (ms): 12.000000
[rf2o_laser_odometry_node-5] [INFO] [1771096741.895859131] [rf2o_laser_odometry]: Laser odom [x,y,yaw]=[-0.142849 -2.245447 -0.259376]
[rf2o_laser_odometry_node-5] [INFO] [1771096741.896717371] [rf2o_laser_odometry]: Robot-base odom [x,y,yaw]=[-0.239504 -2.219799 -0.259376]
[rf2o_laser_odometry_node-5] [WARN] [1771096741.933603061] [rf2o_laser_odometry]: Waiting for laser_scans....
[rf2o_laser_odometry_node-5] [INFO] [1771096741.993482581] [rf2o_laser_odometry]: execution time (ms): 8.000000
[rf2o_laser_odometry_node-5] [INFO] [1771096741.993634681] [rf2o_laser_odometry]: Laser odom [x,y,yaw]=[-0.137516 -2.248970 -0.273927]
[rf2o_laser_odometry_node-5] [INFO] [1771096741.993672481] [rf2o_laser_odometry]: Robot-base odom [x,y,yaw]=[-0.233788 -2.221918 -0.273927]
[rf2o_laser_odometry_node-5] [WARN] [1771096742.033639681] [rf2o_laser_odometry]: Waiting for laser_scans....
[rf2o_laser_odometry_node-5] [INFO] [1771096742.094134081] [rf2o_laser_odometry]: execution time (ms): 12.000000
[rf2o_laser_odometry_node-5] [INFO] [1771096742.094287891] [rf2o_laser_odometry]: Laser odom [x,y,yaw]=[-0.132228 -2.252575 -0.288595]
[rf2o_laser_odometry_node-5] [INFO] [1771096742.094327941] [rf2o_laser_odometry]: Robot-base odom [x,y,yaw]=[-0.228092 -2.224114 -0.288595]
[rf2o_laser_odometry_node-5] [WARN] [1771096742.133658751] [rf2o_laser_odometry]: Waiting for laser_scans....
[rf2o_laser_odometry_node-5] [INFO] [1771096742.199222131] [rf2o_laser_odometry]: execution time (ms): 20.000000
[rf2o_laser_odometry_node-5] [INFO] [1771096742.200406621] [rf2o_laser_odometry]: Laser odom [x,y,yaw]=[-0.127052 -2.256291 -0.303366]
[rf2o_laser_odometry_node-5] [INFO] [1771096742.200475471] [rf2o_laser_odometry]: Robot-base odom [x,y,yaw]=[-0.222486 -2.226417 -0.303366]
[rf2o_laser_odometry_node-5] [WARN] [1771096742.233616711] [rf2o_laser_odometry]: Waiting for laser_scans....
[rf2o_laser_odometry_node-5] [INFO] [1771096742.297422661] [rf2o_laser_odometry]: execution time (ms): 12.000000
[rf2o_laser_odometry_node-5] [INFO] [1771096742.297578361] [rf2o_laser_odometry]: Laser odom [x,y,yaw]=[-0.121916 -2.260141 -0.318152]
[rf2o_laser_odometry_node-5] [INFO] [1771096742.297621021] [rf2o_laser_odometry]: Robot-base odom [x,y,yaw]=[-0.216898 -2.228860 -0.318152]
[rf2o_laser_odometry_node-5] [WARN] [1771096742.333651891] [rf2o_laser_odometry]: Waiting for laser_scans....
[rf2o_laser_odometry_node-5] [INFO] [1771096742.394076721] [rf2o_laser_odometry]: execution time (ms): 8.000000
[rf2o_laser_odometry_node-5] [INFO] [1771096742.395146911] [rf2o_laser_odometry]: Laser odom [x,y,yaw]=[-0.116875 -2.264085 -0.332970]
[rf2o_laser_odometry_node-5] [INFO] [1771096742.395231331] [rf2o_laser_odometry]: Robot-base odom [x,y,yaw]=[-0.211383 -2.231400 -0.332970]
[rf2o_laser_odometry_node-5] [WARN] [1771096742.433605531] [rf2o_laser_odometry]: Waiting for laser_scans....
[rf2o_laser_odometry_node-5] [INFO] [1771096742.499443051] [rf2o_laser_odometry]: execution time (ms): 16.000000
[rf2o_laser_odometry_node-5] [INFO] [1771096742.499605051] [rf2o_laser_odometry]: Laser odom [x,y,yaw]=[-0.111869 -2.268170 -0.347785]
[rf2o_laser_odometry_node-5] [INFO] [1771096742.499646001] [rf2o_laser_odometry]: Robot-base odom [x,y,yaw]=[-0.205882 -2.234089 -0.347785]
[rf2o_laser_odometry_node-5] [WARN] [1771096742.533760501] [rf2o_laser_odometry]: Waiting for laser_scans....
[rf2o_laser_odometry_node-5] [INFO] [1771096742.599466171] [rf2o_laser_odometry]: execution time (ms): 8.000000
[rf2o_laser_odometry_node-5] [INFO] [1771096742.599644101] [rf2o_laser_odometry]: Laser odom [x,y,yaw]=[-0.106882 -2.272392 -0.362791]
[rf2o_laser_odometry_node-5] [INFO] [1771096742.599684331] [rf2o_laser_odometry]: Robot-base odom [x,y,yaw]=[-0.200373 -2.236903 -0.362791]
[rf2o_laser_odometry_node-5] [WARN] [1771096742.633732951] [rf2o_laser_odometry]: Waiting for laser_scans....
[rf2o_laser_odometry_node-5] [WARN] [1771096742.683666301] [rf2o_laser_odometry]: Waiting for laser_scans....
[rf2o_laser_odometry_node-5] [INFO] [1771096742.748326441] [rf2o_laser_odometry]: execution time (ms): 16.000000
[rf2o_laser_odometry_node-5] [INFO] [1771096742.749477361] [rf2o_laser_odometry]: Laser odom [x,y,yaw]=[-0.101945 -2.276814 -0.377979]
[rf2o_laser_odometry_node-5] [INFO] [1771096742.749569881] [rf2o_laser_odometry]: Robot-base odom [x,y,yaw]=[-0.194887 -2.239910 -0.377979]
[rf2o_laser_odometry_node-5] [WARN] [1771096742.783599781] [rf2o_laser_odometry]: Waiting for laser_scans....
[rf2o_laser_odometry_node-5] [INFO] [1771096742.843828591] [rf2o_laser_odometry]: execution time (ms): 8.000000
[rf2o_laser_odometry_node-5] [INFO] [1771096742.844019931] [rf2o_laser_odometry]: Laser odom [x,y,yaw]=[-0.097012 -2.281529 -0.393163]
[rf2o_laser_odometry_node-5] [INFO] [1771096742.844069521] [rf2o_laser_odometry]: Robot-base odom [x,y,yaw]=[-0.189382 -2.243217 -0.393163]
[rf2o_laser_odometry_node-5] [WARN] [1771096742.883614531] [rf2o_laser_odometry]: Waiting for laser_scans....
[rf2o_laser_odometry_node-5] [INFO] [1771096742.945770961] [rf2o_laser_odometry]: execution time (ms): 12.000000
[rf2o_laser_odometry_node-5] [INFO] [1771096742.945916131] [rf2o_laser_odometry]: Laser odom [x,y,yaw]=[-0.092240 -2.286206 -0.408429]
[rf2o_laser_odometry_node-5] [INFO] [1771096742.945955641] [rf2o_laser_odometry]: Robot-base odom [x,y,yaw]=[-0.184015 -2.246489 -0.408429]
[rf2o_laser_odometry_node-5] [WARN] [1771096742.983645391] [rf2o_laser_odometry]: Waiting for laser_scans....
[rf2o_laser_odometry_node-5] [INFO] [1771096743.067775681] [rf2o_laser_odometry]: execution time (ms): 20.000000
[rf2o_laser_odometry_node-5] [INFO] [1771096743.067945421] [rf2o_laser_odometry]: Laser odom [x,y,yaw]=[-0.087522 -2.291021 -0.423766]
[rf2o_laser_odometry_node-5] [INFO] [1771096743.067985201] [rf2o_laser_odometry]: Robot-base odom [x,y,yaw]=[-0.178677 -2.249901 -0.423766]
[rf2o_laser_odometry_node-5] [WARN] [1771096743.083689841] [rf2o_laser_odometry]: Waiting for laser_scans....
[rf2o_laser_odometry_node-5] [INFO] [1771096743.145658711] [rf2o_laser_odometry]: execution time (ms): 12.000000
[rf2o_laser_odometry_node-5] [INFO] [1771096743.145818191] [rf2o_laser_odometry]: Laser odom [x,y,yaw]=[-0.082798 -2.296166 -0.439137]
[rf2o_laser_odometry_node-5] [INFO] [1771096743.145856801] [rf2o_laser_odometry]: Robot-base odom [x,y,yaw]=[-0.173310 -2.253650 -0.439137]
[rf2o_laser_odometry_node-5] [WARN] [1771096743.183675881] [rf2o_laser_odometry]: Waiting for laser_scans....
[rf2o_laser_odometry_node-5] [INFO] [1771096743.245582381] [rf2o_laser_odometry]: execution time (ms): 12.000000
[rf2o_laser_odometry_node-5] [INFO] [1771096743.245747981] [rf2o_laser_odometry]: Laser odom [x,y,yaw]=[-0.078195 -2.301389 -0.454605]
[rf2o_laser_odometry_node-5] [INFO] [1771096743.245791991] [rf2o_laser_odometry]: Robot-base odom [x,y,yaw]=[-0.168038 -2.257478 -0.454605]
[rf2o_laser_odometry_node-5] [WARN] [1771096743.283609901] [rf2o_laser_odometry]: Waiting for laser_scans....
[rf2o_laser_odometry_node-5] [WARN] [1771096743.333562421] [rf2o_laser_odometry]: Waiting for laser_scans....
[rf2o_laser_odometry_node-5] [INFO] [1771096743.395815511] [rf2o_laser_odometry]: execution time (ms): 12.000000
[rf2o_laser_odometry_node-5] [INFO] [1771096743.396809921] [rf2o_laser_odometry]: Laser odom [x,y,yaw]=[-0.073646 -2.306874 -0.470081]
[rf2o_laser_odometry_node-5] [INFO] [1771096743.396896141] [rf2o_laser_odometry]: Robot-base odom [x,y,yaw]=[-0.162799 -2.261578 -0.470081]
[rf2o_laser_odometry_node-5] [INFO] [1771096743.448471001] [rf2o_laser_odometry]: execution time (ms): 12.000000
[rf2o_laser_odometry_node-5] [INFO] [1771096743.448638221] [rf2o_laser_odometry]: Laser odom [x,y,yaw]=[-0.069188 -2.312431 -0.485626]
[rf2o_laser_odometry_node-5] [INFO] [1771096743.448676201] [rf2o_laser_odometry]: Robot-base odom [x,y,yaw]=[-0.157626 -2.265755 -0.485626]
[rf2o_laser_odometry_node-5] [WARN] [1771096743.483655151] [rf2o_laser_odometry]: Waiting for laser_scans....
[rf2o_laser_odometry_node-5] [INFO] [1771096743.547027211] [rf2o_laser_odometry]: execution time (ms): 12.000000
[rf2o_laser_odometry_node-5] [INFO] [1771096743.547928291] [rf2o_laser_odometry]: Laser odom [x,y,yaw]=[-0.064834 -2.317994 -0.501296]
[rf2o_laser_odometry_node-5] [INFO] [1771096743.547986521] [rf2o_laser_odometry]: Robot-base odom [x,y,yaw]=[-0.152530 -2.269938 -0.501296]
[rf2o_laser_odometry_node-5] [WARN] [1771096743.584350571] [rf2o_laser_odometry]: Waiting for laser_scans....
[rf2o_laser_odometry_node-5] [INFO] [1771096743.647105141] [rf2o_laser_odometry]: execution time (ms): 8.000000
[rf2o_laser_odometry_node-5] [INFO] [1771096743.647499071] [rf2o_laser_odometry]: Laser odom [x,y,yaw]=[-0.060531 -2.323755 -0.517047]
[rf2o_laser_odometry_node-5] [INFO] [1771096743.647544341] [rf2o_laser_odometry]: Robot-base odom [x,y,yaw]=[-0.147459 -2.274323 -0.517047]
[rf2o_laser_odometry_node-5] [WARN] [1771096743.683644781] [rf2o_laser_odometry]: Waiting for laser_scans....
[rf2o_laser_odometry_node-5] [WARN] [1771096743.733643921] [rf2o_laser_odometry]: Waiting for laser_scans....
[rf2o_laser_odometry_node-5] [INFO] [1771096743.794892071] [rf2o_laser_odometry]: execution time (ms): 12.000000
[rf2o_laser_odometry_node-5] [INFO] [1771096743.795038681] [rf2o_laser_odometry]: Laser odom [x,y,yaw]=[-0.056296 -2.329930 -0.532888]
[rf2o_laser_odometry_node-5] [INFO] [1771096743.795087281] [rf2o_laser_odometry]: Robot-base odom [x,y,yaw]=[-0.142430 -2.279128 -0.532888]
[rf2o_laser_odometry_node-5] [WARN] [1771096743.834139271] [rf2o_laser_odometry]: Waiting for laser_scans....
[rf2o_laser_odometry_node-5] [INFO] [1771096743.892946711] [rf2o_laser_odometry]: execution time (ms): 8.000000
[rf2o_laser_odometry_node-5] [INFO] [1771096743.893118611] [rf2o_laser_odometry]: Laser odom [x,y,yaw]=[-0.052177 -2.335932 -0.548939]
[rf2o_laser_odometry_node-5] [INFO] [1771096743.893155151] [rf2o_laser_odometry]: Robot-base odom [x,y,yaw]=[-0.137485 -2.283754 -0.548939]
[rf2o_laser_odometry_node-5] [WARN] [1771096743.933586661] [rf2o_laser_odometry]: Waiting for laser_scans....
[rf2o_laser_odometry_node-5] [INFO] [1771096744.001623241] [rf2o_laser_odometry]: execution time (ms): 16.000000
[rf2o_laser_odometry_node-5] [INFO] [1771096744.001776061] [rf2o_laser_odometry]: Laser odom [x,y,yaw]=[-0.048061 -2.342516 -0.565461]
[rf2o_laser_odometry_node-5] [INFO] [1771096744.001814401] [rf2o_laser_odometry]: Robot-base odom [x,y,yaw]=[-0.132495 -2.288935 -0.565461]
[rf2o_laser_odometry_node-5] [WARN] [1771096744.033625531] [rf2o_laser_odometry]: Waiting for laser_scans....
[rf2o_laser_odometry_node-5] [INFO] [1771096744.099124201] [rf2o_laser_odometry]: execution time (ms): 12.000000
[rf2o_laser_odometry_node-5] [INFO] [1771096744.099507871] [rf2o_laser_odometry]: Laser odom [x,y,yaw]=[-0.044013 -2.349261 -0.582074]
[rf2o_laser_odometry_node-5] [INFO] [1771096744.099572581] [rf2o_laser_odometry]: Robot-base odom [x,y,yaw]=[-0.127545 -2.294286 -0.582074]
[rf2o_laser_odometry_node-5] [WARN] [1771096744.133673221] [rf2o_laser_odometry]: Waiting for laser_scans....
[rf2o_laser_odometry_node-5] [INFO] [1771096744.198720451] [rf2o_laser_odometry]: execution time (ms): 12.000000
[rf2o_laser_odometry_node-5] [INFO] [1771096744.198871381] [rf2o_laser_odometry]: Laser odom [x,y,yaw]=[-0.040044 -2.356190 -0.598907]
[rf2o_laser_odometry_node-5] [INFO] [1771096744.198915931] [rf2o_laser_odometry]: Robot-base odom [x,y,yaw]=[-0.122640 -2.299816 -0.598907]
[rf2o_laser_odometry_node-5] [WARN] [1771096744.234624871] [rf2o_laser_odometry]: Waiting for laser_scans....
[rf2o_laser_odometry_node-5] [INFO] [1771096744.296156791] [rf2o_laser_odometry]: execution time (ms): 12.000000
[rf2o_laser_odometry_node-5] [INFO] [1771096744.297328051] [rf2o_laser_odometry]: Laser odom [x,y,yaw]=[-0.036227 -2.363296 -0.615980]
[rf2o_laser_odometry_node-5] [INFO] [1771096744.298150021] [rf2o_laser_odometry]: Robot-base odom [x,y,yaw]=[-0.117848 -2.305520 -0.615980]
[rf2o_laser_odometry_node-5] [WARN] [1771096744.333756901] [rf2o_laser_odometry]: Waiting for laser_scans....
[rf2o_laser_odometry_node-5] [INFO] [1771096744.396778861] [rf2o_laser_odometry]: execution time (ms): 16.000000
[rf2o_laser_odometry_node-5] [INFO] [1771096744.398380951] [rf2o_laser_odometry]: Laser odom [x,y,yaw]=[-0.032519 -2.370690 -0.633367]
[rf2o_laser_odometry_node-5] [INFO] [1771096744.401211091] [rf2o_laser_odometry]: Robot-base odom [x,y,yaw]=[-0.113123 -2.311504 -0.633367]
[rf2o_laser_odometry_node-5] [WARN] [1771096744.433700821] [rf2o_laser_odometry]: Waiting for laser_scans....
[rf2o_laser_odometry_node-5] [INFO] [1771096744.501148441] [rf2o_laser_odometry]: execution time (ms): 16.000000
[rf2o_laser_odometry_node-5] [INFO] [1771096744.501280651] [rf2o_laser_odometry]: Laser odom [x,y,yaw]=[-0.028892 -2.378248 -0.650734]
[rf2o_laser_odometry_node-5] [INFO] [1771096744.501305851] [rf2o_laser_odometry]: Robot-base odom [x,y,yaw]=[-0.108456 -2.317671 -0.650734]
[rf2o_laser_odometry_node-5] [WARN] [1771096744.533618551] [rf2o_laser_odometry]: Waiting for laser_scans....
[rf2o_laser_odometry_node-5] [INFO] [1771096744.595475101] [rf2o_laser_odometry]: execution time (ms): 12.000000
[rf2o_laser_odometry_node-5] [INFO] [1771096744.595662301] [rf2o_laser_odometry]: Laser odom [x,y,yaw]=[-0.025388 -2.386126 -0.668628]
[rf2o_laser_odometry_node-5] [INFO] [1771096744.595720801] [rf2o_laser_odometry]: Robot-base odom [x,y,yaw]=[-0.103856 -2.324134 -0.668628]
[rf2o_laser_odometry_node-5] [WARN] [1771096744.633644011] [rf2o_laser_odometry]: Waiting for laser_scans....
[rf2o_laser_odometry_node-5] [INFO] [1771096744.694385461] [rf2o_laser_odometry]: execution time (ms): 12.000000
[rf2o_laser_odometry_node-5] [INFO] [1771096744.695125981] [rf2o_laser_odometry]: Laser odom [x,y,yaw]=[-0.022058 -2.394293 -0.687235]
[rf2o_laser_odometry_node-5] [INFO] [1771096744.695197621] [rf2o_laser_odometry]: Robot-base odom [x,y,yaw]=[-0.099358 -2.330853 -0.687235]
[rf2o_laser_odometry_node-5] [WARN] [1771096744.733689361] [rf2o_laser_odometry]: Waiting for laser_scans....
[rf2o_laser_odometry_node-5] [INFO] [1771096744.795095641] [rf2o_laser_odometry]: execution time (ms): 12.000000
[rf2o_laser_odometry_node-5] [INFO] [1771096744.795257371] [rf2o_laser_odometry]: Laser odom [x,y,yaw]=[-0.018803 -2.402622 -0.705991]
[rf2o_laser_odometry_node-5] [INFO] [1771096744.795327661] [rf2o_laser_odometry]: Robot-base odom [x,y,yaw]=[-0.094900 -2.337743 -0.705991]
[rf2o_laser_odometry_node-5] [WARN] [1771096744.833682871] [rf2o_laser_odometry]: Waiting for laser_scans....
[rf2o_laser_odometry_node-5] [INFO] [1771096744.893888281] [rf2o_laser_odometry]: execution time (ms): 8.000000
[rf2o_laser_odometry_node-5] [INFO] [1771096744.894121651] [rf2o_laser_odometry]: Laser odom [x,y,yaw]=[-0.015691 -2.411108 -0.725106]
[rf2o_laser_odometry_node-5] [INFO] [1771096744.894164851] [rf2o_laser_odometry]: Robot-base odom [x,y,yaw]=[-0.090534 -2.344786 -0.725106]
[rf2o_laser_odometry_node-5] [WARN] [1771096744.933588721] [rf2o_laser_odometry]: Waiting for laser_scans....
[rf2o_laser_odometry_node-5] [INFO] [1771096744.996329881] [rf2o_laser_odometry]: execution time (ms): 12.000000
[rf2o_laser_odometry_node-5] [INFO] [1771096744.996609241] [rf2o_laser_odometry]: Laser odom [x,y,yaw]=[-0.012750 -2.419943 -0.744705]
[rf2o_laser_odometry_node-5] [INFO] [1771096744.996651811] [rf2o_laser_odometry]: Robot-base odom [x,y,yaw]=[-0.086279 -2.352167 -0.744705]
[rf2o_laser_odometry_node-5] [WARN] [1771096745.033625791] [rf2o_laser_odometry]: Waiting for laser_scans....
[rf2o_laser_odometry_node-5] [WARN] [1771096745.083618901] [rf2o_laser_odometry]: Waiting for laser_scans....
[rf2o_laser_odometry_node-5] [INFO] [1771096745.145171611] [rf2o_laser_odometry]: execution time (ms): 12.000000
[rf2o_laser_odometry_node-5] [INFO] [1771096745.145334061] [rf2o_laser_odometry]: Laser odom [x,y,yaw]=[-0.010002 -2.428987 -0.764662]
[rf2o_laser_odometry_node-5] [INFO] [1771096745.145373571] [rf2o_laser_odometry]: Robot-base odom [x,y,yaw]=[-0.082164 -2.359758 -0.764662]
[rf2o_laser_odometry_node-5] [INFO] [1771096745.196120431] [rf2o_laser_odometry]: execution time (ms): 12.000000
[rf2o_laser_odometry_node-5] [INFO] [1771096745.196276311] [rf2o_laser_odometry]: Laser odom [x,y,yaw]=[-0.007383 -2.438895 -0.786340]
[rf2o_laser_odometry_node-5] [INFO] [1771096745.196317171] [rf2o_laser_odometry]: Robot-base odom [x,y,yaw]=[-0.078027 -2.368117 -0.786340]
[rf2o_laser_odometry_node-5] [WARN] [1771096745.236408211] [rf2o_laser_odometry]: Waiting for laser_scans....
[rf2o_laser_odometry_node-5] [INFO] [1771096745.300643011] [rf2o_laser_odometry]: execution time (ms): 16.000000
[rf2o_laser_odometry_node-5] [INFO] [1771096745.300832461] [rf2o_laser_odometry]: Laser odom [x,y,yaw]=[-0.004632 -2.449924 -0.810435]
[rf2o_laser_odometry_node-5] [INFO] [1771096745.300899871] [rf2o_laser_odometry]: Robot-base odom [x,y,yaw]=[-0.073551 -2.377465 -0.810435]
[rf2o_laser_odometry_node-5] [WARN] [1771096745.333612441] [rf2o_laser_odometry]: Waiting for laser_scans....
[rf2o_laser_odometry_node-5] [INFO] [1771096745.396798471] [rf2o_laser_odometry]: execution time (ms): 16.000000
[rf2o_laser_odometry_node-5] [INFO] [1771096745.398392731] [rf2o_laser_odometry]: Laser odom [x,y,yaw]=[-0.002364 -2.460313 -0.833016]
[rf2o_laser_odometry_node-5] [INFO] [1771096745.398462121] [rf2o_laser_odometry]: Robot-base odom [x,y,yaw]=[-0.069629 -2.386317 -0.833016]
[rf2o_laser_odometry_node-5] [WARN] [1771096745.433747701] [rf2o_laser_odometry]: Waiting for laser_scans....
[rf2o_laser_odometry_node-5] [INFO] [1771096745.495319041] [rf2o_laser_odometry]: execution time (ms): 12.000000
[rf2o_laser_odometry_node-5] [INFO] [1771096745.496726191] [rf2o_laser_odometry]: Laser odom [x,y,yaw]=[-0.000276 -2.470947 -0.855736]
[rf2o_laser_odometry_node-5] [INFO] [1771096745.497489481] [rf2o_laser_odometry]: Robot-base odom [x,y,yaw]=[-0.065843 -2.395442 -0.855736]
[rf2o_laser_odometry_node-5] [WARN] [1771096745.533584791] [rf2o_laser_odometry]: Waiting for laser_scans....
[rf2o_laser_odometry_node-5] [WARN] [1771096745.583611291] [rf2o_laser_odometry]: Waiting for laser_scans....
[rf2o_laser_odometry_node-5] [INFO] [1771096745.644109021] [rf2o_laser_odometry]: execution time (ms): 8.000000
[rf2o_laser_odometry_node-5] [INFO] [1771096745.644230611] [rf2o_laser_odometry]: Laser odom [x,y,yaw]=[0.001455 -2.481502 -0.878678]
[rf2o_laser_odometry_node-5] [INFO] [1771096745.644255451] [rf2o_laser_odometry]: Robot-base odom [x,y,yaw]=[-0.062362 -2.404513 -0.878678]
[rf2o_laser_odometry_node-5] [WARN] [1771096745.683612091] [rf2o_laser_odometry]: Waiting for laser_scans....
[rf2o_laser_odometry_node-5] [INFO] [1771096745.743781861] [rf2o_laser_odometry]: execution time (ms): 8.000000
[rf2o_laser_odometry_node-5] [INFO] [1771096745.743936391] [rf2o_laser_odometry]: Laser odom [x,y,yaw]=[0.002968 -2.492228 -0.901565]
[rf2o_laser_odometry_node-5] [INFO] [1771096745.743977161] [rf2o_laser_odometry]: Robot-base odom [x,y,yaw]=[-0.059070 -2.413798 -0.901565]
[rf2o_laser_odometry_node-5] [WARN] [1771096745.783613071] [rf2o_laser_odometry]: Waiting for laser_scans....
[rf2o_laser_odometry_node-5] [INFO] [1771096745.845206551] [rf2o_laser_odometry]: execution time (ms): 12.000000
[rf2o_laser_odometry_node-5] [INFO] [1771096745.845312661] [rf2o_laser_odometry]: Laser odom [x,y,yaw]=[0.004184 -2.502990 -0.924634]
[rf2o_laser_odometry_node-5] [INFO] [1771096745.845337771] [rf2o_laser_odometry]: Robot-base odom [x,y,yaw]=[-0.056029 -2.423150 -0.924634]
[rf2o_laser_odometry_node-5] [WARN] [1771096745.883772361] [rf2o_laser_odometry]: Waiting for laser_scans....
[rf2o_laser_odometry_node-5] [INFO] [1771096745.947825271] [rf2o_laser_odometry]: execution time (ms): 12.000000
[rf2o_laser_odometry_node-5] [INFO] [1771096745.949035411] [rf2o_laser_odometry]: Laser odom [x,y,yaw]=[0.005133 -2.513966 -0.948153]
[rf2o_laser_odometry_node-5] [INFO] [1771096745.949109931] [rf2o_laser_odometry]: Robot-base odom [x,y,yaw]=[-0.053186 -2.432732 -0.948153]
[rf2o_laser_odometry_node-5] [WARN] [1771096745.983704491] [rf2o_laser_odometry]: Waiting for laser_scans....
[rf2o_laser_odometry_node-5] [INFO] [1771096746.047947841] [rf2o_laser_odometry]: execution time (ms): 12.000000
[rf2o_laser_odometry_node-5] [INFO] [1771096746.048168251] [rf2o_laser_odometry]: Laser odom [x,y,yaw]=[0.005760 -2.524888 -0.971894]
[rf2o_laser_odometry_node-5] [INFO] [1771096746.048215051] [rf2o_laser_odometry]: Robot-base odom [x,y,yaw]=[-0.050613 -2.442293 -0.971894]
[rf2o_laser_odometry_node-5] [WARN] [1771096746.083597561] [rf2o_laser_odometry]: Waiting for laser_scans....
[rf2o_laser_odometry_node-5] [WARN] [1771096746.133615511] [rf2o_laser_odometry]: Waiting for laser_scans....
[rf2o_laser_odometry_node-5] [INFO] [1771096746.200620871] [rf2o_laser_odometry]: execution time (ms): 16.000000
[rf2o_laser_odometry_node-5] [INFO] [1771096746.200817071] [rf2o_laser_odometry]: Laser odom [x,y,yaw]=[0.006240 -2.536095 -0.996054]
[rf2o_laser_odometry_node-5] [INFO] [1771096746.200861081] [rf2o_laser_odometry]: Robot-base odom [x,y,yaw]=[-0.048122 -2.452162 -0.996054]
[rf2o_laser_odometry_node-5] [INFO] [1771096746.253256111] [rf2o_laser_odometry]: execution time (ms): 12.000000
[rf2o_laser_odometry_node-5] [INFO] [1771096746.254523491] [rf2o_laser_odometry]: Laser odom [x,y,yaw]=[0.006360 -2.547306 -1.020549]
[rf2o_laser_odometry_node-5] [INFO] [1771096746.255390641] [rf2o_laser_odometry]: Robot-base odom [x,y,yaw]=[-0.045930 -2.462067 -1.020549]
[rf2o_laser_odometry_node-5] [WARN] [1771096746.283991561] [rf2o_laser_odometry]: Waiting for laser_scans....
[rf2o_laser_odometry_node-5] [INFO] [1771096746.345926411] [rf2o_laser_odometry]: execution time (ms): 12.000000
[rf2o_laser_odometry_node-5] [INFO] [1771096746.347266421] [rf2o_laser_odometry]: Laser odom [x,y,yaw]=[0.006253 -2.558682 -1.045409]
[rf2o_laser_odometry_node-5] [INFO] [1771096746.348273791] [rf2o_laser_odometry]: Robot-base odom [x,y,yaw]=[-0.043902 -2.472169 -1.045409]
[rf2o_laser_odometry_node-5] [WARN] [1771096746.383622641] [rf2o_laser_odometry]: Waiting for laser_scans....
[rf2o_laser_odometry_node-5] [INFO] [1771096746.447273251] [rf2o_laser_odometry]: execution time (ms): 12.000000
[rf2o_laser_odometry_node-5] [INFO] [1771096746.447452261] [rf2o_laser_odometry]: Laser odom [x,y,yaw]=[0.005870 -2.570201 -1.070959]
[rf2o_laser_odometry_node-5] [INFO] [1771096746.447489971] [rf2o_laser_odometry]: Robot-base odom [x,y,yaw]=[-0.042058 -2.482435 -1.070959]
[rf2o_laser_odometry_node-5] [WARN] [1771096746.483656381] [rf2o_laser_odometry]: Waiting for laser_scans....
[rf2o_laser_odometry_node-5] [INFO] [1771096746.546092081] [rf2o_laser_odometry]: execution time (ms): 12.000000
[rf2o_laser_odometry_node-5] [INFO] [1771096746.546652781] [rf2o_laser_odometry]: Laser odom [x,y,yaw]=[0.005253 -2.582016 -1.097417]
[rf2o_laser_odometry_node-5] [INFO] [1771096746.546693191] [rf2o_laser_odometry]: Robot-base odom [x,y,yaw]=[-0.040337 -2.493013 -1.097417]
[rf2o_laser_odometry_node-5] [WARN] [1771096746.583637111] [rf2o_laser_odometry]: Waiting for laser_scans....
[rf2o_laser_odometry_node-5] [INFO] [1771096746.643934861] [rf2o_laser_odometry]: execution time (ms): 12.000000
[rf2o_laser_odometry_node-5] [INFO] [1771096746.644648111] [rf2o_laser_odometry]: Laser odom [x,y,yaw]=[0.004424 -2.593982 -1.124532]
[rf2o_laser_odometry_node-5] [INFO] [1771096746.644693921] [rf2o_laser_odometry]: Robot-base odom [x,y,yaw]=[-0.038736 -2.503775 -1.124532]
[rf2o_laser_odometry_node-5] [WARN] [1771096746.683624321] [rf2o_laser_odometry]: Waiting for laser_scans....
[rf2o_laser_odometry_node-5] [INFO] [1771096746.745646651] [rf2o_laser_odometry]: execution time (ms): 12.000000
[rf2o_laser_odometry_node-5] [INFO] [1771096746.745838891] [rf2o_laser_odometry]: Laser odom [x,y,yaw]=[0.003363 -2.606617 -1.152376]
[rf2o_laser_odometry_node-5] [INFO] [1771096746.745884071] [rf2o_laser_odometry]: Robot-base odom [x,y,yaw]=[-0.037269 -2.515243 -1.152376]
[rf2o_laser_odometry_node-5] [WARN] [1771096746.783615671] [rf2o_laser_odometry]: Waiting for laser_scans....
[rf2o_laser_odometry_node-5] [INFO] [1771096746.845053091] [rf2o_laser_odometry]: execution time (ms): 12.000000
[rf2o_laser_odometry_node-5] [INFO] [1771096746.845228141] [rf2o_laser_odometry]: Laser odom [x,y,yaw]=[0.002308 -2.620001 -1.181570]
[rf2o_laser_odometry_node-5] [INFO] [1771096746.845264051] [rf2o_laser_odometry]: Robot-base odom [x,y,yaw]=[-0.035639 -2.527481 -1.181570]
[rf2o_laser_odometry_node-5] [WARN] [1771096746.883603151] [rf2o_laser_odometry]: Waiting for laser_scans....
[rf2o_laser_odometry_node-5] [INFO] [1771096746.944325971] [rf2o_laser_odometry]: execution time (ms): 8.000000
[rf2o_laser_odometry_node-5] [INFO] [1771096746.944521541] [rf2o_laser_odometry]: Laser odom [x,y,yaw]=[0.001324 -2.634568 -1.212238]
[rf2o_laser_odometry_node-5] [INFO] [1771096746.944553131] [rf2o_laser_odometry]: Robot-base odom [x,y,yaw]=[-0.033768 -2.540928 -1.212238]
[rf2o_laser_odometry_node-5] [WARN] [1771096746.983799431] [rf2o_laser_odometry]: Waiting for laser_scans....
[rf2o_laser_odometry_node-5] [INFO] [1771096747.045130831] [rf2o_laser_odometry]: execution time (ms): 8.000000
[rf2o_laser_odometry_node-5] [INFO] [1771096747.046085281] [rf2o_laser_odometry]: Laser odom [x,y,yaw]=[0.000069 -2.650271 -1.244086]
[rf2o_laser_odometry_node-5] [INFO] [1771096747.046193911] [rf2o_laser_odometry]: Robot-base odom [x,y,yaw]=[-0.032024 -2.555561 -1.244086]
[rf2o_laser_odometry_node-5] [WARN] [1771096747.083834161] [rf2o_laser_odometry]: Waiting for laser_scans....
[rf2o_laser_odometry_node-5] [INFO] [1771096747.147569371] [rf2o_laser_odometry]: execution time (ms): 12.000000
[rf2o_laser_odometry_node-5] [INFO] [1771096747.147692041] [rf2o_laser_odometry]: Laser odom [x,y,yaw]=[-0.001388 -2.665624 -1.274619]
[rf2o_laser_odometry_node-5] [INFO] [1771096747.147717241] [rf2o_laser_odometry]: Robot-base odom [x,y,yaw]=[-0.030574 -2.569978 -1.274619]
[rf2o_laser_odometry_node-5] [WARN] [1771096747.183598621] [rf2o_laser_odometry]: Waiting for laser_scans....
[rf2o_laser_odometry_node-5] [INFO] [1771096747.249697681] [rf2o_laser_odometry]: execution time (ms): 16.000000
[rf2o_laser_odometry_node-5] [INFO] [1771096747.249859951] [rf2o_laser_odometry]: Laser odom [x,y,yaw]=[-0.003252 -2.680704 -1.303265]
[rf2o_laser_odometry_node-5] [INFO] [1771096747.249907651] [rf2o_laser_odometry]: Robot-base odom [x,y,yaw]=[-0.029687 -2.584262 -1.303265]
[rf2o_laser_odometry_node-5] [WARN] [1771096747.283902361] [rf2o_laser_odometry]: Waiting for laser_scans....
[rf2o_laser_odometry_node-5] [INFO] [1771096747.348453061] [rf2o_laser_odometry]: execution time (ms): 12.000000
[rf2o_laser_odometry_node-5] [INFO] [1771096747.349474921] [rf2o_laser_odometry]: Laser odom [x,y,yaw]=[-0.005239 -2.695319 -1.328922]
[rf2o_laser_odometry_node-5] [INFO] [1771096747.349549081] [rf2o_laser_odometry]: Robot-base odom [x,y,yaw]=[-0.029191 -2.598230 -1.328922]
[rf2o_laser_odometry_node-5] [WARN] [1771096747.383610481] [rf2o_laser_odometry]: Waiting for laser_scans....
[rf2o_laser_odometry_node-5] [INFO] [1771096747.445291531] [rf2o_laser_odometry]: execution time (ms): 8.000000
[rf2o_laser_odometry_node-5] [INFO] [1771096747.445484311] [rf2o_laser_odometry]: Laser odom [x,y,yaw]=[-0.007141 -2.709116 -1.349544]
[rf2o_laser_odometry_node-5] [INFO] [1771096747.445518421] [rf2o_laser_odometry]: Robot-base odom [x,y,yaw]=[-0.029087 -2.611554 -1.349544]
[rf2o_laser_odometry_node-5] [WARN] [1771096747.483613621] [rf2o_laser_odometry]: Waiting for laser_scans....
[rf2o_laser_odometry_node-5] [INFO] [1771096747.545441731] [rf2o_laser_odometry]: execution time (ms): 12.000000
[rf2o_laser_odometry_node-5] [INFO] [1771096747.545644861] [rf2o_laser_odometry]: Laser odom [x,y,yaw]=[-0.008528 -2.721982 -1.366256]
[rf2o_laser_odometry_node-5] [INFO] [1771096747.545687701] [rf2o_laser_odometry]: Robot-base odom [x,y,yaw]=[-0.028840 -2.624067 -1.366256]
[rf2o_laser_odometry_node-5] [WARN] [1771096747.583630531] [rf2o_laser_odometry]: Waiting for laser_scans....
[rf2o_laser_odometry_node-5] [INFO] [1771096747.646584181] [rf2o_laser_odometry]: execution time (ms): 12.000000
[rf2o_laser_odometry_node-5] [INFO] [1771096747.646753651] [rf2o_laser_odometry]: Laser odom [x,y,yaw]=[-0.009395 -2.733665 -1.380580]
[rf2o_laser_odometry_node-5] [INFO] [1771096747.646782271] [rf2o_laser_odometry]: Robot-base odom [x,y,yaw]=[-0.028302 -2.635468 -1.380580]
[rf2o_laser_odometry_node-5] [WARN] [1771096747.683583361] [rf2o_laser_odometry]: Waiting for laser_scans....
[rf2o_laser_odometry_node-5] [INFO] [1771096747.745217971] [rf2o_laser_odometry]: execution time (ms): 8.000000
[rf2o_laser_odometry_node-5] [INFO] [1771096747.745374571] [rf2o_laser_odometry]: Laser odom [x,y,yaw]=[-0.010002 -2.744778 -1.393397]
[rf2o_laser_odometry_node-5] [INFO] [1771096747.745413901] [rf2o_laser_odometry]: Robot-base odom [x,y,yaw]=[-0.027649 -2.646348 -1.393397]
[rf2o_laser_odometry_node-5] [WARN] [1771096747.783635011] [rf2o_laser_odometry]: Waiting for laser_scans....
[rf2o_laser_odometry_node-5] [INFO] [1771096747.852399691] [rf2o_laser_odometry]: execution time (ms): 16.000000
[rf2o_laser_odometry_node-5] [INFO] [1771096747.852526861] [rf2o_laser_odometry]: Laser odom [x,y,yaw]=[-0.010439 -2.755265 -1.404016]
[rf2o_laser_odometry_node-5] [INFO] [1771096747.852552241] [rf2o_laser_odometry]: Robot-base odom [x,y,yaw]=[-0.027040 -2.656653 -1.404016]
[rf2o_laser_odometry_node-5] [WARN] [1771096747.883754161] [rf2o_laser_odometry]: Waiting for laser_scans....
[rf2o_laser_odometry_node-5] [WARN] [1771096747.933960301] [rf2o_laser_odometry]: Waiting for laser_scans....
[rf2o_laser_odometry_node-5] [INFO] [1771096747.995360461] [rf2o_laser_odometry]: execution time (ms): 12.000000
[rf2o_laser_odometry_node-5] [INFO] [1771096747.995520301] [rf2o_laser_odometry]: Laser odom [x,y,yaw]=[-0.010553 -2.765398 -1.412474]
[rf2o_laser_odometry_node-5] [INFO] [1771096747.995562061] [rf2o_laser_odometry]: Robot-base odom [x,y,yaw]=[-0.026319 -2.666649 -1.412474]
[rf2o_laser_odometry_node-5] [WARN] [1771096748.033656451] [rf2o_laser_odometry]: Waiting for laser_scans....
[rf2o_laser_odometry_node-5] [INFO] [1771096748.097745721] [rf2o_laser_odometry]: execution time (ms): 12.000000
[rf2o_laser_odometry_node-5] [INFO] [1771096748.097937871] [rf2o_laser_odometry]: Laser odom [x,y,yaw]=[-0.010324 -2.775327 -1.418210]
[rf2o_laser_odometry_node-5] [INFO] [1771096748.097979811] [rf2o_laser_odometry]: Robot-base odom [x,y,yaw]=[-0.025523 -2.676489 -1.418210]
[rf2o_laser_odometry_node-5] [WARN] [1771096748.134110671] [rf2o_laser_odometry]: Waiting for laser_scans....
[rf2o_laser_odometry_node-5] [INFO] [1771096748.201320691] [rf2o_laser_odometry]: execution time (ms): 16.000000
[rf2o_laser_odometry_node-5] [INFO] [1771096748.201589341] [rf2o_laser_odometry]: Laser odom [x,y,yaw]=[-0.009856 -2.785150 -1.422604]
[rf2o_laser_odometry_node-5] [INFO] [1771096748.201639651] [rf2o_laser_odometry]: Robot-base odom [x,y,yaw]=[-0.024621 -2.686247 -1.422604]
[rf2o_laser_odometry_node-5] [WARN] [1771096748.234426021] [rf2o_laser_odometry]: Waiting for laser_scans....
[rf2o_laser_odometry_node-5] [WARN] [1771096748.283690221] [rf2o_laser_odometry]: Waiting for laser_scans....
[rf2o_laser_odometry_node-5] [INFO] [1771096748.345251031] [rf2o_laser_odometry]: execution time (ms): 12.000000
[rf2o_laser_odometry_node-5] [INFO] [1771096748.345385851] [rf2o_laser_odometry]: Laser odom [x,y,yaw]=[-0.009313 -2.794091 -1.427158]
[rf2o_laser_odometry_node-5] [INFO] [1771096748.345411591] [rf2o_laser_odometry]: Robot-base odom [x,y,yaw]=[-0.023628 -2.695121 -1.427158]
[rf2o_laser_odometry_node-5] [INFO] [1771096748.396586041] [rf2o_laser_odometry]: execution time (ms): 12.000000
[rf2o_laser_odometry_node-5] [INFO] [1771096748.396742011] [rf2o_laser_odometry]: Laser odom [x,y,yaw]=[-0.008593 -2.802778 -1.429921]
[rf2o_laser_odometry_node-5] [INFO] [1771096748.396783231] [rf2o_laser_odometry]: Robot-base odom [x,y,yaw]=[-0.022634 -2.703768 -1.429921]
[rf2o_laser_odometry_node-5] [WARN] [1771096748.433668651] [rf2o_laser_odometry]: Waiting for laser_scans....
[rf2o_laser_odometry_node-5] [INFO] [1771096748.494613591] [rf2o_laser_odometry]: execution time (ms): 8.000000
[rf2o_laser_odometry_node-5] [INFO] [1771096748.494777661] [rf2o_laser_odometry]: Laser odom [x,y,yaw]=[-0.007635 -2.811091 -1.429921]
[rf2o_laser_odometry_node-5] [INFO] [1771096748.494817081] [rf2o_laser_odometry]: Robot-base odom [x,y,yaw]=[-0.021676 -2.712082 -1.429921]
[rf2o_laser_odometry_node-5] [WARN] [1771096748.533638491] [rf2o_laser_odometry]: Waiting for laser_scans....
[rf2o_laser_odometry_node-5] [INFO] [1771096748.598280811] [rf2o_laser_odometry]: execution time (ms): 16.000000
[rf2o_laser_odometry_node-5] [INFO] [1771096748.598481871] [rf2o_laser_odometry]: Laser odom [x,y,yaw]=[-0.006717 -2.816188 -1.426234]
[rf2o_laser_odometry_node-5] [INFO] [1771096748.598590321] [rf2o_laser_odometry]: Robot-base odom [x,y,yaw]=[-0.021123 -2.717232 -1.426234]
[rf2o_laser_odometry_node-5] [WARN] [1771096748.633620301] [rf2o_laser_odometry]: Waiting for laser_scans....
[rf2o_laser_odometry_node-5] [INFO] [1771096748.695619951] [rf2o_laser_odometry]: execution time (ms): 12.000000
[rf2o_laser_odometry_node-5] [INFO] [1771096748.696344001] [rf2o_laser_odometry]: Laser odom [x,y,yaw]=[-0.005726 -2.820234 -1.422020]
[rf2o_laser_odometry_node-5] [INFO] [1771096748.696396831] [rf2o_laser_odometry]: Robot-base odom [x,y,yaw]=[-0.020549 -2.721338 -1.422020]
[rf2o_laser_odometry_node-5] [WARN] [1771096748.733642071] [rf2o_laser_odometry]: Waiting for laser_scans....
[rf2o_laser_odometry_node-5] [WARN] [1771096748.783679371] [rf2o_laser_odometry]: Waiting for laser_scans....
[rf2o_laser_odometry_node-5] [INFO] [1771096748.852461151] [rf2o_laser_odometry]: execution time (ms): 16.000000
[rf2o_laser_odometry_node-5] [INFO] [1771096748.857799501] [rf2o_laser_odometry]: Laser odom [x,y,yaw]=[-0.004602 -2.824269 -1.418499]
[rf2o_laser_odometry_node-5] [INFO] [1771096748.857894631] [rf2o_laser_odometry]: Robot-base odom [x,y,yaw]=[-0.019773 -2.725426 -1.418499]
[rf2o_laser_odometry_node-5] [INFO] [1771096748.898298331] [rf2o_laser_odometry]: execution time (ms): 16.000000
[rf2o_laser_odometry_node-5] [INFO] [1771096748.898501281] [rf2o_laser_odometry]: Laser odom [x,y,yaw]=[-0.003247 -2.828674 -1.414961]
[rf2o_laser_odometry_node-5] [INFO] [1771096748.898542051] [rf2o_laser_odometry]: Robot-base odom [x,y,yaw]=[-0.018767 -2.729886 -1.414961]
[rf2o_laser_odometry_node-5] [WARN] [1771096748.933603711] [rf2o_laser_odometry]: Waiting for laser_scans....
[rf2o_laser_odometry_node-5] [INFO] [1771096749.006222371] [rf2o_laser_odometry]: execution time (ms): 20.000000
[rf2o_laser_odometry_node-5] [INFO] [1771096749.006468611] [rf2o_laser_odometry]: Laser odom [x,y,yaw]=[-0.001557 -2.833824 -1.411116]
[rf2o_laser_odometry_node-5] [INFO] [1771096749.006516311] [rf2o_laser_odometry]: Robot-base odom [x,y,yaw]=[-0.017458 -2.735097 -1.411116]
[rf2o_laser_odometry_node-5] [WARN] [1771096749.033714761] [rf2o_laser_odometry]: Waiting for laser_scans....
[rf2o_laser_odometry_node-5] [INFO] [1771096749.097848131] [rf2o_laser_odometry]: execution time (ms): 16.000000
[rf2o_laser_odometry_node-5] [INFO] [1771096749.098017961] [rf2o_laser_odometry]: Laser odom [x,y,yaw]=[0.000366 -2.839272 -1.405745]
[rf2o_laser_odometry_node-5] [INFO] [1771096749.098055851] [rf2o_laser_odometry]: Robot-base odom [x,y,yaw]=[-0.016064 -2.740631 -1.405745]
[rf2o_laser_odometry_node-5] [WARN] [1771096749.133572371] [rf2o_laser_odometry]: Waiting for laser_scans....
[rf2o_laser_odometry_node-5] [INFO] [1771096749.195424151] [rf2o_laser_odometry]: execution time (ms): 8.000000
[rf2o_laser_odometry_node-5] [INFO] [1771096749.195577601] [rf2o_laser_odometry]: Laser odom [x,y,yaw]=[0.002380 -2.844600 -1.400286]
[rf2o_laser_odometry_node-5] [INFO] [1771096749.195606311] [rf2o_laser_odometry]: Robot-base odom [x,y,yaw]=[-0.014589 -2.746050 -1.400286]
[rf2o_laser_odometry_node-5] [WARN] [1771096749.233650121] [rf2o_laser_odometry]: Waiting for laser_scans....
[rf2o_laser_odometry_node-5] [WARN] [1771096749.283598591] [rf2o_laser_odometry]: Waiting for laser_scans....
[rf2o_laser_odometry_node-5] [INFO] [1771096749.345504911] [rf2o_laser_odometry]: execution time (ms): 12.000000
[rf2o_laser_odometry_node-5] [INFO] [1771096749.345627851] [rf2o_laser_odometry]: Laser odom [x,y,yaw]=[0.004543 -2.849700 -1.393235]
[rf2o_laser_odometry_node-5] [INFO] [1771096749.345652601] [rf2o_laser_odometry]: Robot-base odom [x,y,yaw]=[-0.013120 -2.751272 -1.393235]
[rf2o_laser_odometry_node-5] [WARN] [1771096749.383631161] [rf2o_laser_odometry]: Waiting for laser_scans....
[rf2o_laser_odometry_node-5] [INFO] [1771096749.444484661] [rf2o_laser_odometry]: execution time (ms): 12.000000
[rf2o_laser_odometry_node-5] [INFO] [1771096749.445663931] [rf2o_laser_odometry]: Laser odom [x,y,yaw]=[0.006833 -2.854712 -1.385197]
[rf2o_laser_odometry_node-5] [INFO] [1771096749.446796851] [rf2o_laser_odometry]: Robot-base odom [x,y,yaw]=[-0.011621 -2.756430 -1.385197]
[rf2o_laser_odometry_node-5] [WARN] [1771096749.483605231] [rf2o_laser_odometry]: Waiting for laser_scans....
[rf2o_laser_odometry_node-5] [INFO] [1771096749.546860561] [rf2o_laser_odometry]: execution time (ms): 12.000000
[rf2o_laser_odometry_node-5] [INFO] [1771096749.547036241] [rf2o_laser_odometry]: Laser odom [x,y,yaw]=[0.009244 -2.859590 -1.376796]
[rf2o_laser_odometry_node-5] [INFO] [1771096749.547079171] [rf2o_laser_odometry]: Robot-base odom [x,y,yaw]=[-0.010035 -2.761466 -1.376796]
[rf2o_laser_odometry_node-5] [WARN] [1771096749.583641041] [rf2o_laser_odometry]: Waiting for laser_scans....
[rf2o_laser_odometry_node-5] [INFO] [1771096749.645114281] [rf2o_laser_odometry]: execution time (ms): 12.000000
[rf2o_laser_odometry_node-5] [INFO] [1771096749.645295181] [rf2o_laser_odometry]: Laser odom [x,y,yaw]=[0.011807 -2.864428 -1.367461]
[rf2o_laser_odometry_node-5] [INFO] [1771096749.645342071] [rf2o_laser_odometry]: Robot-base odom [x,y,yaw]=[-0.008386 -2.766488 -1.367461]
[rf2o_laser_odometry_node-5] [WARN] [1771096749.683623481] [rf2o_laser_odometry]: Waiting for laser_scans....
[rf2o_laser_odometry_node-5] [INFO] [1771096749.749492141] [rf2o_laser_odometry]: execution time (ms): 12.000000
[rf2o_laser_odometry_node-5] [INFO] [1771096749.749658551] [rf2o_laser_odometry]: Laser odom [x,y,yaw]=[0.014477 -2.869140 -1.357677]
[rf2o_laser_odometry_node-5] [INFO] [1771096749.749697971] [rf2o_laser_odometry]: Robot-base odom [x,y,yaw]=[-0.006674 -2.771402 -1.357677]
[rf2o_laser_odometry_node-5] [WARN] [1771096749.783577931] [rf2o_laser_odometry]: Waiting for laser_scans....
[rf2o_laser_odometry_node-5] [INFO] [1771096749.845459231] [rf2o_laser_odometry]: execution time (ms): 12.000000
[rf2o_laser_odometry_node-5] [INFO] [1771096749.845608631] [rf2o_laser_odometry]: Laser odom [x,y,yaw]=[0.017289 -2.873852 -1.347528]
[rf2o_laser_odometry_node-5] [INFO] [1771096749.845634551] [rf2o_laser_odometry]: Robot-base odom [x,y,yaw]=[-0.004853 -2.776334 -1.347528]
[rf2o_laser_odometry_node-5] [WARN] [1771096749.883647491] [rf2o_laser_odometry]: Waiting for laser_scans....
[rviz2-10] [INFO] [1771096749.897701981] [rviz2]: Trying to create a map of size 123 x 240 using 1 swatches
[rf2o_laser_odometry_node-5] [INFO] [1771096749.945378581] [rf2o_laser_odometry]: execution time (ms): 12.000000
[rf2o_laser_odometry_node-5] [INFO] [1771096749.945589901] [rf2o_laser_odometry]: Laser odom [x,y,yaw]=[0.020170 -2.878446 -1.336898]
[rf2o_laser_odometry_node-5] [INFO] [1771096749.945631571] [rf2o_laser_odometry]: Robot-base odom [x,y,yaw]=[-0.003008 -2.781169 -1.336898]
[rf2o_laser_odometry_node-5] [WARN] [1771096749.983732801] [rf2o_laser_odometry]: Waiting for laser_scans....
[rf2o_laser_odometry_node-5] [INFO] [1771096750.045368401] [rf2o_laser_odometry]: execution time (ms): 12.000000
[rf2o_laser_odometry_node-5] [INFO] [1771096750.045501601] [rf2o_laser_odometry]: Laser odom [x,y,yaw]=[0.023173 -2.882849 -1.326200]
[rf2o_laser_odometry_node-5] [INFO] [1771096750.045526621] [rf2o_laser_odometry]: Robot-base odom [x,y,yaw]=[-0.001043 -2.785826 -1.326200]
[rf2o_laser_odometry_node-5] [WARN] [1771096750.083645761] [rf2o_laser_odometry]: Waiting for laser_scans....
[rf2o_laser_odometry_node-5] [INFO] [1771096750.147935461] [rf2o_laser_odometry]: execution time (ms): 12.000000
[rf2o_laser_odometry_node-5] [INFO] [1771096750.148115191] [rf2o_laser_odometry]: Laser odom [x,y,yaw]=[0.026315 -2.887260 -1.314880]
[rf2o_laser_odometry_node-5] [INFO] [1771096750.148154701] [rf2o_laser_odometry]: Robot-base odom [x,y,yaw]=[0.001002 -2.790517 -1.314880]
[rf2o_laser_odometry_node-5] [WARN] [1771096750.183634861] [rf2o_laser_odometry]: Waiting for laser_scans....
[rf2o_laser_odometry_node-5] [INFO] [1771096750.247670401] [rf2o_laser_odometry]: execution time (ms): 12.000000
[rf2o_laser_odometry_node-5] [INFO] [1771096750.247870921] [rf2o_laser_odometry]: Laser odom [x,y,yaw]=[0.029538 -2.891531 -1.303320]
[rf2o_laser_odometry_node-5] [INFO] [1771096750.247911511] [rf2o_laser_odometry]: Robot-base odom [x,y,yaw]=[0.003108 -2.795087 -1.303320]
[rf2o_laser_odometry_node-5] [WARN] [1771096750.283643311] [rf2o_laser_odometry]: Waiting for laser_scans....
[rf2o_laser_odometry_node-5] [INFO] [1771096750.344811811] [rf2o_laser_odometry]: execution time (ms): 12.000000
[rf2o_laser_odometry_node-5] [INFO] [1771096750.344928451] [rf2o_laser_odometry]: Laser odom [x,y,yaw]=[0.032791 -2.895630 -1.291952]
[rf2o_laser_odometry_node-5] [INFO] [1771096750.344973631] [rf2o_laser_odometry]: Robot-base odom [x,y,yaw]=[0.005267 -2.799493 -1.291952]
[rf2o_laser_odometry_node-5] [WARN] [1771096750.383605771] [rf2o_laser_odometry]: Waiting for laser_scans....
[rf2o_laser_odometry_node-5] [INFO] [1771096750.445030051] [rf2o_laser_odometry]: execution time (ms): 12.000000
[rf2o_laser_odometry_node-5] [INFO] [1771096750.445872001] [rf2o_laser_odometry]: Laser odom [x,y,yaw]=[0.036188 -2.899736 -1.280086]
[rf2o_laser_odometry_node-5] [INFO] [1771096750.446456731] [rf2o_laser_odometry]: Robot-base odom [x,y,yaw]=[0.007524 -2.803932 -1.280086]
[rf2o_laser_odometry_node-5] [WARN] [1771096750.483635191] [rf2o_laser_odometry]: Waiting for laser_scans....
[rf2o_laser_odometry_node-5] [INFO] [1771096750.544911601] [rf2o_laser_odometry]: execution time (ms): 12.000000
[rf2o_laser_odometry_node-5] [INFO] [1771096750.545061361] [rf2o_laser_odometry]: Laser odom [x,y,yaw]=[0.039669 -2.903802 -1.268012]
[rf2o_laser_odometry_node-5] [INFO] [1771096750.545109151] [rf2o_laser_odometry]: Robot-base odom [x,y,yaw]=[0.009851 -2.808351 -1.268012]
[rf2o_laser_odometry_node-5] [WARN] [1771096750.583629241] [rf2o_laser_odometry]: Waiting for laser_scans....
[rf2o_laser_odometry_node-5] [INFO] [1771096750.648919741] [rf2o_laser_odometry]: execution time (ms): 0.000000
[rf2o_laser_odometry_node-5] [INFO] [1771096750.649122601] [rf2o_laser_odometry]: Laser odom [x,y,yaw]=[0.043205 -2.907587 -1.255737]
[rf2o_laser_odometry_node-5] [INFO] [1771096750.649171471] [rf2o_laser_odometry]: Robot-base odom [x,y,yaw]=[0.012217 -2.812509 -1.255737]
[rf2o_laser_odometry_node-5] [WARN] [1771096750.684292711] [rf2o_laser_odometry]: Waiting for laser_scans....
[rf2o_laser_odometry_node-5] [WARN] [1771096750.733651771] [rf2o_laser_odometry]: Waiting for laser_scans....
[rf2o_laser_odometry_node-5] [INFO] [1771096750.795835561] [rf2o_laser_odometry]: execution time (ms): 12.000000
[rf2o_laser_odometry_node-5] [INFO] [1771096750.795964261] [rf2o_laser_odometry]: Laser odom [x,y,yaw]=[0.046841 -2.911311 -1.243254]
[rf2o_laser_odometry_node-5] [INFO] [1771096750.795989641] [rf2o_laser_odometry]: Robot-base odom [x,y,yaw]=[0.014670 -2.816628 -1.243254]
[rf2o_laser_odometry_node-5] [WARN] [1771096750.833781271] [rf2o_laser_odometry]: Waiting for laser_scans....
[rf2o_laser_odometry_node-5] [INFO] [1771096750.893898031] [rf2o_laser_odometry]: execution time (ms): 8.000000
[rf2o_laser_odometry_node-5] [INFO] [1771096750.894017371] [rf2o_laser_odometry]: Laser odom [x,y,yaw]=[0.050538 -2.915023 -1.230772]
[rf2o_laser_odometry_node-5] [INFO] [1771096750.894041941] [rf2o_laser_odometry]: Robot-base odom [x,y,yaw]=[0.017187 -2.820748 -1.230772]
[rf2o_laser_odometry_node-5] [WARN] [1771096750.933632671] [rf2o_laser_odometry]: Waiting for laser_scans....
[rf2o_laser_odometry_node-5] [INFO] [1771096750.995615671] [rf2o_laser_odometry]: execution time (ms): 12.000000
[rf2o_laser_odometry_node-5] [INFO] [1771096750.995771281] [rf2o_laser_odometry]: Laser odom [x,y,yaw]=[0.054252 -2.918607 -1.218405]
[rf2o_laser_odometry_node-5] [INFO] [1771096750.995837251] [rf2o_laser_odometry]: Robot-base odom [x,y,yaw]=[0.019738 -2.824752 -1.218405]
[rf2o_laser_odometry_node-5] [WARN] [1771096751.033626361] [rf2o_laser_odometry]: Waiting for laser_scans....
[rf2o_laser_odometry_node-5] [INFO] [1771096751.096135681] [rf2o_laser_odometry]: execution time (ms): 16.000000
[rf2o_laser_odometry_node-5] [INFO] [1771096751.097035591] [rf2o_laser_odometry]: Laser odom [x,y,yaw]=[0.058031 -2.922172 -1.206091]
[rf2o_laser_odometry_node-5] [INFO] [1771096751.097104711] [rf2o_laser_odometry]: Robot-base odom [x,y,yaw]=[0.022364 -2.828749 -1.206091]
[rf2o_laser_odometry_node-5] [WARN] [1771096751.133672251] [rf2o_laser_odometry]: Waiting for laser_scans....
[rf2o_laser_odometry_node-5] [INFO] [1771096751.195987351] [rf2o_laser_odometry]: execution time (ms): 12.000000
[rf2o_laser_odometry_node-5] [INFO] [1771096751.198047271] [rf2o_laser_odometry]: Laser odom [x,y,yaw]=[0.061853 -2.925684 -1.193796]
[rf2o_laser_odometry_node-5] [INFO] [1771096751.198927741] [rf2o_laser_odometry]: Robot-base odom [x,y,yaw]=[0.025040 -2.832706 -1.193796]
[rf2o_laser_odometry_node-5] [WARN] [1771096751.233603751] [rf2o_laser_odometry]: Waiting for laser_scans....
[rf2o_laser_odometry_node-5] [INFO] [1771096751.294489111] [rf2o_laser_odometry]: execution time (ms): 8.000000
[rf2o_laser_odometry_node-5] [INFO] [1771096751.294648051] [rf2o_laser_odometry]: Laser odom [x,y,yaw]=[0.065673 -2.929052 -1.181569]
[rf2o_laser_odometry_node-5] [INFO] [1771096751.294688551] [rf2o_laser_odometry]: Robot-base odom [x,y,yaw]=[0.027726 -2.836531 -1.181569]
[rf2o_laser_odometry_node-5] [WARN] [1771096751.333622641] [rf2o_laser_odometry]: Waiting for laser_scans....
[rf2o_laser_odometry_node-5] [WARN] [1771096751.383610351] [rf2o_laser_odometry]: Waiting for laser_scans....
[rf2o_laser_odometry_node-5] [INFO] [1771096751.445528371] [rf2o_laser_odometry]: execution time (ms): 12.000000
[rf2o_laser_odometry_node-5] [INFO] [1771096751.445725741] [rf2o_laser_odometry]: Laser odom [x,y,yaw]=[0.069607 -2.932454 -1.168921]
[rf2o_laser_odometry_node-5] [INFO] [1771096751.445771371] [rf2o_laser_odometry]: Robot-base odom [x,y,yaw]=[0.030493 -2.840421 -1.168921]
[rf2o_laser_odometry_node-5] [INFO] [1771096751.497213211] [rf2o_laser_odometry]: execution time (ms): 16.000000
[rf2o_laser_odometry_node-5] [INFO] [1771096751.497370981] [rf2o_laser_odometry]: Laser odom [x,y,yaw]=[0.073500 -2.935669 -1.156477]
[rf2o_laser_odometry_node-5] [INFO] [1771096751.497429301] [rf2o_laser_odometry]: Robot-base odom [x,y,yaw]=[0.033244 -2.844130 -1.156477]
[rf2o_laser_odometry_node-5] [WARN] [1771096751.533573121] [rf2o_laser_odometry]: Waiting for laser_scans....
[rf2o_laser_odometry_node-5] [INFO] [1771096751.597646731] [rf2o_laser_odometry]: execution time (ms): 12.000000
[rf2o_laser_odometry_node-5] [INFO] [1771096751.597845001] [rf2o_laser_odometry]: Laser odom [x,y,yaw]=[0.071446 -2.934265 -1.160706]
[rf2o_laser_odometry_node-5] [INFO] [1771096751.597915741] [rf2o_laser_odometry]: Robot-base odom [x,y,yaw]=[0.031577 -2.842556 -1.160706]
[rf2o_laser_odometry_node-5] [WARN] [1771096751.633747891] [rf2o_laser_odometry]: Waiting for laser_scans....
[rf2o_laser_odometry_node-5] [INFO] [1771096751.697398141] [rf2o_laser_odometry]: execution time (ms): 16.000000
[rf2o_laser_odometry_node-5] [INFO] [1771096751.700278591] [rf2o_laser_odometry]: Laser odom [x,y,yaw]=[0.068676 -2.932175 -1.165661]
[rf2o_laser_odometry_node-5] [INFO] [1771096751.702979581] [rf2o_laser_odometry]: Robot-base odom [x,y,yaw]=[0.029262 -2.840270 -1.165661]
[rf2o_laser_odometry_node-5] [WARN] [1771096751.733599561] [rf2o_laser_odometry]: Waiting for laser_scans....
[rf2o_laser_odometry_node-5] [INFO] [1771096751.794536761] [rf2o_laser_odometry]: execution time (ms): 8.000000
[rf2o_laser_odometry_node-5] [INFO] [1771096751.794731971] [rf2o_laser_odometry]: Laser odom [x,y,yaw]=[0.066299 -2.929738 -1.169079]
[rf2o_laser_odometry_node-5] [INFO] [1771096751.794777871] [rf2o_laser_odometry]: Robot-base odom [x,y,yaw]=[0.027199 -2.837699 -1.169079]
[rf2o_laser_odometry_node-5] [WARN] [1771096751.833639961] [rf2o_laser_odometry]: Waiting for laser_scans....
[rf2o_laser_odometry_node-5] [INFO] [1771096751.894831231] [rf2o_laser_odometry]: execution time (ms): 12.000000
[rf2o_laser_odometry_node-5] [INFO] [1771096751.895009881] [rf2o_laser_odometry]: Laser odom [x,y,yaw]=[0.064141 -2.926738 -1.172766]
[rf2o_laser_odometry_node-5] [INFO] [1771096751.895047411] [rf2o_laser_odometry]: Robot-base odom [x,y,yaw]=[0.025381 -2.834555 -1.172766]
[rf2o_laser_odometry_node-5] [WARN] [1771096751.933670011] [rf2o_laser_odometry]: Waiting for laser_scans....
[rf2o_laser_odometry_node-5] [INFO] [1771096751.995261331] [rf2o_laser_odometry]: execution time (ms): 12.000000
[rf2o_laser_odometry_node-5] [INFO] [1771096751.995419821] [rf2o_laser_odometry]: Laser odom [x,y,yaw]=[0.060808 -2.923776 -1.183782]
[rf2o_laser_odometry_node-5] [INFO] [1771096751.995447811] [rf2o_laser_odometry]: Robot-base odom [x,y,yaw]=[0.023065 -2.831172 -1.183782]
[rf2o_laser_odometry_node-5] [WARN] [1771096752.033621671] [rf2o_laser_odometry]: Waiting for laser_scans....
[rf2o_laser_odometry_node-5] [INFO] [1771096752.096183461] [rf2o_laser_odometry]: execution time (ms): 12.000000
[rf2o_laser_odometry_node-5] [INFO] [1771096752.096307211] [rf2o_laser_odometry]: Laser odom [x,y,yaw]=[0.062832 -2.926910 -1.179785]
[rf2o_laser_odometry_node-5] [INFO] [1771096752.096331511] [rf2o_laser_odometry]: Robot-base odom [x,y,yaw]=[0.024719 -2.834458 -1.179785]
[rf2o_laser_odometry_node-5] [WARN] [1771096752.133687541] [rf2o_laser_odometry]: Waiting for laser_scans....
[rf2o_laser_odometry_node-5] [INFO] [1771096752.195274091] [rf2o_laser_odometry]: execution time (ms): 12.000000
[rf2o_laser_odometry_node-5] [INFO] [1771096752.195507281] [rf2o_laser_odometry]: Laser odom [x,y,yaw]=[0.066482 -2.930452 -1.168230]
[rf2o_laser_odometry_node-5] [INFO] [1771096752.195552281] [rf2o_laser_odometry]: Robot-base odom [x,y,yaw]=[0.027304 -2.838447 -1.168230]
[rf2o_laser_odometry_node-5] [WARN] [1771096752.233760431] [rf2o_laser_odometry]: Waiting for laser_scans....
[rf2o_laser_odometry_node-5] [INFO] [1771096752.295940981] [rf2o_laser_odometry]: execution time (ms): 12.000000
[rf2o_laser_odometry_node-5] [INFO] [1771096752.296091371] [rf2o_laser_odometry]: Laser odom [x,y,yaw]=[0.069721 -2.933355 -1.157947]
[rf2o_laser_odometry_node-5] [INFO] [1771096752.296131061] [rf2o_laser_odometry]: Robot-base odom [x,y,yaw]=[0.029599 -2.841757 -1.157947]
[rf2o_laser_odometry_node-5] [WARN] [1771096752.333667271] [rf2o_laser_odometry]: Waiting for laser_scans....
[rf2o_laser_odometry_node-5] [INFO] [1771096752.401497121] [rf2o_laser_odometry]: execution time (ms): 12.000000
[rf2o_laser_odometry_node-5] [INFO] [1771096752.401701691] [rf2o_laser_odometry]: Laser odom [x,y,yaw]=[0.067577 -2.930367 -1.161761]
[rf2o_laser_odometry_node-5] [INFO] [1771096752.401748851] [rf2o_laser_odometry]: Robot-base odom [x,y,yaw]=[0.027804 -2.838616 -1.161761]
[rf2o_laser_odometry_node-5] [WARN] [1771096752.433656011] [rf2o_laser_odometry]: Waiting for laser_scans....
[rf2o_laser_odometry_node-5] [INFO] [1771096752.497170541] [rf2o_laser_odometry]: execution time (ms): 12.000000
[rf2o_laser_odometry_node-5] [INFO] [1771096752.497340911] [rf2o_laser_odometry]: Laser odom [x,y,yaw]=[0.065420 -2.926693 -1.165161]
[rf2o_laser_odometry_node-5] [INFO] [1771096752.497379881] [rf2o_laser_odometry]: Robot-base odom [x,y,yaw]=[0.025960 -2.834808 -1.165161]
[rf2o_laser_odometry_node-5] [WARN] [1771096752.533664911] [rf2o_laser_odometry]: Waiting for laser_scans....
[rf2o_laser_odometry_node-5] [INFO] [1771096752.599631131] [rf2o_laser_odometry]: execution time (ms): 16.000000
[rf2o_laser_odometry_node-5] [INFO] [1771096752.600392981] [rf2o_laser_odometry]: Laser odom [x,y,yaw]=[0.063187 -2.924268 -1.170803]
[rf2o_laser_odometry_node-5] [INFO] [1771096752.600439961] [rf2o_laser_odometry]: Robot-base odom [x,y,yaw]=[0.024246 -2.832162 -1.170803]
[rf2o_laser_odometry_node-5] [WARN] [1771096752.633653291] [rf2o_laser_odometry]: Waiting for laser_scans....
[rf2o_laser_odometry_node-5] [INFO] [1771096752.694488521] [rf2o_laser_odometry]: execution time (ms): 4.000000
[rf2o_laser_odometry_node-5] [INFO] [1771096752.694615241] [rf2o_laser_odometry]: Laser odom [x,y,yaw]=[0.065415 -2.927913 -1.167100]
[rf2o_laser_odometry_node-5] [INFO] [1771096752.694639901] [rf2o_laser_odometry]: Robot-base odom [x,y,yaw]=[0.026133 -2.835951 -1.167100]
[rf2o_laser_odometry_node-5] [WARN] [1771096752.733626101] [rf2o_laser_odometry]: Waiting for laser_scans....
[rf2o_laser_odometry_node-5] [INFO] [1771096752.798039641] [rf2o_laser_odometry]: execution time (ms): 12.000000
[rf2o_laser_odometry_node-5] [INFO] [1771096752.798165461] [rf2o_laser_odometry]: Laser odom [x,y,yaw]=[0.068522 -2.932095 -1.159941]
[rf2o_laser_odometry_node-5] [INFO] [1771096752.798191471] [rf2o_laser_odometry]: Robot-base odom [x,y,yaw]=[0.028583 -2.840417 -1.159941]
[rf2o_laser_odometry_node-5] [WARN] [1771096752.833670371] [rf2o_laser_odometry]: Waiting for laser_scans....
[rf2o_laser_odometry_node-5] [WARN] [1771096752.883650791] [rf2o_laser_odometry]: Waiting for laser_scans....
[rf2o_laser_odometry_node-5] [INFO] [1771096752.953178401] [rf2o_laser_odometry]: execution time (ms): 12.000000
[rf2o_laser_odometry_node-5] [INFO] [1771096752.954107291] [rf2o_laser_odometry]: Laser odom [x,y,yaw]=[0.071773 -2.936066 -1.151561]
[rf2o_laser_odometry_node-5] [INFO] [1771096752.954941411] [rf2o_laser_odometry]: Robot-base odom [x,y,yaw]=[0.031067 -2.844726 -1.151561]
